date,timestamp_utc,block,tx_hash,log_index,source,from,to,rebase_tx_match,steth_raw,steth,eth_usd_feed,eth_usd_roundId,eth_usd,eth_usd_updatedAt,eth_usd_age_s,steth_eth_feed,steth_eth_roundId,steth_eth,steth_eth_updatedAt,steth_eth_age_s,usd,price_flag
2024-01-01,2024-01-01T12:22:35.000000Z,18912553,0x588d3ae5e31dd66788a4e9ac7f677a02c2e7b691dce014a7a6702153ef440e49,15,mint_to_agent,0x0000000000000000000000000000000000000000,0x3e40d73eb977dc6a537af587d48316fee66e9c8c,True,44244769931452980710,44.24476993145298,0x5f4eC3Df9cbd43714FE2740f5E3616155c5b8419,110680464442257319459,2302.94984813,1704110135,1620,0x86392dC19c0b719886221c78AB11eb8Cf5c52812,18446744073709552491,0.9995464223162088,1704065147,46608,101847.26958272507,
2024-01-02,2024-01-02T12:23:59.000000Z,18919675,0xbc986580ef6f425cc4758d58c9c6b3510baef86331097b5d64f27825257415ac,15,mint_to_agent,0x0000000000000000000000000000000000000000,0x3e40d73eb977dc6a537af587d48316fee66e9c8c,True,46077095394181648972,46.077095394181654,0x5f4eC3Df9cbd43714FE2740f5E3616155c5b8419,110680464442257319500,2390.20668257,1704196523,1716,0x86392dC19c0b719886221c78AB11eb8Cf5c52812,18446744073709552492,0.9990219128666264,1704151559,46680,110026.060890125,
2024-01-03,2024-01-03T12:22:23.000000Z,18926799,0x06a828d3b5aaed2decd9fe105ac6a08a81c2a1cc62a12c01be418755ea3e8ba8,18,mint_to_agent,0x0000000000000000000000000000000000000000,0x3e40d73eb977dc6a537af587d48316fee66e9c8c,True,47361860929667062205,47.36186092966707,0x5f4eC3Df9cbd43714FE2740f5E3616155c5b8419,110680464442257319563,2199.2301,1704284531,12,0x86392dC19c0b719886221c78AB11eb8Cf5c52812,18446744073709552493,0.9994052890804024,1704237971,46572,104097.68527910723,
2024-01-04,2024-01-04T12:22:11.000000Z,18933937,0x44e653028cb82a9700fcbd659780324b8ff92bb9d8f7bf8420e5d9d70aecc3aa,15,mint_to_agent,0x0000000000000000000000000000000000000000,0x3e40d73eb977dc6a537af587d48316fee66e9c8c,True,74175162618729625690,74.17516261872963,0x5f4eC3Df9cbd43714FE2740f5E3616155c5b8419,110680464442257319620,2230.55838,1704369323,1608,0x86392dC19c0b719886221c78AB11eb8Cf5c52812,18446744073709552494,0.9995209016302309,1704324383,46548,165372.76276895046,
2024-01-05,2024-01-05T12:22:35.000000Z,18941042,0xba3dde928d40fdfef54b7feb8bacd21ce1e110ab90f54b9a456602c00e52e01a,15,mint_to_agent,0x0000000000000000000000000000000000000000,0x3e40d73eb977dc6a537af587d48316fee66e9c8c,True,49049083058891582471,49.04908305889158,0x5f4eC3Df9cbd43714FE2740f5E3616155c5b8419,110680464442257319673,2244.2021,1704455747,1608,0x86392dC19c0b719886221c78AB11eb8Cf5c52812,18446744073709552495,0.9990519307380481,1704410795,46560,109971.69547942324,
2024-01-06,2024-01-06T12:23:35.000000Z,18948147,0x78ea55ec052ded37132da9239c4fdafbc66f6f70fdc3dcf0924939d4f46f7c84,15,mint_to_agent,0x0000000000000000000000000000000000000000,0x3e40d73eb977dc6a537af587d48316fee66e9c8c,True,45946582462770107510,45.94658246277011,0x5f4eC3Df9cbd43714FE2740f5E3616155c5b8419,110680464442257319713,2238.9,1704542135,1680,0x86392dC19c0b719886221c78AB11eb8Cf5c52812,18446744073709552496,0.9993847757367545,1704497219,46596,102806.51547684234,
2024-01-07,2024-01-07T12:21:35.000000Z,18955169,0xc26c42e83e13eec29f9089d551e6ab627681752514447dcafd249893c891871a,161,mint_to_agent,0x0000000000000000000000000000000000000000,0x3e40d73eb977dc6a537af587d48316fee66e9c8c,True,44101241288917088283,44.10124128891709,0x5f4eC3Df9cbd43714FE2740f5E3616155c5b8419,110680464442257319740,2238.96226,1704628535,1560,0x86392dC19c0b719886221c78AB11eb8Cf5c52812,18446744073709552497,0.9987834991769419,1704583631,46464,98620.89633918619,
2024-01-08,2024-01-08T12:23:59.000000Z,18962276,0x0ea41d247ab64414d03d284677f982e79e9d56124f96e37bbd840c3d3d8bb325,122,mint_to_agent,0x0000000000000000000000000000000000000000,0x3e40d73eb977dc6a537af587d48316fee66e9c8c,True,47520427090370615735,47.52042709037062,0x5f4eC3Df9cbd43714FE2740f5E3616155c5b8419,110680464442257319785,2257.29,1704716363,276,0x86392dC19c0b719886221c78AB11eb8Cf5c52812,18446744073709552498,0.999500663959339,1704670055,46584,107213.82239557125,
2024-01-09,2024-01-09T12:23:47.000000Z,18969381,0x7203a02f349b907683dd17b2f1913846aee63a30ae2f0d85ff0a8a2d5aa49010,46,mint_to_agent,0x0000000000000000000000000000000000000000,0x3e40d73eb977dc6a537af587d48316fee66e9c8c,True,49526370450879798544,49.5263704508798,0x5f4eC3Df9cbd43714FE2740f5E3616155c5b8419,110680464442257319829,2296.1224,1704801323,1704,0x86392dC19c0b719886221c78AB11eb8Cf5c52812,18446744073709552499,0.9996133031303205,1704756467,46560,113674.63395299988,
2024-01-10,2024-01-10T12:23:11.000000Z,18976524,0xca2c2a774331b357b61319426cd241652878bdf25dd24ef3b573ace8ddbcd8cd,15,mint_to_agent,0x0000000000000000000000000000000000000000,0x3e40d73eb977dc6a537af587d48316fee66e9c8c,True,57049581335614602414,57.049581335614604,0x5f4eC3Df9cbd43714FE2740f5E3616155c5b8419,110680464442257319913,2387.1316,1704889391,0,0x86392dC19c0b719886221c78AB11eb8Cf5c52812,18446744073709552500,0.9989827361604893,1704842879,46512,136046.32244110407,
2024-01-11,2024-01-11T12:22:11.000000Z,18983652,0xd18322eb0f875e8694898e4e11c2c000e71aa1f7145e434cc34a95ac11ebf091,46,mint_to_agent,0x0000000000000000000000000000000000000000,0x3e40d73eb977dc6a537af587d48316fee66e9c8c,True,56045555839331018614,56.045555839331016,0x5f4eC3Df9cbd43714FE2740f5E3616155c5b8419,110680464442257320009,2647.66815064,1704975287,444,0x86392dC19c0b719886221c78AB11eb8Cf5c52812,18446744073709552501,0.9991271883980988,1704929303,46428,148260.51663814575,
2024-01-12,2024-01-12T12:22:23.000000Z,18990786,0xcdba3678abe9a61864bbf527d3fba8cca4200b21b0a82122fddbf1d302cb0277,223,mint_to_agent,0x0000000000000000000000000000000000000000,0x3e40d73eb977dc6a537af587d48316fee66e9c8c,True,47416849164817636717,47.416849164817634,0x5f4eC3Df9cbd43714FE2740f5E3616155c5b8419,110680464442257320076,2677.59655245,1705061699,444,0x86392dC19c0b719886221c78AB11eb8Cf5c52812,18446744073709552502,0.9990639208043166,1705015727,46416,126844.34424924738,
2024-01-13,2024-01-13T12:22:11.000000Z,18997940,0xda7dc05d06947a2c5baf0bb6cb62efe6c2cc78d32bcbc73e773deeea7cf226f9,15,mint_to_agent,0x0000000000000000000000000000000000000000,0x3e40d73eb977dc6a537af587d48316fee66e9c8c,True,49614872957095315930,49.614872957095315,0x5f4eC3Df9cbd43714FE2740f5E3616155c5b8419,110680464442257320163,2542.41384182,1705146947,1584,0x86392dC19c0b719886221c78AB11eb8Cf5c52812,18446744073709552503,0.9990480109363156,1705102163,46368,126021.45439992612,
2024-01-14,2024-01-14T12:22:11.000000Z,19005096,0x7773fd16f52d6c7bce71a2cdd1a3db3b196eb6062d7aa2187a4efc1da39c6dc9,15,mint_to_agent,0x0000000000000000000000000000000000000000,0x3e40d73eb977dc6a537af587d48316fee66e9c8c,True,47965141117420087406,47.96514111742009,0x5f4eC3Df9cbd43714FE2740f5E3616155c5b8419,110680464442257320195,2537.68,1705233335,1596,0x86392dC19c0b719886221c78AB11eb8Cf5c52812,18446744073709552504,0.998606242278981,1705188647,46284,121550.53087113627,
2024-01-15,2024-01-15T12:23:23.000000Z,19012257,0x9ac91cc66975954b5468b9f2c3d55d37b4d921fe7697bff07106def56948c03d,15,mint_to_agent,0x0000000000000000000000000000000000000000,0x3e40d73eb977dc6a537af587d48316fee66e9c8c,True,47935661200963839732,47.935661200963835,0x5f4eC3Df9cbd43714FE2740f5E3616155c5b8419,110680464442257320239,2539.3176,1705319747,1656,0x86392dC19c0b719886221c78AB11eb8Cf5c52812,18446744073709552505,0.999545053519253,1705275059,46344,121668.49030980446,
2024-01-16,2024-01-16T12:23:35.000000Z,19019425,0x18db35f17c631f61e43fcc040492383cc83815ba043b1963f3e20a7213e044d0,15,mint_to_agent,0x0000000000000000000000000000000000000000,0x3e40d73eb977dc6a537af587d48316fee66e9c8c,True,51764753605455530079,51.764753605455525,0x5f4eC3Df9cbd43714FE2740f5E3616155c5b8419,110680464442257320275,2527.67490314,1705406135,1680,0x86392dC19c0b719886221c78AB11eb8Cf5c52812,18446744073709552506,0.9994281866697915,1705361471,46344,130769.64994443153,
2024-01-17,2024-01-17T12:23:35.000000Z,19026586,0x6151897e25aafdd23c44c0cf56b4277270c672007a3977f67e88a1a169b7fe99,15,mint_to_agent,0x0000000000000000000000000000000000000000,0x3e40d73eb977dc6a537af587d48316fee66e9c8c,True,50751392197992163802,50.75139219799216,0x5f4eC3Df9cbd43714FE2740f5E3616155c5b8419,110680464442257320312,2541.5391,1705492547,1668,0x86392dC19c0b719886221c78AB11eb8Cf5c52812,18446744073709552507,0.9996271795559258,1705447883,46332,128938.55879137527,
2024-01-18,2024-01-18T12:22:23.000000Z,19033718,0x68fe44b94445c187424f142e192024434e89a39e59d1bbf505184bfbd5b6cacf,53,mint_to_agent,0x0000000000000000000000000000000000000000,0x3e40d73eb977dc6a537af587d48316fee66e9c8c,True,49308901036196647678,49.30890103619665,0x5f4eC3Df9cbd43714FE2740f5E3616155c5b8419,110680464442257320345,2515.06559955,1705578935,1608,0x86392dC19c0b719886221c78AB11eb8Cf5c52812,18446744073709552508,0.999699900733487,1705534319,46224,123977.90390098063,
2024-01-19,2024-01-19T12:22:11.000000Z,19040877,0x98dfa3c90381ccbbcb37c69ccc367a12754455b83246fd31f370a11af2834dca,15,mint_to_agent,0x0000000000000000000000000000000000000000,0x3e40d73eb977dc6a537af587d48316fee66e9c8c,True,64714772887552600383,64.7147728875526,0x5f4eC3Df9cbd43714FE2740f5E3616155c5b8419,110680464442257320383,2487.2382336,1705665335,1596,0x86392dC19c0b719886221c78AB11eb8Cf5c52812,18446744073709552509,0.9993040461084358,1705620731,46200,160849.03593037045,
2024-01-20,2024-01-20T12:23:23.000000Z,19048053,0x31a5515a30a0af29f8efc34b99b27b88a39da38f4b0cfe35a20c59fee60f3f41,15,mint_to_agent,0x0000000000000000000000000000000000000000,0x3e40d73eb977dc6a537af587d48316fee66e9c8c,True,47969719391600273387,47.96971939160027,0x5f4eC3Df9cbd43714FE2740f5E3616155c5b8419,110680464442257320423,2469.89,1705751735,1668,0x86392dC19c0b719886221c78AB11eb8Cf5c52812,18446744073709552510,0.9995869488685711,1705707143,46260,118430.99195888724,
2024-01-21,2024-01-21T12:22:35.000000Z,19055208,0x517819fde30379874a5f49528fd0f77c67fde7e2a224810ec8509595ef819d46,56,mint_to_agent,0x0000000000000000000000000000000000000000,0x3e40d73eb977dc6a537af587d48316fee66e9c8c,True,45192833013831323386,45.19283301383132,0x5f4eC3Df9cbd43714FE2740f5E3616155c5b8419,110680464442257320448,2471.73,1705838123,1632,0x86392dC19c0b719886221c78AB11eb8Cf5c52812,18446744073709552511,0.999411325354754,1705793555,46200,111638.7235494667,
2024-01-22,2024-01-22T12:23:35.000000Z,19062254,0xb94272f830166dff4dfc9f3d509066c43a4a3fe39dcc642696036c1292869562,161,mint_to_agent,0x0000000000000000000000000000000000000000,0x3e40d73eb977dc6a537af587d48316fee66e9c8c,True,45338227960402979887,45.338227960402975,0x5f4eC3Df9cbd43714FE2740f5E3616155c5b8419,110680464442257320485,2373.27620277,1705925567,648,0x86392dC19c0b719886221c78AB11eb8Cf5c52812,18446744073709552512,0.9994939344194582,1705879979,46236,107545.68476813844,
2024-01-23,2024-01-23T12:22:11.000000Z,19069339,0xe71ac8b9f8f7b360f5defd3f6738f8482f8c15f1dd5f6827544bef8b7b4fbd37,15,mint_to_agent,0x0000000000000000000000000000000000000000,0x3e40d73eb977dc6a537af587d48316fee66e9c8c,True,53999162903756387746,53.99916290375639,0x5f4eC3Df9cbd43714FE2740f5E3616155c5b8419,110680464442257320547,2217.08335016,1706011271,1260,0x86392dC19c0b719886221c78AB11eb8Cf5c52812,18446744073709552513,0.9992088740147737,1705966391,46140,119625.93088327102,
2024-01-24,2024-01-24T12:24:59.000000Z,19076479,0x784368f1694bb4394442ab0bd43a69733255098f5b73453db17cefd4908b3a93,15,mint_to_agent,0x0000000000000000000000000000000000000000,0x3e40d73eb977dc6a537af587d48316fee66e9c8c,True,46426529635501841619,46.42652963550184,0x5f4eC3Df9cbd43714FE2740f5E3616155c5b8419,110680464442257320607,2242.98422831,1706097323,1776,0x86392dC19c0b719886221c78AB11eb8Cf5c52812,18446744073709552514,0.999492878937945,1706052803,46296,104081.16521623457,
2024-01-25,2024-01-25T12:22:11.000000Z,19083596,0x064f219d69b72b63625fb3caf15c8c710cb2ff6115cd9f13984637710d115abb,15,mint_to_agent,0x0000000000000000000000000000000000000000,0x3e40d73eb977dc6a537af587d48316fee66e9c8c,True,48093358385684722880,48.09335838568472,0x5f4eC3Df9cbd43714FE2740f5E3616155c5b8419,110680464442257320650,2228.2592,1706183735,1596,0x86392dC19c0b719886221c78AB11eb8Cf5c52812,18446744073709552515,0.9992388496627896,1706139215,46116,107082.90001062947,
2024-01-26,2024-01-26T12:23:23.000000Z,19090752,0x65edc7661ae612b87f46e8e2ae3844236de28140b149fa5491bf7dc42cc33436,15,mint_to_agent,0x0000000000000000000000000000000000000000,0x3e40d73eb977dc6a537af587d48316fee66e9c8c,True,51428174510767543072,51.42817451076755,0x5f4eC3Df9cbd43714FE2740f5E3616155c5b8419,110680464442257320694,2255.8,1706270147,1656,0x86392dC19c0b719886221c78AB11eb8Cf5c52812,18446744073709552516,0.99978878783653,1706225627,46176,115987.17298430075,
2024-01-27,2024-01-27T12:23:11.000000Z,19097889,0x76517c39d07fd6935d2aa8b74e30e57788413740cedcef817b7c1be95c90dd44,15,mint_to_agent,0x0000000000000000000000000000000000000000,0x3e40d73eb977dc6a537af587d48316fee66e9c8c,True,50821897243854395632,50.821897243854394,0x5f4eC3Df9cbd43714FE2740f5E3616155c5b8419,110680464442257320726,2267.28720418,1706356535,1656,0x86392dC19c0b719886221c78AB11eb8Cf5c52812,18446744073709552517,0.9995653722086573,1706312051,46140,115177.75609270927,
2024-01-28,2024-01-28T12:22:35.000000Z,19105007,0x844c92c30a8cd397388bbe1ef1988f0d9131e1fbbdedc28dbc670af961dfaf44,15,mint_to_agent,0x0000000000000000000000000000000000000000,0x3e40d73eb977dc6a537af587d48316fee66e9c8c,True,47049523102727088191,47.049523102727086,0x5f4eC3Df9cbd43714FE2740f5E3616155c5b8419,110680464442257320755,2280.21040965,1706442947,1608,0x86392dC19c0b719886221c78AB11eb8Cf5c52812,18446744073709552518,0.9987854203488546,1706398463,46092,107152.50882711107,
2024-01-29,2024-01-29T12:24:59.000000Z,19112168,0x7ab5603715acd40b65c13d43a54176b7eea784543257bf16edd63cfe7fc4dc42,59,mint_to_agent,0x0000000000000000000000000000000000000000,0x3e40d73eb977dc6a537af587d48316fee66e9c8c,True,45649635436056326893,45.64963543605633,0x5f4eC3Df9cbd43714FE2740f5E3616155c5b8419,110680464442257320786,2262.37691743,1706529347,1752,0x86392dC19c0b719886221c78AB11eb8Cf5c52812,18446744073709552519,0.9996927340939876,1706484887,46212,103244.94809651747,
2024-01-30,2024-01-30T12:22:11.000000Z,19119295,0x4bb1d7fbedbee70adccf29a6bec4fdc7c0427e73b8fc3a770dc245af7d9f3460,52,mint_to_agent,0x0000000000000000000000000000000000000000,0x3e40d73eb977dc6a537af587d48316fee66e9c8c,True,48231548310156621374,48.231548310156626,0x5f4eC3Df9cbd43714FE2740f5E3616155c5b8419,110680464442257320823,2328.2206,1706617223,108,0x86392dC19c0b719886221c78AB11eb8Cf5c52812,18446744073709552520,0.99959978337907,1706571323,46008,112248.74254670128,
2024-01-31,2024-01-31T12:23:35.000000Z,19126439,0x9dc012530dcd1f3b1f94a4a5740187b16ca0381f601005d65dd8ffaa68cbb92a,67,mint_to_agent,0x0000000000000000000000000000000000000000,0x3e40d73eb977dc6a537af587d48316fee66e9c8c,True,50177022383015674453,50.177022383015675,0x5f4eC3Df9cbd43714FE2740f5E3616155c5b8419,110680464442257320866,2295.8275647,1706702147,1668,0x86392dC19c0b719886221c78AB11eb8Cf5c52812,18446744073709552521,0.999616150741406,1706657747,46068,115153.5725147903,
2024-02-01,2024-02-01T12:21:35.000000Z,19133551,0x406f1e0feb4259f667ef0ae2270933b2249fe8bd35f1eec36b8f15e987ee6e32,15,mint_to_agent,0x0000000000000000000000000000000000000000,0x3e40d73eb977dc6a537af587d48316fee66e9c8c,True,50162650672123123334,50.16265067212313,0x5f4eC3Df9cbd43714FE2740f5E3616155c5b8419,110680464442257320906,2264.39619254,1706788535,1560,0x86392dC19c0b719886221c78AB11eb8Cf5c52812,18446744073709552522,0.9987746476462844,1706744159,45936,113448.9297253679,
2024-02-02,2024-02-02T12:24:47.000000Z,19140693,0x8235c55ee3e43973710fbad71934c29e1b635e346e22a3923f3760d2c8d0b759,15,mint_to_agent,0x0000000000000000000000000000000000000000,0x3e40d73eb977dc6a537af587d48316fee66e9c8c,True,48196065449100714289,48.196065449100715,0x5f4eC3Df9cbd43714FE2740f5E3616155c5b8419,110680464442257320940,2316.76304495,1706874947,1740,0x86392dC19c0b719886221c78AB11eb8Cf5c52812,18446744073709552523,1.0046264356450543,1706798363,78324,112175.44588993117,
2024-02-03,2024-02-03T12:21:47.000000Z,19147799,0x53d09e409a9f1affd74cf3ca3c536fa900dd78dd8fff5ac0ed1c1aa21d690dba,15,mint_to_agent,0x0000000000000000000000000000000000000000,0x3e40d73eb977dc6a537af587d48316fee66e9c8c,True,50571297811427936885,50.57129781142793,0x5f4eC3Df9cbd43714FE2740f5E3616155c5b8419,110680464442257320973,2302.9562216,1706961323,1584,0x86392dC19c0b719886221c78AB11eb8Cf5c52812,18446744073709552524,1.0013459024457354,1706884775,78132,116620.2334184195,
2024-02-04,2024-02-04T12:25:11.000000Z,19154933,0xe54e20c06303a975264af1b0c0b48f5dd9d810e25a0c911acaa3fe51dd8ae80d,15,mint_to_agent,0x0000000000000000000000000000000000000000,0x3e40d73eb977dc6a537af587d48316fee66e9c8c,True,44515063056702939026,44.51506305670294,0x5f4eC3Df9cbd43714FE2740f5E3616155c5b8419,110680464442257321001,2306.39202206,1707047735,1776,0x86392dC19c0b719886221c78AB11eb8Cf5c52812,18446744073709552525,1.0004499843041812,1706971199,78312,102715.3858178335,
2024-02-05,2024-02-05T12:23:23.000000Z,19162045,0x71eb6c994ba206d35e9625c0139a94e85665fb2ac7a5ac3d2c346bc9f5a9de40,15,mint_to_agent,0x0000000000000000000000000000000000000000,0x3e40d73eb977dc6a537af587d48316fee66e9c8c,True,44029459009720961354,44.02945900972096,0x5f4eC3Df9cbd43714FE2740f5E3616155c5b8419,110680464442257321035,2325.24726987,1707134123,1680,0x86392dC19c0b719886221c78AB11eb8Cf5c52812,18446744073709552526,1.0003856192502116,1707057611,78192,102418.85881571121,
2024-02-06,2024-02-06T12:22:47.000000Z,19169172,0x5c056a7f36e2c15c47c839ed0a8690d2de0916c8ef734da31a977431c46dbd13,15,mint_to_agent,0x0000000000000000000000000000000000000000,0x3e40d73eb977dc6a537af587d48316fee66e9c8c,True,47852440795706511506,47.852440795706514,0x5f4eC3Df9cbd43714FE2740f5E3616155c5b8419,110680464442257321066,2322.90874636,1707220523,1644,0x86392dC19c0b719886221c78AB11eb8Cf5c52812,18446744073709552527,1.00039999836168,1707144011,78156,111201.31581821384,
2024-02-07,2024-02-07T12:22:11.000000Z,19176285,0x7795caab60a5259902ab7875ad4533814e761e7bbb6b6acd81a4458d8139fedf,15,mint_to_agent,0x0000000000000000000000000000000000000000,0x3e40d73eb977dc6a537af587d48316fee66e9c8c,True,49772690868233700331,49.7726908682337,0x5f4eC3Df9cbd43714FE2740f5E3616155c5b8419,110680464442257321104,2358.65936674,1707306935,1596,0x86392dC19c0b719886221c78AB11eb8Cf5c52812,18446744073709552528,0.9996665741294358,1707230435,78096,117357.68038612886,
2024-02-08,2024-02-08T12:21:59.000000Z,19183417,0x9ca6a5bda1d982c871c74c6603c7c96d1559140bd69a64b692b59b2fc1a91293,15,mint_to_agent,0x0000000000000000000000000000000000000000,0x3e40d73eb977dc6a537af587d48316fee66e9c8c,True,54960172964863949429,54.96017296486395,0x5f4eC3Df9cbd43714FE2740f5E3616155c5b8419,110680464442257321135,2422.67800058,1707393347,1572,0x86392dC19c0b719886221c78AB11eb8Cf5c52812,18446744073709552529,1.0003741682157812,1707316847,78072,133200.62274804307,
2024-02-09,2024-02-09T12:22:35.000000Z,19190540,0x5e2714173292e546b41c4869894c43dc08e171c6e2cefdf4445a8a776946690f,44,mint_to_agent,0x0000000000000000000000000000000000000000,0x3e40d73eb977dc6a537af587d48316fee66e9c8c,True,56550718492618795504,56.55071849261879,0x5f4eC3Df9cbd43714FE2740f5E3616155c5b8419,110680464442257321173,2518.67,1707480515,840,0x86392dC19c0b719886221c78AB11eb8Cf5c52812,18446744073709552530,1.001306217234595,1707403259,78096,142618.64606027037,
2024-02-10,2024-02-10T12:25:23.000000Z,19197695,0xeba890c3babb88279e3ef5009c62dc2b771d67f02298d5b07eeb676fe7a33771,21,mint_to_agent,0x0000000000000000000000000000000000000000,0x3e40d73eb977dc6a537af587d48316fee66e9c8c,True,53198474793283027204,53.198474793283026,0x5f4eC3Df9cbd43714FE2740f5E3616155c5b8419,110680464442257321208,2483.6038,1707566135,1788,0x86392dC19c0b719886221c78AB11eb8Cf5c52812,18446744073709552531,1.0010112397901616,1707489671,78252,132257.5431302479,
2024-02-11,2024-02-11T12:23:23.000000Z,19204795,0xaad954288531dd96d6da78cb65aacc03fe747f624f2805895905e9a2fcf6b412,15,mint_to_agent,0x0000000000000000000000000000000000000000,0x3e40d73eb977dc6a537af587d48316fee66e9c8c,True,48810309325721686575,48.81030932572169,0x5f4eC3Df9cbd43714FE2740f5E3616155c5b8419,110680464442257321238,2528.9,1707652523,1680,0x86392dC19c0b719886221c78AB11eb8Cf5c52812,18446744073709552532,0.9998652408132657,1707576095,78108,123419.75706611881,
2024-02-12,2024-02-12T12:21:59.000000Z,19211914,0xe3302401543472654948405397fc574a32d32cc591be4acf8595f997176d88cc,15,mint_to_agent,0x0000000000000000000000000000000000000000,0x3e40d73eb977dc6a537af587d48316fee66e9c8c,True,49097607230137516162,49.09760723013751,0x5f4eC3Df9cbd43714FE2740f5E3616155c5b8419,110680464442257321268,2485.3909,1707738947,1572,0x86392dC19c0b719886221c78AB11eb8Cf5c52812,18446744073709552533,1.0001640797743598,1707662519,78000,122046.76834254386,
2024-02-13,2024-02-13T12:23:11.000000Z,19219065,0xa9436b01bb19d69a804037fa82a8a5abdac731514cecc4e0f1ad25ec26d66e14,88,mint_to_agent,0x0000000000000000000000000000000000000000,0x3e40d73eb977dc6a537af587d48316fee66e9c8c,True,62811417846207094854,62.81141784620709,0x5f4eC3Df9cbd43714FE2740f5E3616155c5b8419,110680464442257321317,2683.25984,1707825323,1668,0x86392dC19c0b719886221c78AB11eb8Cf5c52812,18446744073709552534,0.999699884421046,1707748943,78048,168488.77371408438,
2024-02-14,2024-02-14T12:22:11.000000Z,19226178,0xdd334616de2e694c9f8d9b3b2401d6a0f9dd3820fe0343adffa383bff5202d3b,15,mint_to_agent,0x0000000000000000000000000000000000000000,0x3e40d73eb977dc6a537af587d48316fee66e9c8c,True,52473989423415123631,52.47398942341513,0x5f4eC3Df9cbd43714FE2740f5E3616155c5b8419,110680464442257321378,2752.58836058,1707911747,1584,0x86392dC19c0b719886221c78AB11eb8Cf5c52812,18446744073709552535,0.9990929706338865,1707835355,77976,144308.28184015412,
2024-02-15,2024-02-15T12:21:59.000000Z,19233298,0xd76601b3f19b4704b8a012633f807b595570c71704d046ca1af70c91fbad751c,15,mint_to_agent,0x0000000000000000000000000000000000000000,0x3e40d73eb977dc6a537af587d48316fee66e9c8c,True,48556184256739557496,48.556184256739556,0x5f4eC3Df9cbd43714FE2740f5E3616155c5b8419,110680464442257321427,2791.21702,1707998135,1584,0x86392dC19c0b719886221c78AB11eb8Cf5c52812,18446744073709552536,0.9995374325647162,1707921791,77928,135468.1557669416,
2024-02-16,2024-02-16T12:23:23.000000Z,19240437,0x1e1491082c850fb591a0375160f115272a0ef7317d169c04a4ac7aa1f85d4b91,15,mint_to_agent,0x0000000000000000000000000000000000000000,0x3e40d73eb977dc6a537af587d48316fee66e9c8c,True,56137470091594853277,56.13747009159485,0x5f4eC3Df9cbd43714FE2740f5E3616155c5b8419,110680464442257321484,2823.34,1708084547,1656,0x86392dC19c0b719886221c78AB11eb8Cf5c52812,18446744073709552537,0.999699926843282,1708008239,77964,158447.6046639748,
2024-02-17,2024-02-17T12:22:23.000000Z,19247550,0x1a68e70c953c9995daf41b30d4c9f497400791dbc5d649ce0f1f18e8f6f52b4e,15,mint_to_agent,0x0000000000000000000000000000000000000000,0x3e40d73eb977dc6a537af587d48316fee66e9c8c,True,46479445018300926488,46.47944501830092,0x5f4eC3Df9cbd43714FE2740f5E3616155c5b8419,110680464442257321527,2783.3319,1708170947,1596,0x86392dC19c0b719886221c78AB11eb8Cf5c52812,18446744073709552538,0.9997864542920543,1708094651,77892,129340.09609195028,
2024-02-18,2024-02-18T12:23:11.000000Z,19254665,0xd6175cee1336a9fb50172b58b466c4cca06c616dbdc93d0498ba425c7e9801f7,15,mint_to_agent,0x0000000000000000000000000000000000000000,0x3e40d73eb977dc6a537af587d48316fee66e9c8c,True,46467599283855157007,46.46759928385516,0x5f4eC3Df9cbd43714FE2740f5E3616155c5b8419,110680464442257321564,2802.96525522,1708257323,1668,0x86392dC19c0b719886221c78AB11eb8Cf5c52812,18446744073709552539,0.999599998787617,1708181063,77928,130194.96730170798,
2024-02-19,2024-02-19T12:25:59.000000Z,19261768,0xb42635621b2677c0bf7d03762a70d59038090a10d33756b75d4d9eddd19ac44d,79,mint_to_agent,0x0000000000000000000000000000000000000000,0x3e40d73eb977dc6a537af587d48316fee66e9c8c,True,48562242347403618545,48.56224234740362,0x5f4eC3Df9cbd43714FE2740f5E3616155c5b8419,110680464442257321603,2914.99654877,1708343723,1836,0x86392dC19c0b719886221c78AB11eb8Cf5c52812,18446744073709552540,0.9994985807365527,1708267475,78084,141487.78854960602,
2024-02-20,2024-02-20T12:26:47.000000Z,19268909,0x454115eec61e6a911cc6c46c1c8e4f364512bc6a48f57e01b69c34b09d168c4e,15,mint_to_agent,0x0000000000000000000000000000000000000000,0x3e40d73eb977dc6a537af587d48316fee66e9c8c,True,49993278391756779866,49.99327839175678,0x5f4eC3Df9cbd43714FE2740f5E3616155c5b8419,110680464442257321655,2950.74617,1708431683,324,0x86392dC19c0b719886221c78AB11eb8Cf5c52812,18446744073709552541,0.999428031927881,1708353887,78120,147433.09945458904,
2024-02-21,2024-02-21T12:24:35.000000Z,19276014,0xfcf4097cc6b61801e5c9f3a11f16e1d7f7fa76921d182e8b0c4ff88c1a6b5b3f,15,mint_to_agent,0x0000000000000000000000000000000000000000,0x3e40d73eb977dc6a537af587d48316fee66e9c8c,True,51604782096802679556,51.60478209680268,0x5f4eC3Df9cbd43714FE2740f5E3616155c5b8419,110680464442257321718,2910.74767442,1708518023,252,0x86392dC19c0b719886221c78AB11eb8Cf5c52812,18446744073709552542,0.999299989191018,1708440299,77976,150103.35190398424,
2024-02-22,2024-02-22T12:22:11.000000Z,19283119,0xd526936eb37ae1f5f4ed39d9edeaaa52759a5d0607bae742c8e2db6d7e65521e,21,mint_to_agent,0x0000000000000000000000000000000000000000,0x3e40d73eb977dc6a537af587d48316fee66e9c8c,True,51685132527896635228,51.685132527896634,0x5f4eC3Df9cbd43714FE2740f5E3616155c5b8419,110680464442257321779,2990.80931,1708602935,1596,0x86392dC19c0b719886221c78AB11eb8Cf5c52812,18446744073709552544,0.9993479456791979,1708526987,77544,154479.58075122655,
2024-02-23,2024-02-23T12:22:23.000000Z,19290261,0xf275e4e92137cbe0a1f5b90452dc7c97924b09c833d1692045e273408bbb2bc4,15,mint_to_agent,0x0000000000000000000000000000000000000000,0x3e40d73eb977dc6a537af587d48316fee66e9c8c,True,50882564608856067647,50.882564608856065,0x5f4eC3Df9cbd43714FE2740f5E3616155c5b8419,110680464442257321831,2939.70527866,1708689719,1224,0x86392dC19c0b719886221c78AB11eb8Cf5c52812,18446744073709552545,0.9993448432241276,1708613399,77544,149481.74558974695,
2024-02-24,2024-02-24T12:22:23.000000Z,19297418,0xd004f114793fdaf6f6d52cc33900b221fa14564cbd5ce030604e5b7eecb50d1b,85,mint_to_agent,0x0000000000000000000000000000000000000000,0x3e40d73eb977dc6a537af587d48316fee66e9c8c,True,51637309709645032357,51.63730970964503,0x5f4eC3Df9cbd43714FE2740f5E3616155c5b8419,110680464442257321870,2963.0687,1708775723,1620,0x86392dC19c0b719886221c78AB11eb8Cf5c52812,18446744073709552546,0.9992888991211016,1708699835,77508,152896.0942367252,
2024-02-25,2024-02-25T12:23:47.000000Z,19304573,0x69c1cffcd96e047e566e3a4316bb8838ece66f094e2e8a0ec590fd4c8c2da2cd,15,mint_to_agent,0x0000000000000000000000000000000000000000,0x3e40d73eb977dc6a537af587d48316fee66e9c8c,True,46891193378079981350,46.89119337807998,0x5f4eC3Df9cbd43714FE2740f5E3616155c5b8419,110680464442257321902,3037.6,1708862147,1680,0x86392dC19c0b719886221c78AB11eb8Cf5c52812,18446744073709552547,0.9994579473908172,1708786247,77580,142359.4808263371,
2024-02-26,2024-02-26T12:24:35.000000Z,19311724,0xa447c46e9d45c9c147b9bdbe231c8005e4ac5987c67bfa85d09b0a9fedaae91f,15,mint_to_agent,0x0000000000000000000000000000000000000000,0x3e40d73eb977dc6a537af587d48316fee66e9c8c,True,48563296359591095937,48.56329635959109,0x5f4eC3Df9cbd43714FE2740f5E3616155c5b8419,110680464442257321943,3039.61,1708950155,120,0x86392dC19c0b719886221c78AB11eb8Cf5c52812,18446744073709552548,0.9994409522182861,1708872659,77616,147530.95825833417,
2024-02-27,2024-02-27T12:22:47.000000Z,19318861,0xe7ba4826e228f259657b5a601663b32dfb6f347ef113fa678f2f5e29fdc4cfd8,15,mint_to_agent,0x0000000000000000000000000000000000000000,0x3e40d73eb977dc6a537af587d48316fee66e9c8c,True,51792710533036439740,51.79271053303644,0x5f4eC3Df9cbd43714FE2740f5E3616155c5b8419,110680464442257321993,3254.64872493,1709034935,1632,0x86392dC19c0b719886221c78AB11eb8Cf5c52812,18446744073709552549,0.9992737097372765,1708959071,77496,168444.65066870648,
2024-02-28,2024-02-28T12:25:47.000000Z,19326016,0x03ea4cd04b092cce0043dcd53a06cad9339e88e9b18bda970ed1346a15af0a39,15,mint_to_agent,0x0000000000000000000000000000000000000000,0x3e40d73eb977dc6a537af587d48316fee66e9c8c,True,51044464904046333130,51.04446490404633,0x5f4eC3Df9cbd43714FE2740f5E3616155c5b8419,110680464442257322048,3305.24170791,1709121347,1800,0x86392dC19c0b719886221c78AB11eb8Cf5c52812,18446744073709552550,0.9993194814893926,1709045495,77652,168599.48115848692,
2024-02-29,2024-02-29T12:23:47.000000Z,19333148,0x2e9269b88ac72783e4ee3ba2f483bfc7def542be5a252ab14c70e4800fbfdbb7,15,mint_to_agent,0x0000000000000000000000000000000000000000,0x3e40d73eb977dc6a537af587d48316fee66e9c8c,True,55265800282117172716,55.26580028211717,0x5f4eC3Df9cbd43714FE2740f5E3616155c5b8419,110680464442257322150,3471.7533,1709208395,1032,0x86392dC19c0b719886221c78AB11eb8Cf5c52812,18446744073709552551,0.9991190481346137,1709131907,77520,191700.1969553419,
2024-03-01,2024-03-01T12:21:59.000000Z,19340292,0x73a2702e8d5041d352e7ec3981da20961c87f69009be643920907620d72286ff,831,mint_to_agent,0x0000000000000000000000000000000000000000,0x3e40d73eb977dc6a537af587d48316fee66e9c8c,True,49914414752420048847,49.91441475242004,0x5f4eC3Df9cbd43714FE2740f5E3616155c5b8419,110680464442257322212,3415.66,1709294147,1572,0x86392dC19c0b719886221c78AB11eb8Cf5c52812,18446744073709552552,0.9990029567385382,1709218331,77388,170320.68331969186,
2024-03-02,2024-03-02T12:22:47.000000Z,19347453,0xac35e7d2979fc69d5c2eed47f010d08ec9189f0b1b8c9b4b8b9f0672791e0971,63,mint_to_agent,0x0000000000000000000000000000000000000000,0x3e40d73eb977dc6a537af587d48316fee66e9c8c,True,52213303016976225550,52.213303016976226,0x5f4eC3Df9cbd43714FE2740f5E3616155c5b8419,110680464442257322250,3413.65,1709380535,1632,0x86392dC19c0b719886221c78AB11eb8Cf5c52812,18446744073709552553,0.9993115092206563,1709304755,77412,178115.22666441218,
2024-03-03,2024-03-03T12:21:47.000000Z,19354611,0xd9144326880b49d22a6c4f8ea718243894c340b595cbb1f81726f7259bb2c499,15,mint_to_agent,0x0000000000000000000000000000000000000000,0x3e40d73eb977dc6a537af587d48316fee66e9c8c,True,49227153216507660575,49.22715321650766,0x5f4eC3Df9cbd43714FE2740f5E3616155c5b8419,110680464442257322285,3431.00568,1709467847,660,0x86392dC19c0b719886221c78AB11eb8Cf5c52812,18446744073709552554,0.9984839230502276,1709391179,77328,168642.57895763512,
2024-03-04,2024-03-04T12:22:23.000000Z,19361768,0xdee1fc5f4072059b6e2dcd640976db9345b2f928027e7a8535209fec0d65ff57,97,mint_to_agent,0x0000000000000000000000000000000000000000,0x3e40d73eb977dc6a537af587d48316fee66e9c8c,True,51642090448863445693,51.64209044886344,0x5f4eC3Df9cbd43714FE2740f5E3616155c5b8419,110680464442257322335,3505.84,1709553335,1608,0x86392dC19c0b719886221c78AB11eb8Cf5c52812,18446744073709552555,0.9990529163308615,1709477591,77352,180877.43791669625,
2024-03-05,2024-03-05T12:22:35.000000Z,19368936,0x77ea4fa28926440b233ae937301024822d5696f3cff8097b9c6f4bb5c7395ce3,15,mint_to_agent,0x0000000000000000000000000000000000000000,0x3e40d73eb977dc6a537af587d48316fee66e9c8c,True,57451815456047198253,57.4518154560472,0x5f4eC3Df9cbd43714FE2740f5E3616155c5b8419,110680464442257322404,3760.8,1709640719,636,0x86392dC19c0b719886221c78AB11eb8Cf5c52812,18446744073709552556,0.9987917102496282,1709564003,77352,215803.71869886873,
2024-03-06,2024-03-06T12:23:47.000000Z,19376108,0x3781f1641eb8552eb72d589082b3e774cf1f1406c0b7ceac744027bbcdfe4a18,15,mint_to_agent,0x0000000000000000000000000000000000000000,0x3e40d73eb977dc6a537af587d48316fee66e9c8c,True,61805055070018381440,61.805055070018376,0x5f4eC3Df9cbd43714FE2740f5E3616155c5b8419,110680464442257322557,3872.92,1709727263,564,0x86392dC19c0b719886221c78AB11eb8Cf5c52812,18446744073709552557,0.9988,1709650415,77412,239078.79464111745,
2024-03-07,2024-03-07T12:22:47.000000Z,19383266,0x20a41e9285614a53a8902001b4af10ae1ff47a2266cf8557bdd8be6ab1d604d5,51,mint_to_agent,0x0000000000000000000000000000000000000000,0x3e40d73eb977dc6a537af587d48316fee66e9c8c,True,58045862651374222653,58.04586265137422,0x5f4eC3Df9cbd43714FE2740f5E3616155c5b8419,110680464442257322632,3782.92,1709812607,1560,0x86392dC19c0b719886221c78AB11eb8Cf5c52812,18446744073709552558,0.9997328168398352,1709736827,77340,219524.18590008884,
2024-03-08,2024-03-08T12:25:47.000000Z,19390436,0xb4dfea3315ca482e14df9530cb577469342facbdae1fb8791cbc8f7575537b78,15,mint_to_agent,0x0000000000000000000000000000000000000000,0x3e40d73eb977dc6a537af587d48316fee66e9c8c,True,52719569178252247724,52.71956917825225,0x5f4eC3Df9cbd43714FE2740f5E3616155c5b8419,110680464442257322687,3951.79825582,1709898935,1812,0x86392dC19c0b719886221c78AB11eb8Cf5c52812,18446744073709552559,0.9992125816763683,1709823239,77508,208173.05307496502,
2024-03-09,2024-03-09T12:21:59.000000Z,19397508,0xce31458ca5c4a51376c1e16bd45def04dad00e994cc9034363f752e0ff63eb3b,15,mint_to_agent,0x0000000000000000000000000000000000000000,0x3e40d73eb977dc6a537af587d48316fee66e9c8c,True,52681171934750605165,52.68117193475061,0x5f4eC3Df9cbd43714FE2740f5E3616155c5b8419,110680464442257322740,3919.07,1709985335,1584,0x86392dC19c0b719886221c78AB11eb8Cf5c52812,18446744073709552560,0.9983118737908433,1709909651,77268,206112.66793059467,
2024-03-10,2024-03-10T12:22:11.000000Z,19404661,0xe016e65a7e9c11569fcb7e32fca3d082d6d193ba06df8d3721d685d1edc14a86,15,mint_to_agent,0x0000000000000000000000000000000000000000,0x3e40d73eb977dc6a537af587d48316fee66e9c8c,True,50931949421805757730,50.931949421805754,0x5f4eC3Df9cbd43714FE2740f5E3616155c5b8419,110680464442257322770,3942.369,1710071747,1584,0x86392dC19c0b719886221c78AB11eb8Cf5c52812,18446744073709552561,0.9990507313242094,1709996075,77256,200601.93244295483,
2024-03-11,2024-03-11T12:23:35.000000Z,19411833,0xd7f4123f2be69779168746d859f80864d075a63cc4ccb28120631c59d0537f03,86,mint_to_agent,0x0000000000000000000000000000000000000000,0x3e40d73eb977dc6a537af587d48316fee66e9c8c,True,53717142757740618455,53.71714275774062,0x5f4eC3Df9cbd43714FE2740f5E3616155c5b8419,110680464442257322829,4034.93,1710158135,1680,0x86392dC19c0b719886221c78AB11eb8Cf5c52812,18446744073709552562,0.9986981998159856,1710082499,77316,216462.75226269095,
2024-03-12,2024-03-12T12:22:11.000000Z,19418968,0x4482dc993c7bbc1258bf511c4c5cdc1d3351123b87d782070f613804f50d1ee4,15,mint_to_agent,0x0000000000000000000000000000000000000000,0x3e40d73eb977dc6a537af587d48316fee66e9c8c,True,54868577558874204293,54.8685775588742,0x5f4eC3Df9cbd43714FE2740f5E3616155c5b8419,110680464442257322874,4000.71,1710245747,384,0x86392dC19c0b719886221c78AB11eb8Cf5c52812,18446744073709552563,0.9987503409262157,1710168971,77160,219238.95017973403,
2024-03-13,2024-03-13T12:21:59.000000Z,19426121,0xbcd2fb2d88c7d172c342d9e11efd28c23361b4f8c0ecbfc0c0c9048ef7eee5c8,52,mint_to_agent,0x0000000000000000000000000000000000000000,0x3e40d73eb977dc6a537af587d48316fee66e9c8c,True,54405299007785580207,54.40529900778558,0x5f4eC3Df9cbd43714FE2740f5E3616155c5b8419,110680464442257322935,4053.07,1710330935,1584,0x86392dC19c0b719886221c78AB11eb8Cf5c52812,18446744073709552564,0.9987181584844784,1710255395,77124,220225.82831856792,
2024-03-14,2024-03-14T12:27:23.000000Z,19433243,0x18609d2eb00406a30ad26184115a51c11b01fa56f1f14c0a39ecbac818113610,15,mint_to_agent,0x0000000000000000000000000000000000000000,0x3e40d73eb977dc6a537af587d48316fee66e9c8c,True,51343066510927916042,51.34306651092791,0x5f4eC3Df9cbd43714FE2740f5E3616155c5b8419,110680464442257322988,3929.93,1710419039,204,0x86392dC19c0b719886221c78AB11eb8Cf5c52812,18446744073709552565,0.998503862444197,1710341807,77436,201472.77473058546,
2024-03-15,2024-03-15T12:30:47.000000Z,19440360,0x569556dd4694408de8c8c0a164f4ace48273227c156b42969cd75034063f0907,15,mint_to_agent,0x0000000000000000000000000000000000000000,0x3e40d73eb977dc6a537af587d48316fee66e9c8c,True,54968611520391409162,54.968611520391406,0x5f4eC3Df9cbd43714FE2740f5E3616155c5b8419,110680464442257323111,3695.613552,1710505607,240,0x86392dC19c0b719886221c78AB11eb8Cf5c52812,18446744073709552566,0.9989805505584806,1710428243,77604,202935.6519107604,
2024-03-16,2024-03-16T12:44:59.000000Z,19447539,0xb8eb4c85682691e9cb9e3fd0dcd35d61b7060959bea821e1985e3d695713ca11,15,mint_to_agent,0x0000000000000000000000000000000000000000,0x3e40d73eb977dc6a537af587d48316fee66e9c8c,True,47366204578874820915,47.36620457887482,0x5f4eC3Df9cbd43714FE2740f5E3616155c5b8419,110680464442257323180,3693.76,1710590123,2976,0x86392dC19c0b719886221c78AB11eb8Cf5c52812,18446744073709552567,0.9980636541457609,1710514667,78432,174620.60993224362,
2024-03-17,2024-03-17T12:23:47.000000Z,19454542,0x21541fe80e0f7f21e9186046fd86bbf53643bef83c9809f6f5d87df2730824a6,15,mint_to_agent,0x0000000000000000000000000000000000000000,0x3e40d73eb977dc6a537af587d48316fee66e9c8c,True,49210418664666420664,49.21041866466642,0x5f4eC3Df9cbd43714FE2740f5E3616155c5b8419,110680464442257323263,3578.9,1710676535,1692,0x86392dC19c0b719886221c78AB11eb8Cf5c52812,18446744073709552568,0.9986344451571848,1710601103,77124,175878.66697707502,
2024-03-18,2024-03-18T12:25:35.000000Z,19461669,0x20d7229be5c6668b7a63b812d151ad8a5eba314297f09f3149783e704297370e,15,mint_to_agent,0x0000000000000000000000000000000000000000,0x3e40d73eb977dc6a537af587d48316fee66e9c8c,True,46330119358389998893,46.33011935839,0x5f4eC3Df9cbd43714FE2740f5E3616155c5b8419,110680464442257323326,3577.96,1710764591,144,0x86392dC19c0b719886221c78AB11eb8Cf5c52812,18446744073709552569,0.9986863991625877,1710687527,77208,165549.5617772436,
2024-03-19,2024-03-19T12:23:59.000000Z,19468773,0x4522c61c02560c7cd6596df05d599ee5a29234c69d9c32bc8e25296591eb4bd9,15,mint_to_agent,0x0000000000000000000000000000000000000000,0x3e40d73eb977dc6a537af587d48316fee66e9c8c,True,58588500128908962077,58.58850012890896,0x5f4eC3Df9cbd43714FE2740f5E3616155c5b8419,110680464442257323447,3258.14237,1710850703,336,0x86392dC19c0b719886221c78AB11eb8Cf5c52812,18446744073709552570,0.9985546621945081,1710773939,77100,190613.77460127772,
2024-03-20,2024-03-20T12:23:35.000000Z,19475885,0x934bbf16b838960db7af882be90bbbf9388d16cbd4b21574feef2548b316bcdf,28,mint_to_agent,0x0000000000000000000000000000000000000000,0x3e40d73eb977dc6a537af587d48316fee66e9c8c,True,50546568352210161797,50.546568352210166,0x5f4eC3Df9cbd43714FE2740f5E3616155c5b8419,110680464442257323570,3340.97,1710937403,12,0x86392dC19c0b719886221c78AB11eb8Cf5c52812,18446744073709552571,0.9988188271095172,1710860351,77064,168675.09840551758,
2024-03-21,2024-03-21T12:22:59.000000Z,19483012,0x075284854d7b8eb7dd683c6fae8eb9dcd3263f0cdaf7880343f0990f07a7ab04,15,mint_to_agent,0x0000000000000000000000000000000000000000,0x3e40d73eb977dc6a537af587d48316fee66e9c8c,True,50507202641396391989,50.50720264139639,0x5f4eC3Df9cbd43714FE2740f5E3616155c5b8419,110680464442257323680,3532.35115774,1711022123,1656,0x86392dC19c0b719886221c78AB11eb8Cf5c52812,18446744073709552572,0.9995666425951186,1710946763,77016,178331.86078714632,
2024-03-22,2024-03-22T12:25:23.000000Z,19490148,0x9d04bb2afb1004155bafd54cca5c9de1ec801ea51370e9ec9a27c1cce6a0c636,15,mint_to_agent,0x0000000000000000000000000000000000000000,0x3e40d73eb977dc6a537af587d48316fee66e9c8c,True,47609922389723720185,47.60992238972372,0x5f4eC3Df9cbd43714FE2740f5E3616155c5b8419,110680464442257323755,3410.2542385,1711109195,1128,0x86392dC19c0b719886221c78AB11eb8Cf5c52812,18446744073709552573,0.9985834235349693,1711033175,77148,162131.941521723,
2024-03-23,2024-03-23T12:24:23.000000Z,19497279,0x26447685ff07ef5324a910201f0ef62b172d1295df96cdb63804bac2e3cc9074,15,mint_to_agent,0x0000000000000000000000000000000000000000,0x3e40d73eb977dc6a537af587d48316fee66e9c8c,True,49127106122912689730,49.127106122912686,0x5f4eC3Df9cbd43714FE2740f5E3616155c5b8419,110680464442257323840,3360.34,1711194947,1716,0x86392dC19c0b719886221c78AB11eb8Cf5c52812,18446744073709552574,0.9980470972983623,1711119611,77052,164761.3872295218,
2024-03-24,2024-03-24T12:24:23.000000Z,19504382,0x0a80282625c00aaa5b224011b35c3ac56783e62b2f7d55fc1550a0945245a8a7,15,mint_to_agent,0x0000000000000000000000000000000000000000,0x3e40d73eb977dc6a537af587d48316fee66e9c8c,True,44263502240303938533,44.26350224030394,0x5f4eC3Df9cbd43714FE2740f5E3616155c5b8419,110680464442257323886,3379.73,1711282523,540,0x86392dC19c0b719886221c78AB11eb8Cf5c52812,18446744073709552575,0.9979037481028735,1711206035,77028,149285.089896393,
2024-03-25,2024-03-25T12:22:47.000000Z,19511466,0x38d2521daa86025694103bcd1e62f21cd235047dc57a87bbf4c1d793ffd3ea92,15,mint_to_agent,0x0000000000000000000000000000000000000000,0x3e40d73eb977dc6a537af587d48316fee66e9c8c,True,45444013758087161072,45.44401375808716,0x5f4eC3Df9cbd43714FE2740f5E3616155c5b8419,110680464442257323935,3435.69362,1711367735,1632,0x86392dC19c0b719886221c78AB11eb8Cf5c52812,18446744073709552576,0.9975144331069306,1711292447,76920,155743.63233115143,
2024-03-26,2024-03-26T12:28:11.000000Z,19518615,0x5589652112bf8116db1940579a810f12287021cff87d3db290efc667c7a153e1,15,mint_to_agent,0x0000000000000000000000000000000000000000,0x3e40d73eb977dc6a537af587d48316fee66e9c8c,True,51059425729111957912,51.05942572911196,0x5f4eC3Df9cbd43714FE2740f5E3616155c5b8419,110680464442257323992,3633.6084014,1711454195,1896,0x86392dC19c0b719886221c78AB11eb8Cf5c52812,18446744073709552579,0.997767081565318,1711396139,59952,185115.68503588677,
2024-03-27,2024-03-27T12:23:35.000000Z,19525632,0x2495683208e4251a49481f49fbb28967b077846c3ad946a48ca8029b83bb11c1,15,mint_to_agent,0x0000000000000000000000000000000000000000,0x3e40d73eb977dc6a537af587d48316fee66e9c8c,True,47907540163819759213,47.90754016381976,0x5f4eC3Df9cbd43714FE2740f5E3616155c5b8419,110680464442257324037,3583.24706,1711540547,1668,0x86392dC19c0b719886221c78AB11eb8Cf5c52812,18446744073709552580,0.9994786072757912,1711482575,59640,171575.0477951903,
2024-03-28,2024-03-28T12:23:35.000000Z,19532586,0xf2ff2a32299a1bbdbf427b11443b96706ab9050bc8d689fcc92cfe03d7fd0bef,15,mint_to_agent,0x0000000000000000000000000000000000000000,0x3e40d73eb977dc6a537af587d48316fee66e9c8c,True,46903392024712645397,46.903392024712645,0x5f4eC3Df9cbd43714FE2740f5E3616155c5b8419,110680464442257324095,3576.9191,1711627559,1056,0x86392dC19c0b719886221c78AB11eb8Cf5c52812,18446744073709552581,0.9986214072127095,1711569011,59604,167538.3527740229,
2024-03-29,2024-03-29T12:23:35.000000Z,19539636,0x17e64b99b4a22a1fd2b2cd888b369dff68cc9307affca45b60c46b8a408df474,15,mint_to_agent,0x0000000000000000000000000000000000000000,0x3e40d73eb977dc6a537af587d48316fee66e9c8c,True,48534720399695856962,48.53472039969586,0x5f4eC3Df9cbd43714FE2740f5E3616155c5b8419,110680464442257324134,3548.22,1711713335,1680,0x86392dC19c0b719886221c78AB11eb8Cf5c52812,18446744073709552582,0.9973514042950965,1711655447,59568,171755.74600900325,
2024-03-30,2024-03-30T12:23:59.000000Z,19546746,0xf3c29213de98011cb951b37fab543480fcc4587f6771680e930b647587eeb241,15,mint_to_agent,0x0000000000000000000000000000000000000000,0x3e40d73eb977dc6a537af587d48316fee66e9c8c,True,45873361500305730046,45.87336150030573,0x5f4eC3Df9cbd43714FE2740f5E3616155c5b8419,110680464442257324169,3560.3316,1711799771,1668,0x86392dC19c0b719886221c78AB11eb8Cf5c52812,18446744073709552583,0.9966499827287973,1711741871,59568,162777.23905881844,
2024-03-31,2024-03-31T12:23:23.000000Z,19553849,0xeea399f64896d62b61079b7a4064ac169a95ab7e9b7a319f27b2998c98de7854,15,mint_to_agent,0x0000000000000000000000000000000000000000,0x3e40d73eb977dc6a537af587d48316fee66e9c8c,True,45178979121507359735,45.17897912150736,0x5f4eC3Df9cbd43714FE2740f5E3616155c5b8419,110680464442257324200,3611.45,1711886147,1656,0x86392dC19c0b719886221c78AB11eb8Cf5c52812,18446744073709552584,0.9963063769848003,1711828283,59520,162558.96661821596,
2024-04-01,2024-04-01T12:24:23.000000Z,19560957,0x1aeb45537e4f37d4a1c11784ed27279ce5d06361cd2eefdcb103be95dd688b19,15,mint_to_agent,0x0000000000000000000000000000000000000000,0x3e40d73eb977dc6a537af587d48316fee66e9c8c,True,44902744604136992127,44.90274460413699,0x5f4eC3Df9cbd43714FE2740f5E3616155c5b8419,110680464442257324237,3539.35545849,1711972523,1740,0x86392dC19c0b719886221c78AB11eb8Cf5c52812,18446744073709552585,0.9961150454920429,1711914707,59556,158309.35092790975,
2024-04-02,2024-04-02T12:23:35.000000Z,19568090,0x371b33236f937b59adf465dc5bccfcd5b5a79499a64082905cf29d6ff40d3b49,15,mint_to_agent,0x0000000000000000000000000000000000000000,0x3e40d73eb977dc6a537af587d48316fee66e9c8c,True,49230119834040276231,49.23011983404028,0x5f4eC3Df9cbd43714FE2740f5E3616155c5b8419,110680464442257324301,3304.58407,1712059427,1188,0x86392dC19c0b719886221c78AB11eb8Cf5c52812,18446744073709552586,0.9971984854773478,1712001119,59496,162229.3051821875,
2024-04-03,2024-04-03T12:26:11.000000Z,19575231,0xecddf069996607278d0f4a5ee966dab648860a8585ee2c0463419a71857233ea,15,mint_to_agent,0x0000000000000000000000000000000000000000,0x3e40d73eb977dc6a537af587d48316fee66e9c8c,True,48977735136798892779,48.97773513679889,0x5f4eC3Df9cbd43714FE2740f5E3616155c5b8419,110680464442257324368,3325.8,1712145347,1824,0x86392dC19c0b719886221c78AB11eb8Cf5c52812,18446744073709552587,0.998599030151811,1712087555,59616,162661.94732712215,
2024-04-04,2024-04-04T12:23:23.000000Z,19582375,0xa471e41ffb29f7fd7f98ebf0036c356afbfd05630f3aecfe101bfd92a535aa1d,15,mint_to_agent,0x0000000000000000000000000000000000000000,0x3e40d73eb977dc6a537af587d48316fee66e9c8c,True,48952986598044847163,48.952986598044845,0x5f4eC3Df9cbd43714FE2740f5E3616155c5b8419,110680464442257324418,3343.94,1712231747,1656,0x86392dC19c0b719886221c78AB11eb8Cf5c52812,18446744073709552588,0.9984341208634807,1712173967,59436,163439.522088409,
2024-04-05,2024-04-05T12:23:23.000000Z,19589513,0x94cde4188f37895dacad4b52cf40d178226e92bdce9878ace2e5c766606541cb,15,mint_to_agent,0x0000000000000000000000000000000000000000,0x3e40d73eb977dc6a537af587d48316fee66e9c8c,True,50551993603813393846,50.55199360381339,0x5f4eC3Df9cbd43714FE2740f5E3616155c5b8419,110680464442257324481,3245.48,1712319443,360,0x86392dC19c0b719886221c78AB11eb8Cf5c52812,18446744073709552589,0.9976827106027566,1712260379,59424,163685.296994311,
2024-04-06,2024-04-06T12:21:59.000000Z,19596654,0x91dc773aba86acea425e8c22891352a5f607647fb5c4673cb3895264b570e5c9,15,mint_to_agent,0x0000000000000000000000000000000000000000,0x3e40d73eb977dc6a537af587d48316fee66e9c8c,True,47901025309504271242,47.90102530950428,0x5f4eC3Df9cbd43714FE2740f5E3616155c5b8419,110680464442257324523,3332.15,1712404547,1572,0x86392dC19c0b719886221c78AB11eb8Cf5c52812,18446744073709552590,0.9984,1712346803,59316,159358.02004268856,
2024-04-07,2024-04-07T12:23:11.000000Z,19603793,0x138158da9ed0fbbc9945df44f80c8cd92b88165b40427eb8c7794f4e919da2a4,35,mint_to_agent,0x0000000000000000000000000000000000000000,0x3e40d73eb977dc6a537af587d48316fee66e9c8c,True,43990011543932214632,43.99001154393221,0x5f4eC3Df9cbd43714FE2740f5E3616155c5b8419,110680464442257324558,3391.07,1712490935,1656,0x86392dC19c0b719886221c78AB11eb8Cf5c52812,18446744073709552591,0.9989604594677418,1712433215,59376,149018.1368497753,
2024-04-08,2024-04-08T12:24:35.000000Z,19610931,0xfb5b53f970d9b932e1c34d7aaa29d7fe087bf9227bcf133cf9afce0181148ce8,16,mint_to_agent,0x0000000000000000000000000000000000000000,0x3e40d73eb977dc6a537af587d48316fee66e9c8c,True,45411918635791640682,45.411918635791636,0x5f4eC3Df9cbd43714FE2740f5E3616155c5b8419,110680464442257324600,3650.59,1712578271,804,0x86392dC19c0b719886221c78AB11eb8Cf5c52812,18446744073709552592,0.9981250027713005,1712519627,59448,165469.45845696292,
2024-04-09,2024-04-09T12:22:59.000000Z,19618058,0xa0d38ff2eb47531defef768737f5c6dfda26c8e0ffc94cbaadf79f6d6a42c56c,15,mint_to_agent,0x0000000000000000000000000000000000000000,0x3e40d73eb977dc6a537af587d48316fee66e9c8c,True,45976286729502658716,45.97628672950266,0x5f4eC3Df9cbd43714FE2740f5E3616155c5b8419,110680464442257324650,3628.0306,1712663747,1632,0x86392dC19c0b719886221c78AB11eb8Cf5c52812,18446744073709552593,0.9982999999999989,1712606051,59328,166519.80939129007,
2024-04-10,2024-04-10T12:23:59.000000Z,19625206,0x884c209f18cb2348acebab66420c27ffffee14cadbb834f0e0dc2a1c40efc4a6,15,mint_to_agent,0x0000000000000000000000000000000000000000,0x3e40d73eb977dc6a537af587d48316fee66e9c8c,True,46921133778731001711,46.921133778731,0x5f4eC3Df9cbd43714FE2740f5E3616155c5b8419,110680464442257324708,3516.42,1712750135,1704,0x86392dC19c0b719886221c78AB11eb8Cf5c52812,18446744073709552594,0.998190173404626,1712692487,59352,164695.8019650314,
2024-04-11,2024-04-11T12:23:11.000000Z,19632355,0x1046da423f84f89f8d167d63948f234384ea5b12d33ceb6d7e92f5ca804ee7dd,15,mint_to_agent,0x0000000000000000000000000000000000000000,0x3e40d73eb977dc6a537af587d48316fee66e9c8c,True,48651470859487086830,48.651470859487084,0x5f4eC3Df9cbd43714FE2740f5E3616155c5b8419,110680464442257324767,3530.74365,1712836547,1644,0x86392dC19c0b719886221c78AB11eb8Cf5c52812,18446744073709552595,0.9990752757428973,1712778911,59280,171617.0264848554,
2024-04-12,2024-04-12T12:22:11.000000Z,19639495,0x3381ca67defb38ad50700ee93e0c379f5cdfb8add886f728d08f0abff31fa44b,15,mint_to_agent,0x0000000000000000000000000000000000000000,0x3e40d73eb977dc6a537af587d48316fee66e9c8c,True,44943780822606539917,44.943780822606534,0x5f4eC3Df9cbd43714FE2740f5E3616155c5b8419,110680464442257324814,3533.57,1712922935,1596,0x86392dC19c0b719886221c78AB11eb8Cf5c52812,18446744073709552596,0.9985055701514503,1712865323,59208,158574.66221480336,
2024-04-13,2024-04-13T12:24:23.000000Z,19646630,0xf379ed9f130407845ca055d771099c056f795b22dd31b96b18c2420975a5a3c9,15,mint_to_agent,0x0000000000000000000000000000000000000000,0x3e40d73eb977dc6a537af587d48316fee66e9c8c,True,61603943380121733222,61.603943380121734,0x5f4eC3Df9cbd43714FE2740f5E3616155c5b8419,110680464442257324887,3270.15278955,1713009347,1716,0x86392dC19c0b719886221c78AB11eb8Cf5c52812,18446744073709552597,0.9973528220141301,1712951759,59304,200921.02188436384,
2024-04-14,2024-04-14T12:21:11.000000Z,19653737,0x61bf02c448bea7e850d1550681039fdefc00c1317ff4c5b67c07972ec01e8386,519,mint_to_agent,0x0000000000000000000000000000000000000000,0x3e40d73eb977dc6a537af587d48316fee66e9c8c,True,63079234166103882858,63.07923416610388,0x5f4eC3Df9cbd43714FE2740f5E3616155c5b8419,110680464442257325031,3038.09344,1713096143,1128,0x86392dC19c0b719886221c78AB11eb8Cf5c52812,18446744073709552600,0.9968185328109949,1713060467,36804,191030.90921535733,
2024-04-15,2024-04-15T12:21:59.000000Z,19660878,0x182d873438a660a00c6de4d1e1a580ff3b88e53d5d31cf42d7f48ab3e69712f0,15,mint_to_agent,0x0000000000000000000000000000000000000000,0x3e40d73eb977dc6a537af587d48316fee66e9c8c,True,43536682814968030845,43.53668281496803,0x5f4eC3Df9cbd43714FE2740f5E3616155c5b8419,110680464442257325114,3241.41582002,1713182135,1584,0x86392dC19c0b719886221c78AB11eb8Cf5c52812,18446744073709552601,0.9977471907841047,1713146903,36816,140802.5748817376,
2024-04-16,2024-04-16T12:24:23.000000Z,19668022,0xe094d8c7cb0e3ee60a19ecc531fb0f457d4fb08f9f81185062748e088b9bc1ae,15,mint_to_agent,0x0000000000000000000000000000000000000000,0x3e40d73eb977dc6a537af587d48316fee66e9c8c,True,50369116610179331366,50.36911661017933,0x5f4eC3Df9cbd43714FE2740f5E3616155c5b8419,110680464442257325216,3069.18,1713269843,420,0x86392dC19c0b719886221c78AB11eb8Cf5c52812,18446744073709552602,0.9978999999999998,1713233339,36924,154267.24235846315,
2024-04-17,2024-04-17T12:24:47.000000Z,19675174,0xf9273ed68ea5bb9b838a915aad4973f6b50155f836c55e0920766191c60bc576,107,mint_to_agent,0x0000000000000000000000000000000000000000,0x3e40d73eb977dc6a537af587d48316fee66e9c8c,True,45203266332668973629,45.203266332668974,0x5f4eC3Df9cbd43714FE2740f5E3616155c5b8419,110680464442257325290,3042.03626486,1713354935,1752,0x86392dC19c0b719886221c78AB11eb8Cf5c52812,18446744073709552603,0.9979202045496458,1713319763,36924,137223.98285273474,
2024-04-18,2024-04-18T12:24:35.000000Z,19682324,0x5c37229023229446f873af983286cd65b016e1f32c482380a90d6f2f055c859e,15,mint_to_agent,0x0000000000000000000000000000000000000000,0x3e40d73eb977dc6a537af587d48316fee66e9c8c,True,44772129188495939409,44.77212918849594,0x5f4eC3Df9cbd43714FE2740f5E3616155c5b8419,110680464442257325371,3034.8481,1713442547,528,0x86392dC19c0b719886221c78AB11eb8Cf5c52812,18446744073709552604,0.9985456815519228,1713406175,36900,135679.0033383301,
2024-04-19,2024-04-19T12:24:23.000000Z,19689464,0xebc82c19c90707d15a65393e259286a4605e1231c8cd027ecf83e19a32e7f187,15,mint_to_agent,0x0000000000000000000000000000000000000000,0x3e40d73eb977dc6a537af587d48316fee66e9c8c,True,46211933030212376152,46.21193303021238,0x5f4eC3Df9cbd43714FE2740f5E3616155c5b8419,110680464442257325460,3105.86877899,1713527723,1740,0x86392dC19c0b719886221c78AB11eb8Cf5c52812,18446744073709552605,0.9989000000000001,1713492599,36864,143370.31899529655,
2024-04-20,2024-04-20T12:23:11.000000Z,19696598,0xa54f597042506e6585edcf251e64c4bf1aa3b7c08eb44954a9d4b06f2d37a27d,15,mint_to_agent,0x0000000000000000000000000000000000000000,0x3e40d73eb977dc6a537af587d48316fee66e9c8c,True,44988913673200541484,44.98891367320054,0x5f4eC3Df9cbd43714FE2740f5E3616155c5b8419,110680464442257325510,3053.1,1713614135,1656,0x86392dC19c0b719886221c78AB11eb8Cf5c52812,18446744073709552606,0.9991770156829497,1713579023,36768,137242.61078791812,
2024-04-21,2024-04-21T12:21:59.000000Z,19703746,0x736663cfe253f7576aaade9cc40b2a99f2cdf0458731b7e4b7880bc313331ce7,17,mint_to_agent,0x0000000000000000000000000000000000000000,0x3e40d73eb977dc6a537af587d48316fee66e9c8c,True,41705265416138418149,41.70526541613842,0x5f4eC3Df9cbd43714FE2740f5E3616155c5b8419,110680464442257325553,3169.98,1713700547,1572,0x86392dC19c0b719886221c78AB11eb8Cf5c52812,18446744073709552607,0.9992169675869026,1713665435,36684,132101.33657544394,
2024-04-22,2024-04-22T12:21:59.000000Z,19710908,0x57150075ada95371ace9dba2a2be3191ef42432e29c3f850b0baf585c1b0dd7e,17,mint_to_agent,0x0000000000000000000000000000000000000000,0x3e40d73eb977dc6a537af587d48316fee66e9c8c,True,43373202208134218308,43.37320220813422,0x5f4eC3Df9cbd43714FE2740f5E3616155c5b8419,110680464442257325597,3194.6953,1713786923,1596,0x86392dC19c0b719886221c78AB11eb8Cf5c52812,18446744073709552608,0.9995215392128579,1713751871,36648,138497.86772070546,
2024-04-23,2024-04-23T12:22:11.000000Z,19718065,0xffef8258617735bcf24d4b18760d40afe79f1cc0ba1fb5bcbaa85ffc6913556c,17,mint_to_agent,0x0000000000000000000000000000000000000000,0x3e40d73eb977dc6a537af587d48316fee66e9c8c,True,43915373752582358741,43.915373752582354,0x5f4eC3Df9cbd43714FE2740f5E3616155c5b8419,110680464442257325635,3178.56720009,1713873335,1596,0x86392dC19c0b719886221c78AB11eb8Cf5c52812,18446744073709552609,0.9998123788896907,1713838283,36648,139561.7769403742,
2024-04-24,2024-04-24T12:23:35.000000Z,19725213,0xd3f3b7e2737582a0ad111fc77ccb3f18a34fdd4f246041ce47f2f879168cb542,17,mint_to_agent,0x0000000000000000000000000000000000000000,0x3e40d73eb977dc6a537af587d48316fee66e9c8c,True,53044737407660397057,53.0447374076604,0x5f4eC3Df9cbd43714FE2740f5E3616155c5b8419,110680464442257325672,3277.5186,1713959747,1668,0x86392dC19c0b719886221c78AB11eb8Cf5c52812,18446744073709552610,0.9994088676153932,1713924707,36708,173752.3420979118,
2024-04-25,2024-04-25T12:23:23.000000Z,19732356,0x484cacae8436cc6017fa771b259d6c97d6174aa20566251ecf4cb8c7cae3df75,17,mint_to_agent,0x0000000000000000000000000000000000000000,0x3e40d73eb977dc6a537af587d48316fee66e9c8c,True,46783007868738283560,46.78300786873828,0x5f4eC3Df9cbd43714FE2740f5E3616155c5b8419,110680464442257325730,3132.5,1714047119,684,0x86392dC19c0b719886221c78AB11eb8Cf5c52812,18446744073709552611,0.9992179017675238,1714011131,36672,146433.15739525174,
2024-04-26,2024-04-26T12:23:23.000000Z,19739508,0x1d64bd9e7421418445877197fd564810bffd73be3a39d9268df7f11dc2b71eaa,17,mint_to_agent,0x0000000000000000000000000000000000000000,0x3e40d73eb977dc6a537af587d48316fee66e9c8c,True,43455443050311945003,43.45544305031194,0x5f4eC3Df9cbd43714FE2740f5E3616155c5b8419,110680464442257325776,3129.58,1714132535,1668,0x86392dC19c0b719886221c78AB11eb8Cf5c52812,18446744073709552612,0.9994510372783538,1714097567,36636,135922.62802143185,
2024-04-27,2024-04-27T12:22:23.000000Z,19746635,0x315f0e7fda55899ee7b15b897f67c9c5393a3149b5716c07bb5e4e11c5fddd32,17,mint_to_agent,0x0000000000000000000000000000000000000000,0x3e40d73eb977dc6a537af587d48316fee66e9c8c,True,42615234963596228790,42.61523496359623,0x5f4eC3Df9cbd43714FE2740f5E3616155c5b8419,110680464442257325819,3139.46939,1714220411,132,0x86392dC19c0b719886221c78AB11eb8Cf5c52812,18446744073709552613,0.9991307137622307,1714183979,36564,133672.92458319152,
2024-04-28,2024-04-28T12:26:11.000000Z,19753805,0xa42ea541c8c22fb295f73b242d696f859e39ba45917601cf45a5daff9e5bbae2,117,mint_to_agent,0x0000000000000000000000000000000000000000,0x3e40d73eb977dc6a537af587d48316fee66e9c8c,True,41734089373038662229,41.734089373038664,0x5f4eC3Df9cbd43714FE2740f5E3616155c5b8419,110680464442257325861,3282.5,1714305347,1824,0x86392dC19c0b719886221c78AB11eb8Cf5c52812,18446744073709552614,0.9990548202535847,1714270415,36756,136862.666162945,
2024-04-29,2024-04-29T12:23:47.000000Z,19760948,0x20b05b19051d70d56f601070529469dc5a990b3a785499226d63ca788d1f601d,17,mint_to_agent,0x0000000000000000000000000000000000000000,0x3e40d73eb977dc6a537af587d48316fee66e9c8c,True,43032038460679470998,43.03203846067947,0x5f4eC3Df9cbd43714FE2740f5E3616155c5b8419,110680464442257325907,3157.01442655,1714391735,1692,0x86392dC19c0b719886221c78AB11eb8Cf5c52812,18446744073709552615,0.9998231593058171,1714356863,36564,135828.74192673378,
2024-04-30,2024-04-30T12:22:11.000000Z,19768093,0x5db0fc7778b1467bddf1d7953c30239844ec15b109656fe92b6a590e73cc2f4f,17,mint_to_agent,0x0000000000000000000000000000000000000000,0x3e40d73eb977dc6a537af587d48316fee66e9c8c,True,43243318979283262632,43.243318979283266,0x5f4eC3Df9cbd43714FE2740f5E3616155c5b8419,110680464442257325969,3005.05254151,1714479719,12,0x86392dC19c0b719886221c78AB11eb8Cf5c52812,18446744073709552616,0.9994575731286837,1714443287,36444,129877.95807324247,
2024-05-01,2024-05-01T12:23:47.000000Z,19775256,0x74aa4d2e6b0b77829c053fbd0fc2498d69a4154da7fd62c85f24ea7f09caaea3,17,mint_to_agent,0x0000000000000000000000000000000000000000,0x3e40d73eb977dc6a537af587d48316fee66e9c8c,True,46990768754358603992,46.990768754358605,0x5f4eC3Df9cbd43714FE2740f5E3616155c5b8419,110680464442257326047,2926.48428,1714565711,516,0x86392dC19c0b719886221c78AB11eb8Cf5c52812,18446744073709552617,0.9994004174544988,1714529723,36504,137435.29282450856,
2024-05-02,2024-05-02T12:28:11.000000Z,19782437,0x8111d00abfdea7cd7ff5b7e5d5308d5607c6a9d8ea506280fdde34eaaff875da,17,mint_to_agent,0x0000000000000000000000000000000000000000,0x3e40d73eb977dc6a537af587d48316fee66e9c8c,True,43993000448812489456,43.99300044881249,0x5f4eC3Df9cbd43714FE2740f5E3616155c5b8419,110680464442257326114,2996.55406852,1714650947,1944,0x86392dC19c0b719886221c78AB11eb8Cf5c52812,18446744073709552618,0.9993744642576406,1714616159,36732,131744.94172796572,
2024-05-03,2024-05-03T12:23:47.000000Z,19789566,0x555553420c2c1f7c73790c8ed55319151acd253192af2f3cee158feeedabb46e,50,mint_to_agent,0x0000000000000000000000000000000000000000,0x3e40d73eb977dc6a537af587d48316fee66e9c8c,True,41682453061639532093,41.68245306163953,0x5f4eC3Df9cbd43714FE2740f5E3616155c5b8419,110680464442257326157,2981.31,1714737383,1644,0x86392dC19c0b719886221c78AB11eb8Cf5c52812,18446744073709552619,0.9986384184833507,1714702595,36432,124099.11269756216,
2024-05-04,2024-05-04T12:25:11.000000Z,19796728,0x889c46a4fb64d5d3c6a54f6a287d30bbc803e48a7e9a6279e82a56963a58d5fc,17,mint_to_agent,0x0000000000000000000000000000000000000000,0x3e40d73eb977dc6a537af587d48316fee66e9c8c,True,42639784062216042743,42.639784062216044,0x5f4eC3Df9cbd43714FE2740f5E3616155c5b8419,110680464442257326202,3143.63831,1714825475,36,0x86392dC19c0b719886221c78AB11eb8Cf5c52812,18446744073709552620,0.999459856515954,1714789031,36480,133971.6556832235,
2024-05-05,2024-05-05T12:23:47.000000Z,19803871,0x27bdc58f618b8eda47b3e6424d3c2ea55befb07cfe2cc8faf1f4c5946afeb271,17,mint_to_agent,0x0000000000000000000000000000000000000000,0x3e40d73eb977dc6a537af587d48316fee66e9c8c,True,40236387154575910171,40.23638715457591,0x5f4eC3Df9cbd43714FE2740f5E3616155c5b8419,110680464442257326240,3136.8238,1714910135,1692,0x86392dC19c0b719886221c78AB11eb8Cf5c52812,18446744073709552621,0.9997071986860924,1714875467,36360,126177.50109368746,
2024-05-06,2024-05-06T12:22:11.000000Z,19811012,0xd183ecf1f88c51d5ad716a1db066445032538a4e9575d9ae9c614e4ba255b135,17,mint_to_agent,0x0000000000000000000000000000000000000000,0x3e40d73eb977dc6a537af587d48316fee66e9c8c,True,41053113220027519470,41.05311322002753,0x5f4eC3Df9cbd43714FE2740f5E3616155c5b8419,110680464442257326284,3149.93057533,1714996547,1584,0x86392dC19c0b719886221c78AB11eb8Cf5c52812,18446744073709552622,0.9995509453629923,1714961903,36228,129256.3872879056,
2024-05-07,2024-05-07T12:23:11.000000Z,19818163,0xd3e37bdb8dd55714faf7fb624a41fa5a2980ad55a1a9cdb17269522824ca28c4,17,mint_to_agent,0x0000000000000000000000000000000000000000,0x3e40d73eb977dc6a537af587d48316fee66e9c8c,True,41494117646364311519,41.49411764636431,0x5f4eC3Df9cbd43714FE2740f5E3616155c5b8419,110680464442257326337,3065.57,1715082935,1656,0x86392dC19c0b719886221c78AB11eb8Cf5c52812,18446744073709552623,0.9993958936108651,1715048315,36276,127126.27801430608,
2024-05-08,2024-05-08T12:23:23.000000Z,19825318,0x6352256d428b350eda40da7c76160d382007bab43b9ad719ae63ed4c856ee1c1,17,mint_to_agent,0x0000000000000000000000000000000000000000,0x3e40d73eb977dc6a537af587d48316fee66e9c8c,True,42006754884631262551,42.00675488463126,0x5f4eC3Df9cbd43714FE2740f5E3616155c5b8419,110680464442257326375,2993.16,1715169335,1668,0x86392dC19c0b719886221c78AB11eb8Cf5c52812,18446744073709552624,0.9997894274211582,1715134751,36252,125706.46254138803,
2024-05-09,2024-05-09T12:21:59.000000Z,19832455,0xadc2a510ca37674ff6cfa71baaaf022c1969f1604c15cc9a1ad28db25a670bc9,17,mint_to_agent,0x0000000000000000000000000000000000000000,0x3e40d73eb977dc6a537af587d48316fee66e9c8c,True,41427388786884038887,41.427388786884045,0x5f4eC3Df9cbd43714FE2740f5E3616155c5b8419,110680464442257326417,2976.84353661,1715255735,1584,0x86392dC19c0b719886221c78AB11eb8Cf5c52812,18446744073709552625,0.999407633491279,1715221187,36132,123249.80222007073,
2024-05-10,2024-05-10T12:23:35.000000Z,19839610,0xfacbb8380397ec41bfd39ae34d135b610fe6871657a3ae599605cbb7a19edfaa,17,mint_to_agent,0x0000000000000000000000000000000000000000,0x3e40d73eb977dc6a537af587d48316fee66e9c8c,True,41771835793806569627,41.771835793806574,0x5f4eC3Df9cbd43714FE2740f5E3616155c5b8419,110680464442257326457,3034.0475,1715342147,1668,0x86392dC19c0b719886221c78AB11eb8Cf5c52812,18446744073709552626,0.9995711508391034,1715307623,36192,126683.38258974641,
2024-05-11,2024-05-11T12:28:11.000000Z,19846787,0x78ee43e61600775ae08e7796f998a10d0cccfd290d25e2c87ba380325d481278,17,mint_to_agent,0x0000000000000000000000000000000000000000,0x3e40d73eb977dc6a537af587d48316fee66e9c8c,True,41204995444795450319,41.20499544479545,0x5f4eC3Df9cbd43714FE2740f5E3616155c5b8419,110680464442257326503,2903.01,1715428919,1572,0x86392dC19c0b719886221c78AB11eb8Cf5c52812,18446744073709552627,0.9996000000000004,1715394059,36432,119570.66642066522,
2024-05-12,2024-05-12T12:23:23.000000Z,19853916,0x68c552d131b3f9ed981bcf61627011183281f3dd04c18e0f81e0d7d8d0f0bdce,17,mint_to_agent,0x0000000000000000000000000000000000000000,0x3e40d73eb977dc6a537af587d48316fee66e9c8c,True,40044126344627647379,40.04412634462765,0x5f4eC3Df9cbd43714FE2740f5E3616155c5b8419,110680464442257326536,2926.1361,1715514995,1608,0x86392dC19c0b719886221c78AB11eb8Cf5c52812,18446744073709552628,0.9994897841312628,1715480495,36108,117114.77936816902,
2024-05-13,2024-05-13T12:29:11.000000Z,19861099,0x6f4275e37d9246bfb26697101f803096fa953b2b8f45d53cb9ca73542ebc8222,17,mint_to_agent,0x0000000000000000000000000000000000000000,0x3e40d73eb977dc6a537af587d48316fee66e9c8c,True,41118124324613526658,41.11812432461353,0x5f4eC3Df9cbd43714FE2740f5E3616155c5b8419,110680464442257326581,2965.70721722,1715602115,1236,0x86392dC19c0b719886221c78AB11eb8Cf5c52812,18446744073709552629,0.9994356963080785,1715566931,36420,121875.50443916094,
2024-05-14,2024-05-14T12:22:11.000000Z,19868213,0xb4eccdbef53c08e04c77c9730b63df8878ff90a4cb937ea99f10c7bd9ec4d07a,62,mint_to_agent,0x0000000000000000000000000000000000000000,0x3e40d73eb977dc6a537af587d48316fee66e9c8c,True,43939734922393726622,43.939734922393725,0x5f4eC3Df9cbd43714FE2740f5E3616155c5b8419,110680464442257326619,2904.99390897,1715687735,1596,0x86392dC19c0b719886221c78AB11eb8Cf5c52812,18446744073709552630,0.9995169773575368,1715653367,35964,127583.00704922424,
2024-05-15,2024-05-15T12:22:11.000000Z,19875350,0xf15128ad7f0ac111d567b70efbf2696f1e8d01702f1e882c713850fd8bfbbb43,21,mint_to_agent,0x0000000000000000000000000000000000000000,0x3e40d73eb977dc6a537af587d48316fee66e9c8c,True,42622972101939530030,42.622972101939524,0x5f4eC3Df9cbd43714FE2740f5E3616155c5b8419,110680464442257326663,2898.48266077,1715774135,1596,0x86392dC19c0b719886221c78AB11eb8Cf5c52812,18446744073709552631,0.9992501149640725,1715739803,35928,123449.30333164937,
2024-05-16,2024-05-16T12:24:35.000000Z,19882519,0xfacc178e5ff3c142a81a5a283554232a6a2cab7fd357fa398ec41fa4f3419bdd,17,mint_to_agent,0x0000000000000000000000000000000000000000,0x3e40d73eb977dc6a537af587d48316fee66e9c8c,True,43142752554902770676,43.14275255490277,0x5f4eC3Df9cbd43714FE2740f5E3616155c5b8419,110680464442257326705,2989.0387,1715862203,72,0x86392dC19c0b719886221c78AB11eb8Cf5c52812,18446744073709552632,0.9992241066882386,1715826239,36036,128855.30141210752,
2024-05-17,2024-05-17T12:23:35.000000Z,19889667,0x5c03c60ba213cc06f0b8a3db8d74fba6c2b22f502bf2c3fb2891c6fabe1e9548,39,mint_to_agent,0x0000000000000000000000000000000000000000,0x3e40d73eb977dc6a537af587d48316fee66e9c8c,True,41320064372315240878,41.320064372315244,0x5f4eC3Df9cbd43714FE2740f5E3616155c5b8419,110680464442257326743,3034.3022,1715946947,1668,0x86392dC19c0b719886221c78AB11eb8Cf5c52812,18446744073709552633,0.9993066805031705,1715912675,35940,125290.6355206994,
2024-05-18,2024-05-18T12:21:59.000000Z,19896795,0x890737a0ad1b57fd867306a149dd2f567067aea661afc040342a2fda8d470b90,17,mint_to_agent,0x0000000000000000000000000000000000000000,0x3e40d73eb977dc6a537af587d48316fee66e9c8c,True,39456423110192398505,39.4564231101924,0x5f4eC3Df9cbd43714FE2740f5E3616155c5b8419,110680464442257326779,3139.38578843,1716033323,1596,0x86392dC19c0b719886221c78AB11eb8Cf5c52812,18446744073709552634,0.9986939452451051,1715999087,35832,123707.15436421799,
2024-05-19,2024-05-19T12:26:47.000000Z,19903973,0x54f74c0e3803d010279cadf79f160fd7ef1f63d366bf19b6e8da89ddafbf01d9,17,mint_to_agent,0x0000000000000000000000000000000000000000,0x3e40d73eb977dc6a537af587d48316fee66e9c8c,True,40061350119596504326,40.061350119596504,0x5f4eC3Df9cbd43714FE2740f5E3616155c5b8419,110680464442257326807,3084.16083616,1716121295,312,0x86392dC19c0b719886221c78AB11eb8Cf5c52812,18446744073709552635,0.9993568155112402,1716085511,36096,123476.1780068511,
2024-05-20,2024-05-20T12:24:59.000000Z,19911120,0x13f273a024ede89e6f824b935bc62d7add4d36bc9f3634df3175b0050449ac60,17,mint_to_agent,0x0000000000000000000000000000000000000000,0x3e40d73eb977dc6a537af587d48316fee66e9c8c,True,40760111917130491533,40.76011191713049,0x5f4eC3Df9cbd43714FE2740f5E3616155c5b8419,110680464442257326848,3096.38997057,1716206147,1752,0x86392dC19c0b719886221c78AB11eb8Cf5c52812,18446744073709552636,0.999314915797915,1716171923,35976,126122.73780924408,
2024-05-21,2024-05-21T12:22:23.000000Z,19918252,0xb974c5962a213b6912929d515522467f9dac043ebf8b668951ef0caadadb7b90,26,mint_to_agent,0x0000000000000000000000000000000000000000,0x3e40d73eb977dc6a537af587d48316fee66e9c8c,True,55716472607079833614,55.71647260707984,0x5f4eC3Df9cbd43714FE2740f5E3616155c5b8419,110680464442257326948,3764.28386178,1716293543,600,0x86392dC19c0b719886221c78AB11eb8Cf5c52812,18446744073709552637,0.9992106518262409,1716258335,35808,209567.06661061308,
2024-05-22,2024-05-22T12:26:11.000000Z,19925409,0xf451b5cb48fd114348f6e4767a904310df443abb3380b434ab390bee265a8c2e,17,mint_to_agent,0x0000000000000000000000000000000000000000,0x3e40d73eb977dc6a537af587d48316fee66e9c8c,True,45036782921146695767,45.036782921146695,0x5f4eC3Df9cbd43714FE2740f5E3616155c5b8419,110680464442257327013,3709.77080339,1716379355,1416,0x86392dC19c0b719886221c78AB11eb8Cf5c52812,18446744073709552638,0.9994000000000001,1716344747,36024,166975.89667406774,
2024-05-23,2024-05-23T12:23:35.000000Z,19932561,0xc5857c3dd87bfc2121d6e32e3c1c890138d9fb154cc1f86d789c4ae36202764b,17,mint_to_agent,0x0000000000000000000000000000000000000000,0x3e40d73eb977dc6a537af587d48316fee66e9c8c,True,45061438268787902114,45.0614382687879,0x5f4eC3Df9cbd43714FE2740f5E3616155c5b8419,110680464442257327078,3939.19741661,1716466163,852,0x86392dC19c0b719886221c78AB11eb8Cf5c52812,18446744073709552639,0.9996000000000005,1716431183,35832,177434.8988566535,
2024-05-24,2024-05-24T12:22:11.000000Z,19939713,0xa1f026b66c513cdee41a16d691af326de0220ccdecbbb9d0c8870bbbb1c7586d,17,mint_to_agent,0x0000000000000000000000000000000000000000,0x3e40d73eb977dc6a537af587d48316fee66e9c8c,True,59876395109689829203,59.876395109689824,0x5f4eC3Df9cbd43714FE2740f5E3616155c5b8419,110680464442257327200,3710.0911,1716551747,1584,0x86392dC19c0b719886221c78AB11eb8Cf5c52812,18446744073709552640,0.9992943700303801,1716517595,35736,221990.12709993726,
2024-05-25,2024-05-25T12:25:35.000000Z,19946878,0x3812171534b393c94a633062461d049a65422899b65f2ebb64fed2c3a3963ab5,17,mint_to_agent,0x0000000000000000000000000000000000000000,0x3e40d73eb977dc6a537af587d48316fee66e9c8c,True,42671060612455800941,42.671060612455804,0x5f4eC3Df9cbd43714FE2740f5E3616155c5b8419,110680464442257327241,3726.2888157,1716638663,1272,0x86392dC19c0b719886221c78AB11eb8Cf5c52812,18446744073709552641,0.9998429830414498,1716604031,35904,158979.7294805032,
2024-05-26,2024-05-26T12:22:59.000000Z,19954027,0x3450f99d29f3131072f3257d26f765d056a6b9d9809d7ca1321bcef11c5b26b2,20,mint_to_agent,0x0000000000000000000000000000000000000000,0x3e40d73eb977dc6a537af587d48316fee66e9c8c,True,41780926855452945352,41.78092685545294,0x5f4eC3Df9cbd43714FE2740f5E3616155c5b8419,110680464442257327273,3804.87393829,1716724535,1644,0x86392dC19c0b719886221c78AB11eb8Cf5c52812,18446744073709552642,0.9994977558731102,1716690455,35724,158891.3173786045,
2024-05-27,2024-05-27T12:24:35.000000Z,19961193,0xe0d45345b2612e26c55b88f2137b9af0450cbc9bd51dddbfb6f03486c1e24cd8,17,mint_to_agent,0x0000000000000000000000000000000000000000,0x3e40d73eb977dc6a537af587d48316fee66e9c8c,True,43789680093704676887,43.789680093704675,0x5f4eC3Df9cbd43714FE2740f5E3616155c5b8419,110680464442257327319,3898.8,1716810935,1740,0x86392dC19c0b719886221c78AB11eb8Cf5c52812,18446744073709552643,0.9996999999999998,1716776915,35760,170675.98658791094,
2024-05-28,2024-05-28T12:26:11.000000Z,19968356,0x33965510cf6638b3c1bf24380a54531025f57e2a1262b85d69b0942d026273ef,17,mint_to_agent,0x0000000000000000000000000000000000000000,0x3e40d73eb977dc6a537af587d48316fee66e9c8c,True,45462755534207556961,45.46275553420756,0x5f4eC3Df9cbd43714FE2740f5E3616155c5b8419,110680464442257327366,3899.63531842,1716897347,1824,0x86392dC19c0b719886221c78AB11eb8Cf5c52812,18446744073709552644,0.9998210088062919,1716863327,35844,177256.43413322093,
2024-05-29,2024-05-29T12:24:47.000000Z,19975505,0xb57b872ad043edfddf1456f3fd73e3deb8b4f1a0692e8d711507984a97531d3d,17,mint_to_agent,0x0000000000000000000000000000000000000000,0x3e40d73eb977dc6a537af587d48316fee66e9c8c,True,45452054416572795549,45.45205441657279,0x5f4eC3Df9cbd43714FE2740f5E3616155c5b8419,110680464442257327409,3812.3873,1716983735,1752,0x86392dC19c0b719886221c78AB11eb8Cf5c52812,18446744073709552645,0.9998632988331413,1716949739,35748,173257.14732430998,
2024-05-30,2024-05-30T12:22:23.000000Z,19982634,0x3e0f496c068ef5564dc795cd540c613079d3ad31e10f1ebba128dc52fffed7f8,17,mint_to_agent,0x0000000000000000000000000000000000000000,0x3e40d73eb977dc6a537af587d48316fee66e9c8c,True,46718881852033431471,46.718881852033434,0x5f4eC3Df9cbd43714FE2740f5E3616155c5b8419,110680464442257327443,3735.36113,1717070147,1596,0x86392dC19c0b719886221c78AB11eb8Cf5c52812,18446744073709552646,0.9994494549861856,1717036235,35508,174415.81865333545,
2024-05-31,2024-05-31T12:23:47.000000Z,19989791,0x72294b6f70b653f3d83edf47324274e7c26899f0355b2b97e7a3f1917c9beb59,17,mint_to_agent,0x0000000000000000000000000000000000000000,0x3e40d73eb977dc6a537af587d48316fee66e9c8c,True,47271494359577598560,47.2714943595776,0x5f4eC3Df9cbd43714FE2740f5E3616155c5b8419,110680464442257327484,3808.67,1717156547,1680,0x86392dC19c0b719886221c78AB11eb8Cf5c52812,18446744073709552647,0.99942709932974,1717122659,35568,179938.37651362197,
2024-06-01,2024-06-01T12:21:59.000000Z,19996936,0x4d2f90460424c0bd51d892f7b82d1747324976d3127031c0a5a3583b96c3d8a5,17,mint_to_agent,0x0000000000000000000000000000000000000000,0x3e40d73eb977dc6a537af587d48316fee66e9c8c,True,45179862241061131214,45.17986224106114,0x5f4eC3Df9cbd43714FE2740f5E3616155c5b8419,110680464442257327520,3787.68721268,1717242923,1596,0x86392dC19c0b719886221c78AB11eb8Cf5c52812,18446744073709552648,0.9994279093947416,1717209071,35448,171029.2862254211,
2024-06-02,2024-06-02T12:22:35.000000Z,20004106,0x21ea4333dbe5d099bd30168bb0e8a0f7c1147bc0af4a555f5262c6462bb43d7c,17,mint_to_agent,0x0000000000000000000000000000000000000000,0x3e40d73eb977dc6a537af587d48316fee66e9c8c,True,45456477210510593333,45.45647721051059,0x5f4eC3Df9cbd43714FE2740f5E3616155c5b8419,110680464442257327549,3804.78794719,1717329335,1620,0x86392dC19c0b719886221c78AB11eb8Cf5c52812,18446744073709552649,0.9994479767307665,1717295483,35472,172856.78294215119,
2024-06-03,2024-06-03T12:26:23.000000Z,20011286,0xe305127a17794edef89dd68e3feb01a9bdded8d8e94e017c3f64f886d5680959,294,mint_to_agent,0x0000000000000000000000000000000000000000,0x3e40d73eb977dc6a537af587d48316fee66e9c8c,True,47135532930095725144,47.13553293009573,0x5f4eC3Df9cbd43714FE2740f5E3616155c5b8419,110680464442257327583,3808.93512684,1717415747,1836,0x86392dC19c0b719886221c78AB11eb8Cf5c52812,18446744073709552650,0.9994000000000002,1717381907,35676,179428.46538750533,
2024-06-04,2024-06-04T12:27:23.000000Z,20018452,0xcfa83e90395670dca467910b4461c0c5f20aed89d618255ed8afec4c7a418e18,17,mint_to_agent,0x0000000000000000000000000000000000000000,0x3e40d73eb977dc6a537af587d48316fee66e9c8c,True,45931596020109326395,45.93159602010933,0x5f4eC3Df9cbd43714FE2740f5E3616155c5b8419,110680464442257327618,3762.75897024,1717502135,1908,0x86392dC19c0b719886221c78AB11eb8Cf5c52812,18446744073709552651,0.999696167920218,1717468319,35724,172777.01378809538,
2024-06-05,2024-06-05T12:23:59.000000Z,20025607,0x07d92ce96a1f326b67455520c65e9af29fce1c982c5e8102ae16b3a0986f52e9,221,mint_to_agent,0x0000000000000000000000000000000000000000,0x3e40d73eb977dc6a537af587d48316fee66e9c8c,True,47093332240009616449,47.093332240009616,0x5f4eC3Df9cbd43714FE2740f5E3616155c5b8419,110680464442257327651,3805.3,1717588535,1704,0x86392dC19c0b719886221c78AB11eb8Cf5c52812,18446744073709552652,0.9996,1717554731,35508,179132.57547003945,
2024-06-06,2024-06-06T12:25:47.000000Z,20032774,0x6c741b779b92488838515963cc71ad3b628ac2411dfe2f0425be3404bd08a961,17,mint_to_agent,0x0000000000000000000000000000000000000000,0x3e40d73eb977dc6a537af587d48316fee66e9c8c,True,50607699156229247316,50.60769915622925,0x5f4eC3Df9cbd43714FE2740f5E3616155c5b8419,110680464442257327685,3847.1358,1717674935,1812,0x86392dC19c0b719886221c78AB11eb8Cf5c52812,18446744073709552653,0.9997910121999682,1717641143,35604,194654.00236437187,
2024-06-07,2024-06-07T12:23:11.000000Z,20039927,0xc240f4c9008c39bcae55929506ec1664dc12b85945ae6e31f6a9754164ba9dac,17,mint_to_agent,0x0000000000000000000000000000000000000000,0x3e40d73eb977dc6a537af587d48316fee66e9c8c,True,48801893246480456673,48.80189324648046,0x5f4eC3Df9cbd43714FE2740f5E3616155c5b8419,110680464442257327715,3835.23,1717761323,1668,0x86392dC19c0b719886221c78AB11eb8Cf5c52812,18446744073709552654,0.9997557137149999,1717727555,35436,187120.7628303934,
2024-06-08,2024-06-08T12:21:59.000000Z,20047080,0x2f132164c8951ad1849e62bc34f3447c1ab5fe59f37330fc1f982dc044141972,17,mint_to_agent,0x0000000000000000000000000000000000000000,0x3e40d73eb977dc6a537af587d48316fee66e9c8c,True,48035769022124858726,48.03576902212486,0x5f4eC3Df9cbd43714FE2740f5E3616155c5b8419,110680464442257327758,3679.74155262,1717847735,1584,0x86392dC19c0b719886221c78AB11eb8Cf5c52812,18446744073709552655,0.9995583199015283,1717813967,35352,176681.1442551576,
2024-06-09,2024-06-09T12:24:23.000000Z,20054247,0x6d6b2e6515f8c137593c2f668f8b8751bba7fa255f96811eb2ac5a392b938b1b,17,mint_to_agent,0x0000000000000000000000000000000000000000,0x3e40d73eb977dc6a537af587d48316fee66e9c8c,True,44016481890341579970,44.01648189034157,0x5f4eC3Df9cbd43714FE2740f5E3616155c5b8419,110680464442257327783,3691.93,1717934147,1716,0x86392dC19c0b719886221c78AB11eb8Cf5c52812,18446744073709552656,0.9995010933606682,1717900379,35484,162424.6947778333,
2024-06-10,2024-06-10T12:21:59.000000Z,20061399,0x66394b75aeb5a2ce568f211986cf13b0753979f6cb014d7f474933e976e74907,17,mint_to_agent,0x0000000000000000000000000000000000000000,0x3e40d73eb977dc6a537af587d48316fee66e9c8c,True,46628504934227530285,46.628504934227536,0x5f4eC3Df9cbd43714FE2740f5E3616155c5b8419,110680464442257327815,3672.43567627,1718020535,1584,0x86392dC19c0b719886221c78AB11eb8Cf5c52812,18446744073709552657,0.9996312743601665,1717986803,35316,171177.04440479056,
2024-06-11,2024-06-11T12:22:23.000000Z,20068554,0xb478eca23cb96d3a42230f978a9884553a7382b782c4b2b273d44a49bb241d43,17,mint_to_agent,0x0000000000000000000000000000000000000000,0x3e40d73eb977dc6a537af587d48316fee66e9c8c,True,51458248536626735701,51.45824853662673,0x5f4eC3Df9cbd43714FE2740f5E3616155c5b8419,110680464442257327859,3529.57,1718106947,1596,0x86392dC19c0b719886221c78AB11eb8Cf5c52812,18446744073709552658,0.9992474818303241,1718073215,35328,181488.81380590404,
2024-06-12,2024-06-12T12:24:35.000000Z,20075730,0x57fd739896e82240062893a9e0328fdee8bf8ccaa50c004039201c3c0a9062c7,17,mint_to_agent,0x0000000000000000000000000000000000000000,0x3e40d73eb977dc6a537af587d48316fee66e9c8c,True,47177377207862911007,47.17737720786291,0x5f4eC3Df9cbd43714FE2740f5E3616155c5b8419,110680464442257327898,3536.04,1718193335,1740,0x86392dC19c0b719886221c78AB11eb8Cf5c52812,18446744073709552659,0.9997097162907369,1718159627,35448,166772.66745646062,
2024-06-13,2024-06-13T12:27:47.000000Z,20082898,0x6461543b3989e2f6d5dce1a92c3c196a79cb0af353bef96c93b25e9938af0255,17,mint_to_agent,0x0000000000000000000000000000000000000000,0x3e40d73eb977dc6a537af587d48316fee66e9c8c,True,53124472242900667046,53.124472242900666,0x5f4eC3Df9cbd43714FE2740f5E3616155c5b8419,110680464442257327949,3497.67,1718279747,1920,0x86392dC19c0b719886221c78AB11eb8Cf5c52812,18446744073709552660,0.9997000000000004,1718246039,35628,185756.1292679775,
2024-06-14,2024-06-14T12:23:47.000000Z,20090022,0x3da98148047117e5931293989ef4cdbbfefbd8d71aac159a0b5be89b947749f8,17,mint_to_agent,0x0000000000000000000000000000000000000000,0x3e40d73eb977dc6a537af587d48316fee66e9c8c,True,44570959313003467158,44.57095931300347,0x5f4eC3Df9cbd43714FE2740f5E3616155c5b8419,110680464442257327987,3515.43475785,1718366147,1680,0x86392dC19c0b719886221c78AB11eb8Cf5c52812,18446744073709552661,0.9998324242845478,1718332475,35352,156660.0427409003,
2024-06-15,2024-06-15T12:24:59.000000Z,20097176,0x03f135a5f2259ee6958aa8f8347a6145662f7e9759eaea330656b16c87ae4728,17,mint_to_agent,0x0000000000000000000000000000000000000000,0x3e40d73eb977dc6a537af587d48316fee66e9c8c,True,45330910218796495206,45.3309102187965,0x5f4eC3Df9cbd43714FE2740f5E3616155c5b8419,110680464442257328036,3538.1109,1718452535,1764,0x86392dC19c0b719886221c78AB11eb8Cf5c52812,18446744073709552662,0.9997351803923064,1718418887,35412,160343.3142507061,
2024-06-16,2024-06-16T12:23:35.000000Z,20104330,0xaa3939bce4eb34d3ff2273c26105f2a994ac17ec6f963cf1d84b6874031f9d62,17,mint_to_agent,0x0000000000000000000000000000000000000000,0x3e40d73eb977dc6a537af587d48316fee66e9c8c,True,42875139246884840042,42.87513924688484,0x5f4eC3Df9cbd43714FE2740f5E3616155c5b8419,110680464442257328067,3551.6849,1718539127,1488,0x86392dC19c0b719886221c78AB11eb8Cf5c52812,18446744073709552663,0.9997335520331221,1718505299,35316,152238.41022270045,
2024-06-17,2024-06-17T12:22:47.000000Z,20111477,0x43f2c862517113534d27693e671220001b9fbea62803fd10c1b402ab8c5701dc,17,mint_to_agent,0x0000000000000000000000000000000000000000,0x3e40d73eb977dc6a537af587d48316fee66e9c8c,True,42650127351287203880,42.6501273512872,0x5f4eC3Df9cbd43714FE2740f5E3616155c5b8419,110680464442257328103,3520.64064123,1718625335,1632,0x86392dC19c0b719886221c78AB11eb8Cf5c52812,18446744073709552664,0.9997121188809965,1718591723,35244,150112.5446949932,
2024-06-18,2024-06-18T12:23:23.000000Z,20118617,0xa3d6eb3bc03d90b2e32f8479d2275037d395970dc6b9635d4705a85288d267d0,17,mint_to_agent,0x0000000000000000000000000000000000000000,0x3e40d73eb977dc6a537af587d48316fee66e9c8c,True,46162730544331097865,46.1627305443311,0x5f4eC3Df9cbd43714FE2740f5E3616155c5b8419,110680464442257328151,3394.79,1718713151,252,0x86392dC19c0b719886221c78AB11eb8Cf5c52812,18446744073709552665,0.9996102240388375,1718678135,35268,156651.69315168832,
2024-06-19,2024-06-19T12:22:35.000000Z,20125757,0x1e1bb1e42771b894a460fe8c671d876e0825c07585692c2de4d1f577cb530031,17,mint_to_agent,0x0000000000000000000000000000000000000000,0x3e40d73eb977dc6a537af587d48316fee66e9c8c,True,43497309063321612447,43.497309063321616,0x5f4eC3Df9cbd43714FE2740f5E3616155c5b8419,110680464442257328198,3529.92146291,1718798123,1632,0x86392dC19c0b719886221c78AB11eb8Cf5c52812,18446744073709552666,0.9998313127537424,1718764547,35208,153516.18424997208,
2024-06-20,2024-06-20T12:25:47.000000Z,20132926,0x0ee8093584feec32f9fd757f8bf41c3d64112670d348be521635099fa8b703d5,21,mint_to_agent,0x0000000000000000000000000000000000000000,0x3e40d73eb977dc6a537af587d48316fee66e9c8c,True,45030182223017928791,45.030182223017924,0x5f4eC3Df9cbd43714FE2740f5E3616155c5b8419,110680464442257328238,3598.96696406,1718884535,1812,0x86392dC19c0b719886221c78AB11eb8Cf5c52812,18446744073709552667,0.999714754696769,1718850959,35388,162015.9107424885,
2024-06-21,2024-06-21T12:24:59.000000Z,20140081,0x9114610a82c293df93c57cdc3240df79657bd6d50d7a2651e52c61bc933aaad9,17,mint_to_agent,0x0000000000000000000000000000000000000000,0x3e40d73eb977dc6a537af587d48316fee66e9c8c,True,43521869250281946092,43.521869250281945,0x5f4eC3Df9cbd43714FE2740f5E3616155c5b8419,110680464442257328283,3482.34658,1718972123,576,0x86392dC19c0b719886221c78AB11eb8Cf5c52812,18446744073709552668,0.9997524864125343,1718937383,35316,151520.71981708083,
2024-06-22,2024-06-22T12:27:47.000000Z,20147242,0xb544eb0cd450d854b9ed087c1871354a6adedbbc8f5050927fb19fbd303708aa,17,mint_to_agent,0x0000000000000000000000000000000000000000,0x3e40d73eb977dc6a537af587d48316fee66e9c8c,True,42043961679898428070,42.04396167989843,0x5f4eC3Df9cbd43714FE2740f5E3616155c5b8419,110680464442257328319,3492.98381711,1719057335,1932,0x86392dC19c0b719886221c78AB11eb8Cf5c52812,18446744073709552669,0.9997999999999998,1719023795,35472,146829.50597952717,
2024-06-23,2024-06-23T12:23:23.000000Z,20154363,0xd882206c48a017842e52974f04b848a68fba9d6fcccbfabb1de66726fc09a48c,17,mint_to_agent,0x0000000000000000000000000000000000000000,0x3e40d73eb977dc6a537af587d48316fee66e9c8c,True,43085555324135895604,43.085555324135896,0x5f4eC3Df9cbd43714FE2740f5E3616155c5b8419,110680464442257328344,3495.05,1719143759,1644,0x86392dC19c0b719886221c78AB11eb8Cf5c52812,18446744073709552670,0.9998044554054459,1719110207,35196,150556.72382403657,
2024-06-24,2024-06-24T12:25:11.000000Z,20161526,0xa79c0b2b2c693eb144a7fd7e1c81434358b531e6c4a1c7716ab0812b7ae09436,17,mint_to_agent,0x0000000000000000000000000000000000000000,0x3e40d73eb977dc6a537af587d48316fee66e9c8c,True,44013164354887023383,44.013164354887024,0x5f4eC3Df9cbd43714FE2740f5E3616155c5b8419,110680464442257328385,3320.26,1719230147,1764,0x86392dC19c0b719886221c78AB11eb8Cf5c52812,18446744073709552671,0.9998999999999997,1719196619,35292,146120.53556604905,
2024-06-25,2024-06-25T12:23:47.000000Z,20168672,0x063493f4697107af507967678616cc1e604b37000eb5c0efd1d7da8e176f1c39,54,mint_to_agent,0x0000000000000000000000000000000000000000,0x3e40d73eb977dc6a537af587d48316fee66e9c8c,True,44640889113816241033,44.64088911381624,0x5f4eC3Df9cbd43714FE2740f5E3616155c5b8419,110680464442257328440,3376.0747,1719316523,1704,0x86392dC19c0b719886221c78AB11eb8Cf5c52812,18446744073709552672,0.9994023737729921,1719283031,35196,150620.90749051207,
2024-06-26,2024-06-26T12:22:11.000000Z,20175834,0xe461752f45b4e71ef91cd6b3db248e5e68e23dc2d1bd32789f3e2288dbb69d46,17,mint_to_agent,0x0000000000000000000000000000000000000000,0x3e40d73eb977dc6a537af587d48316fee66e9c8c,True,43548568409670722200,43.54856840967072,0x5f4eC3Df9cbd43714FE2740f5E3616155c5b8419,110680464442257328476,3378.73,1719402947,1584,0x86392dC19c0b719886221c78AB11eb8Cf5c52812,18446744073709552673,0.9997473216310605,1719369443,35088,147101.67573703328,
2024-06-27,2024-06-27T12:23:11.000000Z,20182999,0x711be61d6d47c5ef4dc18aa1e93be26f88c4081311cc8f597f0546ac97911a29,17,mint_to_agent,0x0000000000000000000000000000000000000000,0x3e40d73eb977dc6a537af587d48316fee66e9c8c,True,43765215194974324232,43.765215194974324,0x5f4eC3Df9cbd43714FE2740f5E3616155c5b8419,110680464442257328509,3423.42474538,1719490151,840,0x86392dC19c0b719886221c78AB11eb8Cf5c52812,18446744073709552674,0.9998448305569475,1719455867,35124,149803.67212551885,
2024-06-28,2024-06-28T12:22:11.000000Z,20190154,0xe8c70669a31b4e60204dea161350676e40d5a6f87dd06f2e2a2ad2b138f50799,323,mint_to_agent,0x0000000000000000000000000000000000000000,0x3e40d73eb977dc6a537af587d48316fee66e9c8c,True,46278813144868899805,46.2788131448689,0x5f4eC3Df9cbd43714FE2740f5E3616155c5b8419,110680464442257328542,3447.29969342,1719575723,1608,0x86392dC19c0b719886221c78AB11eb8Cf5c52812,18446744073709552675,0.9998078309568293,1719542279,35052,159506.28030535183,
2024-06-29,2024-06-29T12:30:11.000000Z,20197351,0x446a1e7a6af9abba5bac21025ddc9593c9cd4ab1ba7897f430a3e9264318cd78,17,mint_to_agent,0x0000000000000000000000000000000000000000,0x3e40d73eb977dc6a537af587d48316fee66e9c8c,True,41628926287771698917,41.6289262877717,0x5f4eC3Df9cbd43714FE2740f5E3616155c5b8419,110680464442257328575,3397.27095632,1719662135,2076,0x86392dC19c0b719886221c78AB11eb8Cf5c52812,18446744073709552676,0.9999717204753874,1719628691,35520,141420.7427957545,
2024-06-30,2024-06-30T12:26:11.000000Z,20204491,0xa68ac39dbc439adbfa1753c62eff82856d2b49d9b6f15524d3f86fb261035d6d,49,mint_to_agent,0x0000000000000000000000000000000000000000,0x3e40d73eb977dc6a537af587d48316fee66e9c8c,True,41067239362091859842,41.06723936209186,0x5f4eC3Df9cbd43714FE2740f5E3616155c5b8419,110680464442257328601,3383.15,1719748547,1824,0x86392dC19c0b719886221c78AB11eb8Cf5c52812,18446744073709552677,0.9999994774586515,1719715103,35268,138936.55824772664,
2024-07-01,2024-07-01T12:28:59.000000Z,20211671,0x87a14f20cf9188416ab62063e54d1fb294cf938ef08de791b9e02bd4f02a9113,17,mint_to_agent,0x0000000000000000000000000000000000000000,0x3e40d73eb977dc6a537af587d48316fee66e9c8c,True,44040594579668685596,44.04059457966869,0x5f4eC3Df9cbd43714FE2740f5E3616155c5b8419,110680464442257328632,3454.61676797,1719834935,2004,0x86392dC19c0b719886221c78AB11eb8Cf5c52812,18446744073709552678,0.9996434438815588,1719801515,35424,152089.12885451852,
2024-07-02,2024-07-02T12:24:11.000000Z,20218812,0x44cda796853b344df639290a3e10643cd16a8842b8660b282fe49a10daf2672f,17,mint_to_agent,0x0000000000000000000000000000000000000000,0x3e40d73eb977dc6a537af587d48316fee66e9c8c,True,43531544407899077931,43.53154440789908,0x5f4eC3Df9cbd43714FE2740f5E3616155c5b8419,110680464442257328662,3446.5,1719921347,1704,0x86392dC19c0b719886221c78AB11eb8Cf5c52812,18446744073709552679,0.9998373047570428,1719887927,35124,150007.05839571892,
2024-07-03,2024-07-03T12:24:59.000000Z,20225964,0xe365c182603b00917b7fd51bd27549d619eb28f7bf1c7ba3f5a8d282ca2c1ddc,17,mint_to_agent,0x0000000000000000000000000000000000000000,0x3e40d73eb977dc6a537af587d48316fee66e9c8c,True,44581357729342861710,44.58135772934286,0x5f4eC3Df9cbd43714FE2740f5E3616155c5b8419,110680464442257328698,3305.67,1720007747,1752,0x86392dC19c0b719886221c78AB11eb8Cf5c52812,18446744073709552680,0.9996059116813499,1719974339,35160,147313.17951434513,
2024-07-04,2024-07-04T12:23:47.000000Z,20233128,0xd0d1c154d8c535e61f37213b1ecd952e206e8c39d8e9b51767681b8d961100e9,17,mint_to_agent,0x0000000000000000000000000000000000000000,0x3e40d73eb977dc6a537af587d48316fee66e9c8c,True,50185039740828883232,50.185039740828884,0x5f4eC3Df9cbd43714FE2740f5E3616155c5b8419,110680464442257328751,3141.76,1720095419,408,0x86392dC19c0b719886221c78AB11eb8Cf5c52812,18446744073709552681,0.9998278939089117,1720060775,35052,157642.21460055513,
2024-07-05,2024-07-05T12:22:35.000000Z,20240276,0xf9249d911098eaa1e8aeab970ae268e5fdbb43ecfbd9cf9cc35f1648a5be846e,17,mint_to_agent,0x0000000000000000000000000000000000000000,0x3e40d73eb977dc6a537af587d48316fee66e9c8c,True,60466068529812155850,60.466068529812155,0x5f4eC3Df9cbd43714FE2740f5E3616155c5b8419,110680464442257328849,2942.22,1720180547,1608,0x86392dC19c0b719886221c78AB11eb8Cf5c52812,18446744073709552682,0.9994743508303063,1720147187,34968,177810.960809611,
2024-07-06,2024-07-06T12:23:23.000000Z,20247439,0xf7d888269aa72f67553cf60f996c4b82dfea8a9b68cf71957afabe0e6a627212,95,mint_to_agent,0x0000000000000000000000000000000000000000,0x3e40d73eb977dc6a537af587d48316fee66e9c8c,True,44769463210611923491,44.769463210611924,0x5f4eC3Df9cbd43714FE2740f5E3616155c5b8419,110680464442257328905,3007.87271212,1720266923,1680,0x86392dC19c0b719886221c78AB11eb8Cf5c52812,18446744073709552683,0.9989849435587596,1720233611,34992,134524.15836760626,
2024-07-07,2024-07-07T12:22:11.000000Z,20254603,0xd0d55eb52e4aeef641f6afe6608bcfd8f60caa5295589dd6216e130d0e3c0e24,17,mint_to_agent,0x0000000000000000000000000000000000000000,0x3e40d73eb977dc6a537af587d48316fee66e9c8c,True,41419096447179003788,41.41909644717901,0x5f4eC3Df9cbd43714FE2740f5E3616155c5b8419,110680464442257328946,3017.19402,1720353371,1560,0x86392dC19c0b719886221c78AB11eb8Cf5c52812,18446744073709552684,0.9990920955889928,1720320023,34908,124855.9897992319,
2024-07-08,2024-07-08T12:23:47.000000Z,20261767,0x1469c91ece2980997beee2498d9921a43cb0849844c1c88f678d09e1f659d8d7,17,mint_to_agent,0x0000000000000000000000000000000000000000,0x3e40d73eb977dc6a537af587d48316fee66e9c8c,True,42728846711392258229,42.72884671139226,0x5f4eC3Df9cbd43714FE2740f5E3616155c5b8419,110680464442257329023,3056.44396456,1720441259,168,0x86392dC19c0b719886221c78AB11eb8Cf5c52812,18446744073709552685,0.9986748280148112,1720406435,34992,130425.26040118876,
2024-07-09,2024-07-09T12:24:23.000000Z,20268914,0x0ecf3d6b8b90d7a008798dbe0825cba3c827af67efead959aeb4d13e774f365b,17,mint_to_agent,0x0000000000000000000000000000000000000000,0x3e40d73eb977dc6a537af587d48316fee66e9c8c,True,43780002069762568092,43.78000206976257,0x5f4eC3Df9cbd43714FE2740f5E3616155c5b8419,110680464442257329104,3087.8,1720526147,1716,0x86392dC19c0b719886221c78AB11eb8Cf5c52812,18446744073709552686,0.9996079537052727,1720492847,35016,135130.89204767824,
2024-07-10,2024-07-10T12:25:23.000000Z,20276084,0x8eecc7f8c441b5461c3639cf7fd9f78ed15b0a60187c137e5827a8ccd8d7ec87,17,mint_to_agent,0x0000000000000000000000000000000000000000,0x3e40d73eb977dc6a537af587d48316fee66e9c8c,True,45005170333849565167,45.00517033384957,0x5f4eC3Df9cbd43714FE2740f5E3616155c5b8419,110680464442257329151,3101.41486,1720612535,1788,0x86392dC19c0b719886221c78AB11eb8Cf5c52812,18446744073709552687,0.9996,1720579271,35052,139523.8721686121,
2024-07-11,2024-07-11T12:22:59.000000Z,20283238,0xfe347999856b50ecea802f8e946fac86a498bae753f211fa1badfa5df8000bd8,17,mint_to_agent,0x0000000000000000000000000000000000000000,0x3e40d73eb977dc6a537af587d48316fee66e9c8c,True,44202844052323603821,44.202844052323606,0x5f4eC3Df9cbd43714FE2740f5E3616155c5b8419,110680464442257329195,3154.04897544,1720698983,1596,0x86392dC19c0b719886221c78AB11eb8Cf5c52812,18446744073709552688,0.9997278888157201,1720665683,34896,139379.9978153641,
2024-07-12,2024-07-12T12:23:23.000000Z,20290395,0x056f748a3db2d3764bb448a2be9b9ade9d49f99f597f920d7df46a65fa0e25d3,17,mint_to_agent,0x0000000000000000000000000000000000000000,0x3e40d73eb977dc6a537af587d48316fee66e9c8c,True,45031392720398987750,45.03139272039899,0x5f4eC3Df9cbd43714FE2740f5E3616155c5b8419,110680464442257329247,3066.99,1720785335,1668,0x86392dC19c0b719886221c78AB11eb8Cf5c52812,18446744073709552689,0.9997582426672523,1720752095,34908,138077.4418533718,
2024-07-13,2024-07-13T12:22:23.000000Z,20297558,0xad840a64f45e538b44d579fb1f2d6d9900548c517dc51b562b75d9140837b6bb,17,mint_to_agent,0x0000000000000000000000000000000000000000,0x3e40d73eb977dc6a537af587d48316fee66e9c8c,True,42695698946586497500,42.6956989465865,0x5f4eC3Df9cbd43714FE2740f5E3616155c5b8419,110680464442257329280,3158.3811419,1720871747,1596,0x86392dC19c0b719886221c78AB11eb8Cf5c52812,18446744073709552690,0.9997078207156657,1720838507,34836,134809.89022397844,
2024-07-14,2024-07-14T12:21:59.000000Z,20304711,0x1e9aea321833c5d67119c25011d8b3b0483b856803ac40da634fc4a4c2fb6224,17,mint_to_agent,0x0000000000000000000000000000000000000000,0x3e40d73eb977dc6a537af587d48316fee66e9c8c,True,42875642330217457437,42.87564233021745,0x5f4eC3Df9cbd43714FE2740f5E3616155c5b8419,110680464442257329318,3202.6744,1720958123,1596,0x86392dC19c0b719886221c78AB11eb8Cf5c52812,18446744073709552691,0.9997135681093623,1720924919,34800,137277.3901862238,
2024-07-15,2024-07-15T12:23:35.000000Z,20311888,0x942d0145fbe83776e6d65d443a35ed6fe20bb0f71d898c124d5872a6873fd8a9,17,mint_to_agent,0x0000000000000000000000000000000000000000,0x3e40d73eb977dc6a537af587d48316fee66e9c8c,True,42971979822215952639,42.97197982221596,0x5f4eC3Df9cbd43714FE2740f5E3616155c5b8419,110680464442257329356,3343.3,1721044535,1680,0x86392dC19c0b719886221c78AB11eb8Cf5c52812,18446744073709552692,0.9997755840279302,1721011331,34884,143635.97869633645,
2024-07-16,2024-07-16T12:24:35.000000Z,20319052,0xa1691e24ee5149ad4fc59b862ca25e6f3b2297a6c5c706321153da82aaf32539,17,mint_to_agent,0x0000000000000000000000000000000000000000,0x3e40d73eb977dc6a537af587d48316fee66e9c8c,True,45308117308281554449,45.30811730828155,0x5f4eC3Df9cbd43714FE2740f5E3616155c5b8419,110680464442257329410,3417.2945,1721130923,1752,0x86392dC19c0b719886221c78AB11eb8Cf5c52812,18446744073709552693,0.9998972468199072,1721097755,34920,154815.27068681433,
2024-07-17,2024-07-17T12:24:23.000000Z,20326229,0x5b70d5e7ccb9833117d5a4a4c98da9590a38e4e1d5ff50db800a47788ea1618e,17,mint_to_agent,0x0000000000000000000000000000000000000000,0x3e40d73eb977dc6a537af587d48316fee66e9c8c,True,46483220230993917900,46.48322023099392,0x5f4eC3Df9cbd43714FE2740f5E3616155c5b8419,110680464442257329455,3450.81250433,1721217347,1716,0x86392dC19c0b719886221c78AB11eb8Cf5c52812,18446744073709552694,0.9998732641729395,1721184167,34896,160384.54856981002,
2024-07-18,2024-07-18T12:24:59.000000Z,20333389,0x48141d763eacde0fe24314c2e9cffa1da664198fc9bdafd0c46d4a7c9dad9c5c,17,mint_to_agent,0x0000000000000000000000000000000000000000,0x3e40d73eb977dc6a537af587d48316fee66e9c8c,True,49417466272338900664,49.417466272338906,0x5f4eC3Df9cbd43714FE2740f5E3616155c5b8419,110680464442257329494,3453.91016433,1721303723,1776,0x86392dC19c0b719886221c78AB11eb8Cf5c52812,18446744073709552695,0.9998000000000001,1721270579,34920,170649.35235565563,
2024-07-19,2024-07-19T12:24:35.000000Z,20340559,0xbac42a6c8c0f85535a5888949562423c0fb86d84d29507a7d24cb6dab3af85bb,17,mint_to_agent,0x0000000000000000000000000000000000000000,0x3e40d73eb977dc6a537af587d48316fee66e9c8c,True,46579463287594192096,46.57946328759419,0x5f4eC3Df9cbd43714FE2740f5E3616155c5b8419,110680464442257329538,3398.21402116,1721390135,1740,0x86392dC19c0b719886221c78AB11eb8Cf5c52812,18446744073709552696,1.0003362294747526,1721356991,34884,158340.20599191813,
2024-07-20,2024-07-20T12:24:59.000000Z,20347725,0x67b8b99b654ff13c05f65cc3f5bddf370d18550bf3c6e607bd866cd98045874f,17,mint_to_agent,0x0000000000000000000000000000000000000000,0x3e40d73eb977dc6a537af587d48316fee66e9c8c,True,42790401369579426141,42.79040136957943,0x5f4eC3Df9cbd43714FE2740f5E3616155c5b8419,110680464442257329576,3486.33,1721476523,1776,0x86392dC19c0b719886221c78AB11eb8Cf5c52812,18446744073709552697,0.9997989576049446,1721443403,34896,149151.46820878822,
2024-07-21,2024-07-21T12:24:11.000000Z,20354893,0x9ac8843846d1de6b18f75a09bd4c4d9c41b30d6a9739489aa1744539f2f38614,17,mint_to_agent,0x0000000000000000000000000000000000000000,0x3e40d73eb977dc6a537af587d48316fee66e9c8c,True,42057965585394033508,42.05796558539403,0x5f4eC3Df9cbd43714FE2740f5E3616155c5b8419,110680464442257329607,3498.99874,1721562935,1716,0x86392dC19c0b719886221c78AB11eb8Cf5c52812,18446744073709552698,0.9995266749235181,1721529815,34836,147091.11370820896,
2024-07-22,2024-07-22T12:23:35.000000Z,20362047,0x8d9b0c0487c91760f554c8835d6ffe5d96a8c74737f325cd1f1e8d1e958012b4,17,mint_to_agent,0x0000000000000000000000000000000000000000,0x3e40d73eb977dc6a537af587d48316fee66e9c8c,True,46368547040423837946,46.368547040423834,0x5f4eC3Df9cbd43714FE2740f5E3616155c5b8419,110680464442257329650,3499.304,1721649323,1692,0x86392dC19c0b719886221c78AB11eb8Cf5c52812,18446744073709552699,0.9998598441405077,1721616227,34788,162234.900773451,
2024-07-23,2024-07-23T12:22:23.000000Z,20369203,0xec6c25e91c8a451c3e7f72952068bc719c571ba81cfa1adfc9b25433c7c5c2a4,17,mint_to_agent,0x0000000000000000000000000000000000000000,0x3e40d73eb977dc6a537af587d48316fee66e9c8c,True,44566954525151604196,44.5669545251516,0x5f4eC3Df9cbd43714FE2740f5E3616155c5b8419,110680464442257329692,3518.6743823,1721735735,1608,0x86392dC19c0b719886221c78AB11eb8Cf5c52812,18446744073709552700,0.9998897181838894,1721702639,34704,156799.30716520504,
2024-07-24,2024-07-24T12:26:59.000000Z,20376397,0xb50ef2f11e042bc7f4e92a0c20033991661bfd9c94a3a2252ca2539299c0bd6c,17,mint_to_agent,0x0000000000000000000000000000000000000000,0x3e40d73eb977dc6a537af587d48316fee66e9c8c,True,44056210713512911590,44.05621071351291,0x5f4eC3Df9cbd43714FE2740f5E3616155c5b8419,110680464442257329744,3463.33960338,1721822147,1872,0x86392dC19c0b719886221c78AB11eb8Cf5c52812,18446744073709552701,0.9998096192280115,1721789051,34968,152552.5707324825,
2024-07-25,2024-07-25T12:23:47.000000Z,20383539,0xffa201f427782a7f2b760ef4c84be8567237fb5e23deabe8d5282cb35aa77abc,24,mint_to_agent,0x0000000000000000000000000000000000000000,0x3e40d73eb977dc6a537af587d48316fee66e9c8c,True,44703815091878393367,44.7038150918784,0x5f4eC3Df9cbd43714FE2740f5E3616155c5b8419,110680464442257329800,3174.78158252,1721908535,1692,0x86392dC19c0b719886221c78AB11eb8Cf5c52812,18446744073709552702,0.9995684458100139,1721875463,34764,141863.60055890284,
2024-07-26,2024-07-26T12:24:35.000000Z,20390706,0x33e9bdae4b50c469f15aaf567190b8bc4bb8fb2b2164022ef4abde054513c663,17,mint_to_agent,0x0000000000000000000000000000000000000000,0x3e40d73eb977dc6a537af587d48316fee66e9c8c,True,43715829758994472845,43.715829758994474,0x5f4eC3Df9cbd43714FE2740f5E3616155c5b8419,110680464442257329859,3246.69,1721994935,1740,0x86392dC19c0b719886221c78AB11eb8Cf5c52812,18446744073709552703,0.9992321622274208,1721961899,34776,141822.76676350913,
2024-07-27,2024-07-27T12:25:11.000000Z,20397869,0xe58934cd7c508511d2c65a3aa04955f5dd4282db449a0f3cca6a66c890709170,17,mint_to_agent,0x0000000000000000000000000000000000000000,0x3e40d73eb977dc6a537af587d48316fee66e9c8c,True,41912087762415246162,41.91208776241525,0x5f4eC3Df9cbd43714FE2740f5E3616155c5b8419,110680464442257329894,3295.18969676,1722082187,924,0x86392dC19c0b719886221c78AB11eb8Cf5c52812,18446744073709552704,0.999746984366609,1722048323,34788,138073.33621053045,
2024-07-28,2024-07-28T12:22:47.000000Z,20405018,0x5bc0f3b35c1d7658adff3b231c432c5b07de6cb91d29ac6e32632cf6fe1a2335,17,mint_to_agent,0x0000000000000000000000000000000000000000,0x3e40d73eb977dc6a537af587d48316fee66e9c8c,True,45042007296602100250,45.0420072966021,0x5f4eC3Df9cbd43714FE2740f5E3616155c5b8419,110680464442257329941,3257.10685694,1722167735,1632,0x86392dC19c0b719886221c78AB11eb8Cf5c52812,18446744073709552705,0.9996809642689896,1722134735,34632,146659.82615889772,
2024-07-29,2024-07-29T12:22:35.000000Z,20412190,0xd3f99732f069260f048dc95d13aea104f5826d007f511767ddcae6a0f1bc775d,17,mint_to_agent,0x0000000000000000000000000000000000000000,0x3e40d73eb977dc6a537af587d48316fee66e9c8c,True,41817634253229765796,41.81763425322977,0x5f4eC3Df9cbd43714FE2740f5E3616155c5b8419,110680464442257329977,3375.02358651,1722254123,1632,0x86392dC19c0b719886221c78AB11eb8Cf5c52812,18446744073709552706,0.9998839730629143,1722221147,34608,141119.1264166952,
2024-07-30,2024-07-30T12:22:23.000000Z,20419341,0x9906b936c217b8dc7d47e95b95dd4b920f99a4f878f009fb0548371174161558,17,mint_to_agent,0x0000000000000000000000000000000000000000,0x3e40d73eb977dc6a537af587d48316fee66e9c8c,True,43370022135032648046,43.37002213503265,0x5f4eC3Df9cbd43714FE2740f5E3616155c5b8419,110680464442257330018,3336.53532106,1722340547,1596,0x86392dC19c0b719886221c78AB11eb8Cf5c52812,18446744073709552707,0.999874792752816,1722307559,34584,144687.49253751905,
2024-07-31,2024-07-31T12:23:11.000000Z,20426509,0xdedce6c29f0492636fa88ba64b9a7b56ec967d3d8f3de4474bdd1bf44b18d24e,17,mint_to_agent,0x0000000000000000000000000000000000000000,0x3e40d73eb977dc6a537af587d48316fee66e9c8c,True,44723555419838646201,44.72355541983865,0x5f4eC3Df9cbd43714FE2740f5E3616155c5b8419,110680464442257330060,3319.80383252,1722426935,1656,0x86392dC19c0b719886221c78AB11eb8Cf5c52812,18446744073709552708,0.9998568843178895,1722393971,34620,148452.18181039297,
2024-08-01,2024-08-01T12:29:11.000000Z,20433700,0x2e3a3c8553d902db60329b752a16d3d20e947148f3de566f3c700ae80b43eda8,17,mint_to_agent,0x0000000000000000000000000000000000000000,0x3e40d73eb977dc6a537af587d48316fee66e9c8c,True,45294242783812760913,45.29424278381276,0x5f4eC3Df9cbd43714FE2740f5E3616155c5b8419,110680464442257330112,3188.80156605,1722513323,2028,0x86392dC19c0b719886221c78AB11eb8Cf5c52812,18446744073709552709,0.9998954039014948,1722480395,34956,144419.245052328,
2024-08-02,2024-08-02T12:30:35.000000Z,20440871,0xcd665a57b6f3fba445e11b069e6f459a70b3ffb31b204fa4eefd4927c3ca1ac6,20,mint_to_agent,0x0000000000000000000000000000000000000000,0x3e40d73eb977dc6a537af587d48316fee66e9c8c,True,44835414764338402018,44.8354147643384,0x5f4eC3Df9cbd43714FE2740f5E3616155c5b8419,110680464442257330161,3154.76,1722599747,2088,0x86392dC19c0b719886221c78AB11eb8Cf5c52812,36893488147419103266,0.9996443071088819,1722584903,16932,141394.66211053458,
2024-08-03,2024-08-03T12:27:47.000000Z,20448013,0xba9651bab331e2f333e9fde43df8f35b3591fee6455a06f8747f69167064d088,17,mint_to_agent,0x0000000000000000000000000000000000000000,0x3e40d73eb977dc6a537af587d48316fee66e9c8c,True,45325372925657955222,45.32537292565796,0x5f4eC3Df9cbd43714FE2740f5E3616155c5b8419,110680464442257330228,2994.29,1722686123,1944,0x86392dC19c0b719886221c78AB11eb8Cf5c52812,36893488147419103267,0.9994604150792159,1722671327,16740,135644.07988311868,
2024-08-04,2024-08-04T12:25:23.000000Z,20455178,0x93eb0e765c7b9360b9ebd0530196f996bbe233248ab5448163d9610d4cc334dd,17,mint_to_agent,0x0000000000000000000000000000000000000000,0x3e40d73eb977dc6a537af587d48316fee66e9c8c,True,43617147219316330806,43.61714721931634,0x5f4eC3Df9cbd43714FE2740f5E3616155c5b8419,110680464442257330286,2911.92774716,1722772523,1800,0x86392dC19c0b719886221c78AB11eb8Cf5c52812,36893488147419103268,0.99944845447397,1722757763,16560,126939.92945297586,
2024-08-05,2024-08-05T12:24:35.000000Z,20462346,0x8f10d84b0c1845ac780e15831e2a331ea62ad6100e70b1fc3344cb4e78f46bd6,17,mint_to_agent,0x0000000000000000000000000000000000000000,0x3e40d73eb977dc6a537af587d48316fee66e9c8c,True,147665008351129564155,147.66500835112956,0x5f4eC3Df9cbd43714FE2740f5E3616155c5b8419,110680464442257330547,2246.12602473,1722860315,360,0x86392dC19c0b719886221c78AB11eb8Cf5c52812,36893488147419103295,0.992380021184665,1722830063,30612,329146.86768317234,
2024-08-06,2024-08-06T12:22:23.000000Z,20469501,0x529d4d1145d3f4ac841d1eaad23f9b4abf7b11824290baf85e91f290cad48d3e,17,mint_to_agent,0x0000000000000000000000000000000000000000,0x3e40d73eb977dc6a537af587d48316fee66e9c8c,True,53009074158595106724,53.009074158595105,0x5f4eC3Df9cbd43714FE2740f5E3616155c5b8419,110680464442257330730,2457.27949589,1722945347,1596,0x86392dC19c0b719886221c78AB11eb8Cf5c52812,36893488147419103296,0.9973547551340175,1722861395,85548,129913.54642658401,
2024-08-07,2024-08-07T12:24:11.000000Z,20476673,0x4924e4beb768bb32b29dfe51dbad2e0a433069a911cd7da98ce685451d7cb608,17,mint_to_agent,0x0000000000000000000000000000000000000000,0x3e40d73eb977dc6a537af587d48316fee66e9c8c,True,44883995918902495503,44.88399591890249,0x5f4eC3Df9cbd43714FE2740f5E3616155c5b8419,110680464442257330834,2463.92073905,1723033439,12,0x86392dC19c0b719886221c78AB11eb8Cf5c52812,36893488147419103297,0.9987702283164923,1722947807,85644,110454.60719735212,
2024-08-08,2024-08-08T12:22:11.000000Z,20483837,0x9b077f2b32bfaba392c9375473dac559517a09e808df0a74af37b1f5d8bd598b,17,mint_to_agent,0x0000000000000000000000000000000000000000,0x3e40d73eb977dc6a537af587d48316fee66e9c8c,True,45411139001662382715,45.411139001662384,0x5f4eC3Df9cbd43714FE2740f5E3616155c5b8419,110680464442257330929,2450.87,1723118147,1584,0x86392dC19c0b719886221c78AB11eb8Cf5c52812,36893488147419103300,0.9990404174813495,1723081643,38088,111189.99978302662,
2024-08-09,2024-08-09T12:22:47.000000Z,20491015,0xcf71800bd0b7c47f3a1a594ce946c74f0f7220a79aaceb7da4bcc86b60495145,46,mint_to_agent,0x0000000000000000000000000000000000000000,0x3e40d73eb977dc6a537af587d48316fee66e9c8c,True,45474305918121772197,45.47430591812177,0x5f4eC3Df9cbd43714FE2740f5E3616155c5b8419,110680464442257331013,2636.15,1723204535,1632,0x86392dC19c0b719886221c78AB11eb8Cf5c52812,36893488147419103305,0.9980559340196707,1723165139,41028,119644.0425705612,
2024-08-10,2024-08-10T12:22:47.000000Z,20498180,0xddfb3be4f19eef421e58eda92a52faf6bc99efa01092fa3d41bee180fabf3e2b,17,mint_to_agent,0x0000000000000000000000000000000000000000,0x3e40d73eb977dc6a537af587d48316fee66e9c8c,True,43318017277570596954,43.3180172775706,0x5f4eC3Df9cbd43714FE2740f5E3616155c5b8419,110680464442257331081,2635.03372,1723290947,1620,0x86392dC19c0b719886221c78AB11eb8Cf5c52812,36893488147419103306,0.9996531946137637,1723251563,41004,114104.8503046546,
2024-08-11,2024-08-11T12:23:11.000000Z,20505344,0x278a12df1287e4bd1d084673766a3f9895c72d47b5bb82ec47c27f21f1b8a97c,17,mint_to_agent,0x0000000000000000000000000000000000000000,0x3e40d73eb977dc6a537af587d48316fee66e9c8c,True,40837426918888071226,40.83742691888807,0x5f4eC3Df9cbd43714FE2740f5E3616155c5b8419,110680464442257331121,2639.74290638,1723378451,540,0x86392dC19c0b719886221c78AB11eb8Cf5c52812,36893488147419103307,0.9997039519472846,1723337987,41004,107768.39395267384,
2024-08-12,2024-08-12T12:23:35.000000Z,20512509,0xbb7428f38a206651660a78b0944d5296b7362339388b78bed9e79a433f133275,33,mint_to_agent,0x0000000000000000000000000000000000000000,0x3e40d73eb977dc6a537af587d48316fee66e9c8c,True,44066230447144305602,44.06623044714431,0x5f4eC3Df9cbd43714FE2740f5E3616155c5b8419,110680464442257331193,2673.42133267,1723463735,1680,0x86392dC19c0b719886221c78AB11eb8Cf5c52812,36893488147419103308,0.99976347773378,1723424411,41004,117779.7364070931,
2024-08-13,2024-08-13T12:23:47.000000Z,20519679,0x7c29835ab0714b73d231b9d40077e2d733be2fb246c64dcbec977aaa6df68ba2,35,mint_to_agent,0x0000000000000000000000000000000000000000,0x3e40d73eb977dc6a537af587d48316fee66e9c8c,True,44807916038677801004,44.807916038677796,0x5f4eC3Df9cbd43714FE2740f5E3616155c5b8419,110680464442257331285,2642.25084,1723550135,1692,0x86392dC19c0b719886221c78AB11eb8Cf5c52812,36893488147419103309,0.9997132355670045,1723510847,40980,118359.80267416956,
2024-08-14,2024-08-14T12:24:11.000000Z,20526850,0xe8ab1c8f30a5cc5369dff70fb98d45426c699692580df3294f94e3fa2209c3c8,17,mint_to_agent,0x0000000000000000000000000000000000000000,0x3e40d73eb977dc6a537af587d48316fee66e9c8c,True,43841748291259097022,43.841748291259094,0x5f4eC3Df9cbd43714FE2740f5E3616155c5b8419,110680464442257331344,2757.6,1723636523,1728,0x86392dC19c0b719886221c78AB11eb8Cf5c52812,36893488147419103310,0.9998244485338683,1723597271,40980,120876.78126593048,
2024-08-15,2024-08-15T12:21:59.000000Z,20533997,0x0570dce831d854794086c71b98a7733e31d8405d9c16306042c6f23e7f5dc030,17,mint_to_agent,0x0000000000000000000000000000000000000000,0x3e40d73eb977dc6a537af587d48316fee66e9c8c,True,44571025252686594699,44.571025252686596,0x5f4eC3Df9cbd43714FE2740f5E3616155c5b8419,110680464442257331401,2635.03141775,1723722935,1584,0x86392dC19c0b719886221c78AB11eb8Cf5c52812,36893488147419103311,1.0001782732303186,1723683695,40824,117466.98934921144,
2024-08-16,2024-08-16T12:23:23.000000Z,20541167,0x725758076b635126276c3bc226749b91b825f88051481e844ba1d2d6aba6a3eb,17,mint_to_agent,0x0000000000000000000000000000000000000000,0x3e40d73eb977dc6a537af587d48316fee66e9c8c,True,43566787263927580413,43.56678726392758,0x5f4eC3Df9cbd43714FE2740f5E3616155c5b8419,110680464442257331459,2598.5559,1723810751,252,0x86392dC19c0b719886221c78AB11eb8Cf5c52812,36893488147419103312,0.9998999999999995,1723770119,40884,113199.41101551492,
2024-08-17,2024-08-17T12:21:59.000000Z,20548313,0xced151ee790efcc7fe9d2f6c1acb45e0e26405b2d47cb626b7ffefb8dfa034c4,17,mint_to_agent,0x0000000000000000000000000000000000000000,0x3e40d73eb977dc6a537af587d48316fee66e9c8c,True,40856996176635468242,40.85699617663547,0x5f4eC3Df9cbd43714FE2740f5E3616155c5b8419,110680464442257331506,2598.99,1723895735,1584,0x86392dC19c0b719886221c78AB11eb8Cf5c52812,36893488147419103313,0.9996679335465757,1723856531,40788,106151.66337769735,
2024-08-18,2024-08-18T12:25:11.000000Z,20555496,0x690e2f52835a6ea03a775b50b0c38ab32e6a4b81fe0fe6cc2db3f437ac31a57e,17,mint_to_agent,0x0000000000000000000000000000000000000000,0x3e40d73eb977dc6a537af587d48316fee66e9c8c,True,41117651026773839016,41.117651026773835,0x5f4eC3Df9cbd43714FE2740f5E3616155c5b8419,110680464442257331540,2648.01,1723982123,1788,0x86392dC19c0b719886221c78AB11eb8Cf5c52812,36893488147419103314,0.9996965618610253,1723942943,40968,108846.91276567534,
2024-08-19,2024-08-19T12:24:35.000000Z,20562656,0xe3edd20a048e7ca3ebb339d9a8b9a188b09a9f3075cd8eb467086324c90ae031,36,mint_to_agent,0x0000000000000000000000000000000000000000,0x3e40d73eb977dc6a537af587d48316fee66e9c8c,True,41418211625886872785,41.418211625886876,0x5f4eC3Df9cbd43714FE2740f5E3616155c5b8419,110680464442257331580,2580.2997,1724068535,1740,0x86392dC19c0b719886221c78AB11eb8Cf5c52812,36893488147419103315,1.000177029212283,1724029379,40896,106890.31839239878,
2024-08-20,2024-08-20T12:25:23.000000Z,20569817,0x17ad61d7e15797dfb83c00efbb5e6d51b51889a25ed030ef58248fcd0045a68f,17,mint_to_agent,0x0000000000000000000000000000000000000000,0x3e40d73eb977dc6a537af587d48316fee66e9c8c,True,42735034940598376140,42.73503494059838,0x5f4eC3Df9cbd43714FE2740f5E3616155c5b8419,110680464442257331629,2644.88,1724154947,1776,0x86392dC19c0b719886221c78AB11eb8Cf5c52812,36893488147419103316,0.9998620857210716,1724115791,40932,113013.45089524874,
2024-08-21,2024-08-21T12:23:11.000000Z,20576974,0xe35730f49a83bba27956bccee1d02409817a27951333ea59b9e391944b38880e,17,mint_to_agent,0x0000000000000000000000000000000000000000,0x3e40d73eb977dc6a537af587d48316fee66e9c8c,True,41384005426438193244,41.38400542643819,0x5f4eC3Df9cbd43714FE2740f5E3616155c5b8419,110680464442257331671,2580.8,1724241347,1644,0x86392dC19c0b719886221c78AB11eb8Cf5c52812,36893488147419103317,0.9994067052204535,1724202227,40764,106740.47504312953,
2024-08-22,2024-08-22T12:25:23.000000Z,20584130,0x57a7c70fde4d51756a8cef271777f8362608100e3d91d07aa3eb751f4a74f3ef,42,mint_to_agent,0x0000000000000000000000000000000000000000,0x3e40d73eb977dc6a537af587d48316fee66e9c8c,True,43762331602019356878,43.76233160201936,0x5f4eC3Df9cbd43714FE2740f5E3616155c5b8419,110680464442257331714,2643.956121,1724327735,1788,0x86392dC19c0b719886221c78AB11eb8Cf5c52812,36893488147419103318,0.9997115501180731,1724288663,40860,115672.3092173561,
2024-08-23,2024-08-23T12:24:35.000000Z,20591279,0x33d7d409400917e8027aa9d32d19793def09e2c7324e818266a59810574426d4,17,mint_to_agent,0x0000000000000000000000000000000000000000,0x3e40d73eb977dc6a537af587d48316fee66e9c8c,True,40772990642523885240,40.77299064252388,0x5f4eC3Df9cbd43714FE2740f5E3616155c5b8419,110680464442257331756,2654.14,1724414135,1740,0x86392dC19c0b719886221c78AB11eb8Cf5c52812,36893488147419103319,0.9997374003418951,1724375087,40788,108188.80757756144,
2024-08-24,2024-08-24T12:21:59.000000Z,20598426,0xcfa2f8e65a8a27b06385782381eb9749007be1ccd8d5786628decb2403149518,17,mint_to_agent,0x0000000000000000000000000000000000000000,0x3e40d73eb977dc6a537af587d48316fee66e9c8c,True,41976600682221924428,41.97660068222193,0x5f4eC3Df9cbd43714FE2740f5E3616155c5b8419,110680464442257331810,2761.3558,1724500559,1560,0x86392dC19c0b719886221c78AB11eb8Cf5c52812,36893488147419103320,0.9997674437690458,1724461487,40632,115885.3736236078,
2024-08-25,2024-08-25T12:21:59.000000Z,20605574,0x2d3d40980a38b7d15e742cdd6e6820d0d0f7bb5d1416b5f91f5ff9aef9902e96,17,mint_to_agent,0x0000000000000000000000000000000000000000,0x3e40d73eb977dc6a537af587d48316fee66e9c8c,True,40375674400862328646,40.37567440086233,0x5f4eC3Df9cbd43714FE2740f5E3616155c5b8419,110680464442257331850,2752.58228752,1724586995,1524,0x86392dC19c0b719886221c78AB11eb8Cf5c52812,36893488147419103321,0.9997188281035941,1724547899,40620,111106.11749847163,
2024-08-26,2024-08-26T12:28:23.000000Z,20612765,0x8e15cd394c5d84f5f94d46def36fc2cda08fc05bd759af469d16122524b90d0f,21,mint_to_agent,0x0000000000000000000000000000000000000000,0x3e40d73eb977dc6a537af587d48316fee66e9c8c,True,40350996614696847656,40.35099661469685,0x5f4eC3Df9cbd43714FE2740f5E3616155c5b8419,110680464442257331884,2740.25,1724673347,1956,0x86392dC19c0b719886221c78AB11eb8Cf5c52812,36893488147419103322,0.9998343711866563,1724634323,40980,110553.50459434003,
2024-08-27,2024-08-27T12:26:59.000000Z,20619914,0x0c31b1308ddc051477137e0dee1c82d18a3a8d4aa15d3d81d08e4236bd570f78,34,mint_to_agent,0x0000000000000000000000000000000000000000,0x3e40d73eb977dc6a537af587d48316fee66e9c8c,True,41207167254373055511,41.207167254373054,0x5f4eC3Df9cbd43714FE2740f5E3616155c5b8419,110680464442257331924,2627.96,1724759723,1896,0x86392dC19c0b719886221c78AB11eb8Cf5c52812,36893488147419103323,0.9997484937660163,1724720735,40884,108263.55144972388,
2024-08-28,2024-08-28T12:26:11.000000Z,20627077,0xc5de4d2bf28e35bdbbf0349a691c13f6cd85d3c72f98980fbd18b9db501377b5,17,mint_to_agent,0x0000000000000000000000000000000000000000,0x3e40d73eb977dc6a537af587d48316fee66e9c8c,True,46238048478393335915,46.23804847839334,0x5f4eC3Df9cbd43714FE2740f5E3616155c5b8419,110680464442257331997,2528.15,1724846135,1836,0x86392dC19c0b719886221c78AB11eb8Cf5c52812,36893488147419103325,0.9997975660152447,1724797199,50772,116873.05839135806,
2024-08-29,2024-08-29T12:25:47.000000Z,20634227,0xa708c9f134c69ab0de1772e9f5c627ed4f05dd73751cb2fa681ad76d31489a52,17,mint_to_agent,0x0000000000000000000000000000000000000000,0x3e40d73eb977dc6a537af587d48316fee66e9c8c,True,41027543612936678013,41.027543612936675,0x5f4eC3Df9cbd43714FE2740f5E3616155c5b8419,110680464442257332059,2558.480414,1724932535,1812,0x86392dC19c0b719886221c78AB11eb8Cf5c52812,36893488147419103326,0.9996458777354371,1724883611,50736,104930.9952033063,
2024-08-30,2024-08-30T12:23:11.000000Z,20641368,0x9329ca97bc0370b35f68afdb018cd11bbd5698906b04832264637caaa158c02f,17,mint_to_agent,0x0000000000000000000000000000000000000000,0x3e40d73eb977dc6a537af587d48316fee66e9c8c,True,42792646143672267622,42.79264614367227,0x5f4eC3Df9cbd43714FE2740f5E3616155c5b8419,110680464442257332099,2512.3747,1725018947,1644,0x86392dC19c0b719886221c78AB11eb8Cf5c52812,36893488147419103327,0.9996000000000002,1724970047,50544,107468.15705280782,
2024-08-31,2024-08-31T12:24:47.000000Z,20648536,0xe95f6b58c207db9c89788fff2ec741654d4cbae4ae962c01e0f623f69f83ac37,17,mint_to_agent,0x0000000000000000000000000000000000000000,0x3e40d73eb977dc6a537af587d48316fee66e9c8c,True,39907816308667305794,39.9078163086673,0x5f4eC3Df9cbd43714FE2740f5E3616155c5b8419,110680464442257332144,2525.07,1725105335,1752,0x86392dC19c0b719886221c78AB11eb8Cf5c52812,36893488147419103328,0.999620256759369,1725056471,50616,100731.76298887972,
2024-09-01,2024-09-01T12:23:35.000000Z,20655695,0xa2aa5cb5672c9f71223e4f919500d7d5cfb1a4cd2f173797f80f0c95158e1d79,53,mint_to_agent,0x0000000000000000000000000000000000000000,0x3e40d73eb977dc6a537af587d48316fee66e9c8c,True,39768040683587676495,39.76804068358767,0x5f4eC3Df9cbd43714FE2740f5E3616155c5b8419,110680464442257332177,2475.33,1725191747,1668,0x86392dC19c0b719886221c78AB11eb8Cf5c52812,36893488147419103329,0.9998912032879943,1725142883,50532,98428.314303145,
2024-09-02,2024-09-02T12:22:23.000000Z,20662854,0xfe2aebc6604d1f7d3430bab63fecd991a7eafb295c1e5005330ac56753577014,17,mint_to_agent,0x0000000000000000000000000000000000000000,0x3e40d73eb977dc6a537af587d48316fee66e9c8c,True,40932598528406882904,40.93259852840688,0x5f4eC3Df9cbd43714FE2740f5E3616155c5b8419,110680464442257332238,2517.01,1725278123,1620,0x86392dC19c0b719886221c78AB11eb8Cf5c52812,36893488147419103330,0.9999191219446977,1725229355,50388,103019.42713712885,
2024-09-03,2024-09-03T12:29:35.000000Z,20670057,0x6eeaf503cf7b7687fca5c79495a2e02315edf1817874c8080ac55372181b968d,17,mint_to_agent,0x0000000000000000000000000000000000000000,0x3e40d73eb977dc6a537af587d48316fee66e9c8c,True,44207305264845575258,44.20730526484558,0x5f4eC3Df9cbd43714FE2740f5E3616155c5b8419,110680464442257332276,2510.07,1725364535,2040,0x86392dC19c0b719886221c78AB11eb8Cf5c52812,36893488147419103331,0.9997728941063653,1725315767,50808,110938.23027703512,
2024-09-04,2024-09-04T12:31:11.000000Z,20677234,0x3ecc85c3b039a40aaa4e431f76b743e6b80d076ff6693d5e9dc9408fe1e1933b,17,mint_to_agent,0x0000000000000000000000000000000000000000,0x3e40d73eb977dc6a537af587d48316fee66e9c8c,True,43252240753035883335,43.252240753035885,0x5f4eC3Df9cbd43714FE2740f5E3616155c5b8419,110680464442257332332,2399.49342706,1725450923,2148,0x86392dC19c0b719886221c78AB11eb8Cf5c52812,36893488147419103340,1.0008845985434778,1725414119,38952,103875.27409661877,
2024-09-05,2024-09-05T12:28:47.000000Z,20684387,0x2542051dff80e10fd3b8c18f01065655de02f1382d42a258caf21b4b97f56f28,17,mint_to_agent,0x0000000000000000000000000000000000000000,0x3e40d73eb977dc6a537af587d48316fee66e9c8c,True,44932707300290930239,44.93270730029093,0x5f4eC3Df9cbd43714FE2740f5E3616155c5b8419,110680464442257332383,2377.98,1725539075,252,0x86392dC19c0b719886221c78AB11eb8Cf5c52812,36893488147419103341,0.9997098256923083,1725500555,38772,106818.07444833072,
2024-09-06,2024-09-06T12:26:35.000000Z,20691544,0x49d002466c004ee278091fe10ce11d220e5aab9e8fab7e5acf50c743df6229a1,17,mint_to_agent,0x0000000000000000000000000000000000000000,0x3e40d73eb977dc6a537af587d48316fee66e9c8c,True,43855555491459398201,43.8555554914594,0x5f4eC3Df9cbd43714FE2740f5E3616155c5b8419,110680464442257332437,2375.34,1725623747,1848,0x86392dC19c0b719886221c78AB11eb8Cf5c52812,36893488147419103342,0.9993701385638177,1725586967,38628,104106.24134676905,
2024-09-07,2024-09-07T12:24:59.000000Z,20698706,0xaaf4b7bd28b3bd048ff5386b3367c1e64c85d9a1b49bb66bed6a8e8e609992c9,109,mint_to_agent,0x0000000000000000000000000000000000000000,0x3e40d73eb977dc6a537af587d48316fee66e9c8c,True,58631332444115670821,58.63133244411567,0x5f4eC3Df9cbd43714FE2740f5E3616155c5b8419,110680464442257332521,2283.93,1725710135,1764,0x86392dC19c0b719886221c78AB11eb8Cf5c52812,36893488147419103346,0.9993533974288715,1725651683,60216,133823.2726498897,
2024-09-08,2024-09-08T12:24:47.000000Z,20705873,0x889bcd7ee80825f7a2720df49b21ca979bbda8b228a3979657ccd8fa39e78422,121,mint_to_agent,0x0000000000000000000000000000000000000000,0x3e40d73eb977dc6a537af587d48316fee66e9c8c,True,40927948313276722008,40.92794831327672,0x5f4eC3Df9cbd43714FE2740f5E3616155c5b8419,110680464442257332558,2295.9894,1725796523,1764,0x86392dC19c0b719886221c78AB11eb8Cf5c52812,36893488147419103347,0.9994572811693917,1725738095,60192,93919.13612898544,
2024-09-09,2024-09-09T12:24:35.000000Z,20713034,0x3fee2b633a93bb69acbf99b0ea7724c87a85b0d05dff2f927f39b8d7ccf9c8d5,17,mint_to_agent,0x0000000000000000000000000000000000000000,0x3e40d73eb977dc6a537af587d48316fee66e9c8c,True,42896212955081469280,42.89621295508147,0x5f4eC3Df9cbd43714FE2740f5E3616155c5b8419,110680464442257332606,2314.5113,1725882935,1740,0x86392dC19c0b719886221c78AB11eb8Cf5c52812,36893488147419103348,0.9988001937741281,1725824531,60144,99164.64832683426,
2024-09-10,2024-09-10T12:22:59.000000Z,20720188,0xf1e90e33d0545baa0179f1d4603dc26ceb3580f01af001572410715728d5afc6,17,mint_to_agent,0x0000000000000000000000000000000000000000,0x3e40d73eb977dc6a537af587d48316fee66e9c8c,True,44718145606602789504,44.718145606602796,0x5f4eC3Df9cbd43714FE2740f5E3616155c5b8419,110680464442257332657,2351.74,1725969335,1644,0x86392dC19c0b719886221c78AB11eb8Cf5c52812,36893488147419103349,0.9992682980374825,1725910943,60036,105088.50198143837,
2024-09-11,2024-09-11T12:20:59.000000Z,20727331,0xe9e4ad798cbda4575bae57adfc983caffe10d803f1fc9e20b2cd05155c175bb1,93,mint_to_agent,0x0000000000000000000000000000000000000000,0x3e40d73eb977dc6a537af587d48316fee66e9c8c,True,44661339486347186290,44.66133948634719,0x5f4eC3Df9cbd43714FE2740f5E3616155c5b8419,110680464442257332710,2327.31277175,1726055723,1536,0x86392dC19c0b719886221c78AB11eb8Cf5c52812,36893488147419103350,0.9996000000000003,1725997379,59880,103899.3294277224,
2024-09-12,2024-09-12T12:26:23.000000Z,20734520,0x4255dc0d7ed08e26c37d00f18a4b25384b7baa3abad863721f022a366bfd02c2,17,mint_to_agent,0x0000000000000000000000000000000000000000,0x3e40d73eb977dc6a537af587d48316fee66e9c8c,True,42942852226092537073,42.94285222609254,0x5f4eC3Df9cbd43714FE2740f5E3616155c5b8419,110680464442257332759,2349.48644942,1726142135,1848,0x86392dC19c0b719886221c78AB11eb8Cf5c52812,36893488147419103351,0.9998247684258805,1726083803,60180,100875.96965164608,
2024-09-13,2024-09-13T12:23:47.000000Z,20741673,0x47f1680c9523194c210470c050e72742d18758ec549bf6c3ccd3412abdcfe279,17,mint_to_agent,0x0000000000000000000000000000000000000000,0x3e40d73eb977dc6a537af587d48316fee66e9c8c,True,42536732229578436445,42.53673222957843,0x5f4eC3Df9cbd43714FE2740f5E3616155c5b8419,110680464442257332794,2357.82,1726228523,1704,0x86392dC19c0b719886221c78AB11eb8Cf5c52812,36893488147419103352,0.9992090530725298,1726170215,60012,100214.63078763214,
2024-09-14,2024-09-14T12:24:35.000000Z,20748828,0x4892823a80ae9760e2aa0692c8a4971094408445ed416ca96fd603a4d8050af0,56,mint_to_agent,0x0000000000000000000000000000000000000000,0x3e40d73eb977dc6a537af587d48316fee66e9c8c,True,42348495632753620087,42.348495632753625,0x5f4eC3Df9cbd43714FE2740f5E3616155c5b8419,110680464442257332836,2415.976235,1726314935,1740,0x86392dC19c0b719886221c78AB11eb8Cf5c52812,36893488147419103353,0.9997000000000003,1726256627,60048,102282.26514902305,
2024-09-15,2024-09-15T12:23:23.000000Z,20755992,0x54757df9321640f0f9aaa03ac75bf19aa472e8f9c6aa8666d3fd0c11865e57b3,17,mint_to_agent,0x0000000000000000000000000000000000000000,0x3e40d73eb977dc6a537af587d48316fee66e9c8c,True,41615104079909006983,41.615104079909,0x5f4eC3Df9cbd43714FE2740f5E3616155c5b8419,110680464442257332864,2407.27099434,1726401335,1668,0x86392dC19c0b719886221c78AB11eb8Cf5c52812,36893488147419103354,0.9996530444476992,1726343039,59964,100144.0753756804,
2024-09-16,2024-09-16T12:23:35.000000Z,20763155,0x931b6f03ba727fcbecb5eaaf9aa0566fca2da3c3e792cdf9d37d609fe2f80c42,20,mint_to_agent,0x0000000000000000000000000000000000000000,0x3e40d73eb977dc6a537af587d48316fee66e9c8c,True,46747635496732508292,46.74763549673251,0x5f4eC3Df9cbd43714FE2740f5E3616155c5b8419,110680464442257332920,2307.567,1726487723,1692,0x86392dC19c0b719886221c78AB11eb8Cf5c52812,36893488147419103355,0.9996835826801412,1726429475,59940,107839.16801950171,
2024-09-17,2024-09-17T12:23:35.000000Z,20770307,0x5840463bf6a874e899d793a5d7faba9450197118b1e79635711250b1ad598c95,17,mint_to_agent,0x0000000000000000000000000000000000000000,0x3e40d73eb977dc6a537af587d48316fee66e9c8c,True,43515734549140460220,43.51573454914046,0x5f4eC3Df9cbd43714FE2740f5E3616155c5b8419,110680464442257332961,2309.27373295,1726574147,1668,0x86392dC19c0b719886221c78AB11eb8Cf5c52812,36893488147419103356,0.9995653953015746,1726515887,59928,100446.06945000593,
2024-09-18,2024-09-18T12:23:47.000000Z,20777452,0x9f371da808067f30becab7950d013d61cdaf6e965883159f23967d9408a29b6e,17,mint_to_agent,0x0000000000000000000000000000000000000000,0x3e40d73eb977dc6a537af587d48316fee66e9c8c,True,45876362676146413681,45.876362676146414,0x5f4eC3Df9cbd43714FE2740f5E3616155c5b8419,110680464442257333009,2303.5329,1726660523,1704,0x86392dC19c0b719886221c78AB11eb8Cf5c52812,36893488147419103357,0.9992999999999999,1726602299,59928,105603.73635930552,
2024-09-19,2024-09-19T12:24:11.000000Z,20784619,0x58ff8786a88378c9dc65a189e57dffafd18af030c6ae72fc9182c6d5a500449a,85,mint_to_agent,0x0000000000000000000000000000000000000000,0x3e40d73eb977dc6a537af587d48316fee66e9c8c,True,47919986852936534457,47.91998685293653,0x5f4eC3Df9cbd43714FE2740f5E3616155c5b8419,110680464442257333062,2448.69,1726747631,1020,0x86392dC19c0b719886221c78AB11eb8Cf5c52812,36893488147419103358,0.9996761060135012,1726688723,59928,117303.18650026318,
2024-09-20,2024-09-20T12:29:23.000000Z,20791805,0x1c5c6f076e9ea876d742ef39d7cda13480875a786378c82f1bd655ca147d56cf,17,mint_to_agent,0x0000000000000000000000000000000000000000,0x3e40d73eb977dc6a537af587d48316fee66e9c8c,True,48485321110027185994,48.48532111002718,0x5f4eC3Df9cbd43714FE2740f5E3616155c5b8419,110680464442257333110,2544.6747,1726833323,2040,0x86392dC19c0b719886221c78AB11eb8Cf5c52812,36893488147419103359,0.9992853792117876,1726775135,60228,123291.20048745921,
2024-09-21,2024-09-21T12:24:23.000000Z,20798931,0x2c849daef83e0d0227269f17ff0d94b9944c1718a400ca43a006771f617700a5,17,mint_to_agent,0x0000000000000000000000000000000000000000,0x3e40d73eb977dc6a537af587d48316fee66e9c8c,True,48838080765316255035,48.83808076531625,0x5f4eC3Df9cbd43714FE2740f5E3616155c5b8419,110680464442257333148,2555.93151951,1726919735,1728,0x86392dC19c0b719886221c78AB11eb8Cf5c52812,36893488147419103360,0.9995785956037604,1726861571,59892,124774.18742238061,
2024-09-22,2024-09-22T12:22:59.000000Z,20806090,0xc84bd0b1e193a3e66469c6f44acbf5619910faba733ec9d4af643aa30660fdd2,17,mint_to_agent,0x0000000000000000000000000000000000000000,0x3e40d73eb977dc6a537af587d48316fee66e9c8c,True,46913152241562385436,46.913152241562386,0x5f4eC3Df9cbd43714FE2740f5E3616155c5b8419,110680464442257333186,2582.78409306,1727006123,1656,0x86392dC19c0b719886221c78AB11eb8Cf5c52812,36893488147419103361,0.9993133267073319,1726948007,59772,121083.34153551588,
2024-09-23,2024-09-23T12:25:59.000000Z,20813269,0x5ba088b4c30fcfe368cfb0b2586410d4b5aa42146e35d7ae7ba5b70a1f9f7970,57,mint_to_agent,0x0000000000000000000000000000000000000000,0x3e40d73eb977dc6a537af587d48316fee66e9c8c,True,47125419192156164328,47.125419192156166,0x5f4eC3Df9cbd43714FE2740f5E3616155c5b8419,110680464442257333239,2645.576901,1727092535,1824,0x86392dC19c0b719886221c78AB11eb8Cf5c52812,36893488147419103362,0.9995251593243226,1727034419,59940,124614.7202160776,
2024-09-24,2024-09-24T12:28:35.000000Z,20820457,0x4115cb54bc4292e5905b8182d600319c94124b4d293496b2c8b559172ed394c5,17,mint_to_agent,0x0000000000000000000000000000000000000000,0x3e40d73eb977dc6a537af587d48316fee66e9c8c,True,47540985068851107562,47.54098506885111,0x5f4eC3Df9cbd43714FE2740f5E3616155c5b8419,110680464442257333281,2639.0629,1727178923,1992,0x86392dC19c0b719886221c78AB11eb8Cf5c52812,36893488147419103363,0.9999739122728607,1727120831,60084,125460.37686319376,
2024-09-25,2024-09-25T12:23:11.000000Z,20827594,0x44b4ac7d22bae924bbd0534067ce1e3bda55b389ed8e235cae414658decd6f90,17,mint_to_agent,0x0000000000000000000000000000000000000000,0x3e40d73eb977dc6a537af587d48316fee66e9c8c,True,47070796385130995592,47.070796385131,0x5f4eC3Df9cbd43714FE2740f5E3616155c5b8419,129127208515966861539,2614.65834586,1727263391,3600,0x86392dC19c0b719886221c78AB11eb8Cf5c52812,36893488147419103364,0.999751024701288,1727207255,59736,123043.40821614399,
2024-09-26,2024-09-26T12:23:35.000000Z,20834766,0xa0cdbd0be77a85543c72dfc6cf10b4f50c89655b3a9a7fb8aa6508d4162f6b4b,17,mint_to_agent,0x0000000000000000000000000000000000000000,0x3e40d73eb977dc6a537af587d48316fee66e9c8c,True,46482046107513839405,46.48204610751384,0x5f4eC3Df9cbd43714FE2740f5E3616155c5b8419,129127208515966861572,2623.79745473,1727350403,3012,0x86392dC19c0b719886221c78AB11eb8Cf5c52812,36893488147419103365,0.9998721796629663,1727293667,59748,121943.88536643198,
2024-09-27,2024-09-27T12:24:35.000000Z,20841943,0x008b7b96e906883d3c998f13b3a4c1ea4b61f6d8c565c8e910d950f4ff96b94b,17,mint_to_agent,0x0000000000000000000000000000000000000000,0x3e40d73eb977dc6a537af587d48316fee66e9c8c,True,47959725021556692998,47.95972502155669,0x5f4eC3Df9cbd43714FE2740f5E3616155c5b8419,129127208515966861604,2648.615513,1727437259,2616,0x86392dC19c0b719886221c78AB11eb8Cf5c52812,36893488147419103366,0.9996942630797035,1727380091,59784,126988.03488676353,
2024-09-28,2024-09-28T12:29:59.000000Z,20849141,0x9c819be74f68cd3da64824ad90198e9474fb1047baca38745e7dafbcc818f4bd,312,mint_to_agent,0x0000000000000000000000000000000000000000,0x3e40d73eb977dc6a537af587d48316fee66e9c8c,True,44021472253286384967,44.02147225328638,0x5f4eC3Df9cbd43714FE2740f5E3616155c5b8419,129127208515966861634,2660.86275716,1727525843,756,0x86392dC19c0b719886221c78AB11eb8Cf5c52812,36893488147419103367,0.9997139264899967,1727466503,60096,117101.58678605498,
2024-09-29,2024-09-29T12:30:11.000000Z,20856306,0x9947e7cfcc7f9dd62d825552d6943a89c424997387db6a440f83b181e6da036b,17,mint_to_agent,0x0000000000000000000000000000000000000000,0x3e40d73eb977dc6a537af587d48316fee66e9c8c,True,42620713163360508598,42.62071316336051,0x5f4eC3Df9cbd43714FE2740f5E3616155c5b8419,129127208515966861660,2652.916009,1727610959,2052,0x86392dC19c0b719886221c78AB11eb8Cf5c52812,36893488147419103368,0.9995420107359666,1727552915,60096,113017.38779908513,
2024-09-30,2024-09-30T12:24:47.000000Z,20863452,0x15f315c35fe20be1e7f6ca64f61bc2c0f1967f0b8ca7fdb7dcd7e8ce7c7d6c95,17,mint_to_agent,0x0000000000000000000000000000000000000000,0x3e40d73eb977dc6a537af587d48316fee66e9c8c,True,43955890495316449205,43.95589049531645,0x5f4eC3Df9cbd43714FE2740f5E3616155c5b8419,129127208515966861690,2630.86,1727697371,1716,0x86392dC19c0b719886221c78AB11eb8Cf5c52812,36893488147419103369,0.9992915418246678,1727639339,59748,115559.86669409033,
2024-10-01,2024-10-01T12:22:47.000000Z,20870618,0xe43819ce16229e4e7e01dc9fbb0ca1f30f64a43835161ae3cc336cddf6214e85,17,mint_to_agent,0x0000000000000000000000000000000000000000,0x3e40d73eb977dc6a537af587d48316fee66e9c8c,True,44988920497660656815,44.98892049766066,0x5f4eC3Df9cbd43714FE2740f5E3616155c5b8419,129127208515966861724,2629.83,1727782967,2400,0x86392dC19c0b719886221c78AB11eb8Cf5c52812,36893488147419103370,0.9994710598453254,1727725751,59616,118250.63218328847,
2024-10-02,2024-10-02T12:25:59.000000Z,20877805,0xa829c6cde9b3dd570d1e0ea308989690066461ce5e9f559b4228c7eed97b93f2,17,mint_to_agent,0x0000000000000000000000000000000000000000,0x3e40d73eb977dc6a537af587d48316fee66e9c8c,True,45543387100862820457,45.54338710086282,0x5f4eC3Df9cbd43714FE2740f5E3616155c5b8419,129127208515966861783,2455.879415,1727870183,1776,0x86392dC19c0b719886221c78AB11eb8Cf5c52812,36893488147419103371,0.9997099403570149,1727812175,59784,111816.6239699809,
2024-10-03,2024-10-03T12:22:11.000000Z,20884959,0xf274edac814e85069b456142adf1cf00eb4d09c32e33d20baffa7f43684bcea0,240,mint_to_agent,0x0000000000000000000000000000000000000000,0x3e40d73eb977dc6a537af587d48316fee66e9c8c,True,44926575361532704266,44.926575361532706,0x5f4eC3Df9cbd43714FE2740f5E3616155c5b8419,129127208515966861832,2348.6321,1727955287,2844,0x86392dC19c0b719886221c78AB11eb8Cf5c52812,36893488147419103372,1.0008350508305495,1727898611,59520,105604.10825812696,
2024-10-04,2024-10-04T12:23:23.000000Z,20892134,0x617923e59685988374bb74c6543e8052efd533094273c9aa0ece580ee6fd9c64,17,mint_to_agent,0x0000000000000000000000000000000000000000,0x3e40d73eb977dc6a537af587d48316fee66e9c8c,True,43834822094859462819,43.83482209485946,0x5f4eC3Df9cbd43714FE2740f5E3616155c5b8419,129127208515966861868,2379.11,1728041159,3444,0x86392dC19c0b719886221c78AB11eb8Cf5c52812,36893488147419103373,0.9997837972040087,1727985023,59580,104265.31626640409,
2024-10-05,2024-10-05T12:22:47.000000Z,20899308,0xf54456ac5da5694dd86a656a9f7b5003f5625bb5e9c43bc8af40adae97909dbb,17,mint_to_agent,0x0000000000000000000000000000000000000000,0x3e40d73eb977dc6a537af587d48316fee66e9c8c,True,42827713416717486890,42.827713416717486,0x5f4eC3Df9cbd43714FE2740f5E3616155c5b8419,129127208515966861899,2417.54,1728129479,1488,0x86392dC19c0b719886221c78AB11eb8Cf5c52812,36893488147419103374,0.9997609134557731,1728071459,59508,103512.95582009997,
2024-10-06,2024-10-06T12:29:47.000000Z,20906516,0x166d0e629c3479c3245bb85c3e04bf9e471704a0093d609ec004ae946e12f802,17,mint_to_agent,0x0000000000000000000000000000000000000000,0x3e40d73eb977dc6a537af587d48316fee66e9c8c,True,44209037820910786408,44.20903782091079,0x5f4eC3Df9cbd43714FE2740f5E3616155c5b8419,129127208515966861924,2431.4404,1728217655,132,0x86392dC19c0b719886221c78AB11eb8Cf5c52812,36893488147419103375,0.9997578466258193,1728157871,59916,107465.61113942224,
2024-10-07,2024-10-07T12:29:23.000000Z,20913689,0xa3ed6b50ec23122595d0d762dabda9a0fae35465b654a66a30ee0feb7c67556b,53,mint_to_agent,0x0000000000000000000000000000000000000000,0x3e40d73eb977dc6a537af587d48316fee66e9c8c,True,44419369371436567838,44.41936937143657,0x5f4eC3Df9cbd43714FE2740f5E3616155c5b8419,129127208515966861956,2472.09,1728302279,1884,0x86392dC19c0b719886221c78AB11eb8Cf5c52812,36893488147419103376,0.9997386111334509,1728244295,59868,109779.97606333814,
2024-10-08,2024-10-08T12:26:59.000000Z,20920852,0x11380985c03ae94f68f8f0575184774d90eac80e04f110f1589fcfb6ff3b3d7c,17,mint_to_agent,0x0000000000000000000000000000000000000000,0x3e40d73eb977dc6a537af587d48316fee66e9c8c,True,48973189884652254854,48.97318988465226,0x5f4eC3Df9cbd43714FE2740f5E3616155c5b8419,129127208515966861994,2439.158559,1728388667,1752,0x86392dC19c0b719886221c78AB11eb8Cf5c52812,36893488147419103377,0.99955629,1728330731,59688,119400.3726115413,
2024-10-09,2024-10-09T12:23:59.000000Z,20928010,0x23ea1173287916aa44f89ce111f0dbbe8f31be64ea940dfaea77bece7f0203f3,17,mint_to_agent,0x0000000000000000000000000000000000000000,0x3e40d73eb977dc6a537af587d48316fee66e9c8c,True,50380965762583127641,50.38096576258312,0x5f4eC3Df9cbd43714FE2740f5E3616155c5b8419,129127208515966862028,2441.0404,1728475931,708,0x86392dC19c0b719886221c78AB11eb8Cf5c52812,36893488147419103378,0.9996453624721294,1728417143,59496,122938.35879466958,
2024-10-10,2024-10-10T12:25:59.000000Z,20935199,0x7c785dd44f9c368fbc247500f57fceaa32ecce8c960764aae3a948f3636b9d2b,31,mint_to_agent,0x0000000000000000000000000000000000000000,0x3e40d73eb977dc6a537af587d48316fee66e9c8c,True,46365487695637668635,46.36548769563767,0x5f4eC3Df9cbd43714FE2740f5E3616155c5b8419,129127208515966862064,2400.28,1728562787,372,0x86392dC19c0b719886221c78AB11eb8Cf5c52812,36893488147419103379,0.9993490414029557,1728503555,59604,111217.7075243497,
2024-10-11,2024-10-11T12:23:35.000000Z,20942353,0xaeb5213a5e0dede02b372f087de1c010e432c006d7c0fae8a04d9865ad6db425,17,mint_to_agent,0x0000000000000000000000000000000000000000,0x3e40d73eb977dc6a537af587d48316fee66e9c8c,True,46623295250696761843,46.62329525069676,0x5f4eC3Df9cbd43714FE2740f5E3616155c5b8419,129127208515966862097,2416.88,1728646811,2604,0x86392dC19c0b719886221c78AB11eb8Cf5c52812,36893488147419103380,0.999529435547192,1728589979,59436,112629.88525370114,
2024-10-12,2024-10-12T12:22:11.000000Z,20949490,0x3b64c765976e70de797bfcffe0bc3b24ad899ff4fcd95960b80a0f0b2e3a274a,17,mint_to_agent,0x0000000000000000000000000000000000000000,0x3e40d73eb977dc6a537af587d48316fee66e9c8c,True,45081739005148406237,45.08173900514841,0x5f4eC3Df9cbd43714FE2740f5E3616155c5b8419,129127208515966862125,2452.2847,1728735539,192,0x86392dC19c0b719886221c78AB11eb8Cf5c52812,36893488147419103381,0.9996868461722618,1728676391,59340,110518.63863555284,
2024-10-13,2024-10-13T12:23:23.000000Z,20956624,0x5593fee841efba05802bab95159ab216a3e16dd8c5cb55e909f1cae4601e0d4d,17,mint_to_agent,0x0000000000000000000000000000000000000000,0x3e40d73eb977dc6a537af587d48316fee66e9c8c,True,45538169647596560980,45.53816964759656,0x5f4eC3Df9cbd43714FE2740f5E3616155c5b8419,129127208515966862150,2461.37,1728818759,3444,0x86392dC19c0b719886221c78AB11eb8Cf5c52812,36893488147419103382,0.99981872,1728762827,59376,112065.96562382784,
2024-10-14,2024-10-14T12:22:11.000000Z,20963774,0x5ec4d3ca75da348d72c95d7532cf401eb87befbdc9c56a4f1b5c266ca04acaa0,104,mint_to_agent,0x0000000000000000000000000000000000000000,0x3e40d73eb977dc6a537af587d48316fee66e9c8c,True,47040831931818117386,47.04083193181812,0x5f4eC3Df9cbd43714FE2740f5E3616155c5b8419,129127208515966862188,2544.9282,1728908327,204,0x86392dC19c0b719886221c78AB11eb8Cf5c52812,36893488147419103383,0.9996167680023442,1728849239,59292,119669.66090930143,
2024-10-15,2024-10-15T12:24:59.000000Z,20970949,0x0809a77a8b398aebf495c32b2ef4402989d250119fe0b8ddf5e3e436bc1c65ba,17,mint_to_agent,0x0000000000000000000000000000000000000000,0x3e40d73eb977dc6a537af587d48316fee66e9c8c,True,45514767387751445058,45.51476738775145,0x5f4eC3Df9cbd43714FE2740f5E3616155c5b8419,129127208515966862219,2586.853331,1728993119,1980,0x86392dC19c0b719886221c78AB11eb8Cf5c52812,36893488147419103384,0.9996271366799343,1728935651,59448,117696.12668908948,
2024-10-16,2024-10-16T12:24:59.000000Z,20978104,0x55cb50fce3573da23eae12c199230881578a23f68d2ac798d91787728f0d683a,17,mint_to_agent,0x0000000000000000000000000000000000000000,0x3e40d73eb977dc6a537af587d48316fee66e9c8c,True,44646580763989048406,44.64658076398905,0x5f4eC3Df9cbd43714FE2740f5E3616155c5b8419,129127208515966862268,2632.265,1729078079,3420,0x86392dC19c0b719886221c78AB11eb8Cf5c52812,36893488147419103385,0.9998367573193949,1729022063,59436,117502.44736849879,
2024-10-17,2024-10-17T12:24:11.000000Z,20985267,0xd60f374f4742499e5703e0a3cabeade2e3e5e05eb4741b1e478ee3d830a6fc92,23,mint_to_agent,0x0000000000000000000000000000000000000000,0x3e40d73eb977dc6a537af587d48316fee66e9c8c,True,43851168180876903383,43.851168180876904,0x5f4eC3Df9cbd43714FE2740f5E3616155c5b8419,129127208515966862301,2602.84,1729164539,3312,0x86392dC19c0b719886221c78AB11eb8Cf5c52812,36893488147419103386,0.99964912,1729108475,59376,114097.52599574224,
2024-10-18,2024-10-18T12:22:59.000000Z,20992422,0xe08d3c71f7cd2f5b9292806e417db54219724cdb971641157f1523b44f21ef8a,17,mint_to_agent,0x0000000000000000000000000000000000000000,0x3e40d73eb977dc6a537af587d48316fee66e9c8c,True,43888104803405157964,43.88810480340516,0x5f4eC3Df9cbd43714FE2740f5E3616155c5b8419,129127208515966862333,2624.9721,1729251299,2880,0x86392dC19c0b719886221c78AB11eb8Cf5c52812,36893488147419103387,0.9995124608548708,1729194887,59292,115148.88365891542,
2024-10-19,2024-10-19T12:22:11.000000Z,20999585,0x9c0f411750800f7c20c127e7deef8064e21c2c6a96f71f65dd4498a6d1aa7802,17,mint_to_agent,0x0000000000000000000000000000000000000000,0x3e40d73eb977dc6a537af587d48316fee66e9c8c,True,42505139769920349238,42.50513976992035,0x5f4eC3Df9cbd43714FE2740f5E3616155c5b8419,129127208515966862360,2636.98899723,1729339835,696,0x86392dC19c0b719886221c78AB11eb8Cf5c52812,36893488147419103388,0.99973695,1729281311,59220,112056.10178563252,
2024-10-20,2024-10-20T12:22:11.000000Z,21006761,0x023eb8fe8050fa2efa34a4bba9029e916c575e3e138d1713e6eb701968b881b9,21,mint_to_agent,0x0000000000000000000000000000000000000000,0x3e40d73eb977dc6a537af587d48316fee66e9c8c,True,41686777200083532283,41.68677720008353,0x5f4eC3Df9cbd43714FE2740f5E3616155c5b8419,129127208515966862384,2653.429014,1729426319,612,0x86392dC19c0b719886221c78AB11eb8Cf5c52812,36893488147419103389,0.9997683465045041,1729367735,59196,110587.28025696831,
2024-10-21,2024-10-21T12:21:59.000000Z,21013921,0x7f9e78a7b0d19afe543ee4ba4c9b6f11ecdc52612367e19f72dd4d66a4e1bcc4,17,mint_to_agent,0x0000000000000000000000000000000000000000,0x3e40d73eb977dc6a537af587d48316fee66e9c8c,True,41488653449595667444,41.48865344959567,0x5f4eC3Df9cbd43714FE2740f5E3616155c5b8419,129127208515966862418,2705.5918,1729512251,1068,0x86392dC19c0b719886221c78AB11eb8Cf5c52812,36893488147419103390,0.99971276,1729454135,59184,112219.1174854587,
2024-10-22,2024-10-22T12:23:11.000000Z,21021093,0x188000d59b63dff0648021707eb9118a9f6e1caea2f7dbf060f06cd87dfdb4a6,29,mint_to_agent,0x0000000000000000000000000000000000000000,0x3e40d73eb977dc6a537af587d48316fee66e9c8c,True,43294767944588533158,43.294767944588536,0x5f4eC3Df9cbd43714FE2740f5E3616155c5b8419,129127208515966862449,2634.24748765,1729599647,144,0x86392dC19c0b719886221c78AB11eb8Cf5c52812,36893488147419103391,0.9997353091036868,1729540547,59244,114018.9459190029,
2024-10-23,2024-10-23T12:29:11.000000Z,21028291,0xfc003bedf86fb7c5e239dc1f5a0c8a2b47704cb05ab6d8de23779a86ba73df45,98,mint_to_agent,0x0000000000000000000000000000000000000000,0x3e40d73eb977dc6a537af587d48316fee66e9c8c,True,43196350934145931703,43.19635093414593,0x5f4eC3Df9cbd43714FE2740f5E3616155c5b8419,129127208515966862481,2577.66,1729684775,1776,0x86392dC19c0b719886221c78AB11eb8Cf5c52812,36893488147419103392,0.9997189300126493,1729626959,59592,111314.21006896198,
2024-10-24,2024-10-24T12:30:35.000000Z,21035469,0x6ee87d8306da12c269a87300ec9c443c319b10274687df954c4deadfdedf4ca3,117,mint_to_agent,0x0000000000000000000000000000000000000000,0x3e40d73eb977dc6a537af587d48316fee66e9c8c,True,43523617773381572105,43.523617773381574,0x5f4eC3Df9cbd43714FE2740f5E3616155c5b8419,129127208515966862518,2524.25100739,1729769531,3504,0x86392dC19c0b719886221c78AB11eb8Cf5c52812,36893488147419103393,0.9996509009556396,1729713395,59640,109826.18240518565,
2024-10-25,2024-10-25T12:24:59.000000Z,21042615,0x05c0c333c273f7d5902153544c4e108fdceab21f33e1422152bbb3406e5b05d4,17,mint_to_agent,0x0000000000000000000000000000000000000000,0x3e40d73eb977dc6a537af587d48316fee66e9c8c,True,43777537337486158001,43.77753733748616,0x5f4eC3Df9cbd43714FE2740f5E3616155c5b8419,129127208515966862556,2538.53310792,1729858919,180,0x86392dC19c0b719886221c78AB11eb8Cf5c52812,36893488147419103394,0.9995925335933313,1729799807,59292,111085.44587603882,
2024-10-26,2024-10-26T12:25:59.000000Z,21049785,0x80827b64fce944515792dd5177d4eadd2d27630f7ceac955d839c6a02f19066a,17,mint_to_agent,0x0000000000000000000000000000000000000000,0x3e40d73eb977dc6a537af587d48316fee66e9c8c,True,43081738485363361870,43.08173848536336,0x5f4eC3Df9cbd43714FE2740f5E3616155c5b8419,129127208515966862606,2463.16356555,1729942415,3144,0x86392dC19c0b719886221c78AB11eb8Cf5c52812,36893488147419103395,0.99948582,1729886219,59340,106062.80514912498,
2024-10-27,2024-10-27T12:23:35.000000Z,21056941,0xf8c09073ac474109097a77a4b459e055d43cf466a4233a5222750764ceeae9ef,19,mint_to_agent,0x0000000000000000000000000000000000000000,0x3e40d73eb977dc6a537af587d48316fee66e9c8c,True,41520170412394822101,41.520170412394826,0x5f4eC3Df9cbd43714FE2740f5E3616155c5b8419,129127208515966862631,2465.2,1730028275,3540,0x86392dC19c0b719886221c78AB11eb8Cf5c52812,36893488147419103396,0.9998088138013085,1729972655,59160,102335.95513706784,
2024-10-28,2024-10-28T12:21:35.000000Z,21064098,0x3f56a1abf73a174b6cbdf8f87ba3726727c80d8d1eee554ce84d5dce9e012912,19,mint_to_agent,0x0000000000000000000000000000000000000000,0x3e40d73eb977dc6a537af587d48316fee66e9c8c,True,40762952190008583855,40.76295219000858,0x5f4eC3Df9cbd43714FE2740f5E3616155c5b8419,129127208515966862659,2524.587026,1730116895,1200,0x86392dC19c0b719886221c78AB11eb8Cf5c52812,36893488147419103397,0.9996080048153032,1730059067,59028,102869.28016476076,
2024-10-29,2024-10-29T12:22:23.000000Z,21071260,0x05e3126398c1761abff3e68b5323482e1071c90e4b9f498676e1381ea5bf97c1,19,mint_to_agent,0x0000000000000000000000000000000000000000,0x3e40d73eb977dc6a537af587d48316fee66e9c8c,True,43353332677679189735,43.353332677679184,0x5f4eC3Df9cbd43714FE2740f5E3616155c5b8419,129127208515966862695,2628.94,1730202143,2400,0x86392dC19c0b719886221c78AB11eb8Cf5c52812,36893488147419103398,0.9995780070787258,1730145503,59040,113925.21447945085,
2024-10-30,2024-10-30T12:21:59.000000Z,21078425,0x5ebef7830aff2e78e89a57b90d7bc126f5e8b37b0dc87508e4953a337b80ae39,62,mint_to_agent,0x0000000000000000000000000000000000000000,0x3e40d73eb977dc6a537af587d48316fee66e9c8c,True,44039114494262508426,44.039114494262506,0x5f4eC3Df9cbd43714FE2740f5E3616155c5b8419,129127208515966862732,2657.7655,1730289539,1380,0x86392dC19c0b719886221c78AB11eb8Cf5c52812,36893488147419103399,0.9995725063686551,1730231915,59004,116995.60288808607,
2024-10-31,2024-10-31T12:26:23.000000Z,21085608,0xa821807fe99a030b325099cfd7d2300fbc7e26f814629cb9b0d66d6211cbdd5e,19,mint_to_agent,0x0000000000000000000000000000000000000000,0x3e40d73eb977dc6a537af587d48316fee66e9c8c,True,42859356361632553944,42.85935636163256,0x5f4eC3Df9cbd43714FE2740f5E3616155c5b8419,129127208515966862773,2633.54260521,1730377487,96,0x86392dC19c0b719886221c78AB11eb8Cf5c52812,36893488147419103400,0.9996479986017122,1730318387,59196,112832.20992917454,
2024-11-01,2024-11-01T12:27:35.000000Z,21092793,0xe374f2f47eda41edabcb05ea8f7ce785fb3a9ccf033f84fc98d4fffc78cc9805,19,mint_to_agent,0x0000000000000000000000000000000000000000,0x3e40d73eb977dc6a537af587d48316fee66e9c8c,True,46786261775853373293,46.78626177585337,0x5f4eC3Df9cbd43714FE2740f5E3616155c5b8419,129127208515966862815,2519.00742099,1730460719,3336,0x86392dC19c0b719886221c78AB11eb8Cf5c52812,36893488147419103401,0.9996853383928748,1730404799,59256,117817.85618873424,
2024-11-02,2024-11-02T12:26:11.000000Z,21099946,0x977cda305eeb4ec5cdaae57209cae2cb3a3ea0b1e3bb923e05c19134b2994161,142,mint_to_agent,0x0000000000000000000000000000000000000000,0x3e40d73eb977dc6a537af587d48316fee66e9c8c,True,41769916422436866075,41.769916422436864,0x5f4eC3Df9cbd43714FE2740f5E3616155c5b8419,129127208515966862852,2500.48,1730548931,1440,0x86392dC19c0b719886221c78AB11eb8Cf5c52812,36893488147419103402,0.9992762421025952,1730491223,59148,104369.24783773595,
2024-11-03,2024-11-03T12:24:23.000000Z,21107097,0x3462843b8057b1673ed7debae684dee4bbd8bffa016a5c32997c4d8f067b7ca3,36,mint_to_agent,0x0000000000000000000000000000000000000000,0x3e40d73eb977dc6a537af587d48316fee66e9c8c,True,42220617372460594841,42.220617372460595,0x5f4eC3Df9cbd43714FE2740f5E3616155c5b8419,129127208515966862881,2454.565853,1730634095,2568,0x86392dC19c0b719886221c78AB11eb8Cf5c52812,36893488147419103403,0.9997400571387302,1730577635,59028,103606.34696221401,
2024-11-04,2024-11-04T12:23:59.000000Z,21114262,0xda6e94566c300ba72bf53f775e4ad2c06cb9ccdbe07547b796ee2abcb816f16c,19,mint_to_agent,0x0000000000000000000000000000000000000000,0x3e40d73eb977dc6a537af587d48316fee66e9c8c,True,42241348998518895662,42.2413489985189,0x5f4eC3Df9cbd43714FE2740f5E3616155c5b8419,129127208515966862915,2465.36,1730721947,1092,0x86392dC19c0b719886221c78AB11eb8Cf5c52812,36893488147419103404,0.99958146,1730664047,58992,104096.5453560714,
2024-11-05,2024-11-05T12:22:59.000000Z,21121421,0xaa0957b65f386917eb25c1f2bffaec504c586bea5ed8176344fa9852339a04f8,88,mint_to_agent,0x0000000000000000000000000000000000000000,0x3e40d73eb977dc6a537af587d48316fee66e9c8c,True,43171440180076622161,43.17144018007662,0x5f4eC3Df9cbd43714FE2740f5E3616155c5b8419,129127208515966862952,2437.07480503,1730807087,2292,0x86392dC19c0b719886221c78AB11eb8Cf5c52812,36893488147419103405,0.9998546542239902,1730750471,58908,105196.73703570075,
2024-11-06,2024-11-06T12:23:23.000000Z,21128585,0x4218cc402bf2da0badd1bc36b54a207e8247bf47792dbc606143dbeb809e9585,19,mint_to_agent,0x0000000000000000000000000000000000000000,0x3e40d73eb977dc6a537af587d48316fee66e9c8c,True,47318416174421512360,47.318416174421515,0x5f4eC3Df9cbd43714FE2740f5E3616155c5b8419,129127208515966863024,2648.48,1730895539,264,0x86392dC19c0b719886221c78AB11eb8Cf5c52812,36893488147419103406,0.9998158222474176,1730836907,58896,125298.79736763229,
2024-11-07,2024-11-07T12:22:11.000000Z,21135745,0x3666be769718d69c84b12d171d194b958eefba4390e6d495509fd25573a85e55,19,mint_to_agent,0x0000000000000000000000000000000000000000,0x3e40d73eb977dc6a537af587d48316fee66e9c8c,True,44242628612217263203,44.24262861221727,0x5f4eC3Df9cbd43714FE2740f5E3616155c5b8419,129127208515966863080,2801.814173,1730980463,1668,0x86392dC19c0b719886221c78AB11eb8Cf5c52812,36893488147419103407,0.9998739288385228,1730923331,58800,123943.99616272477,
2024-11-08,2024-11-08T12:28:11.000000Z,21142922,0xc7595233b8aa866a87f1ca5681b15027c7513ab5761992bca1245275c9cd6a65,19,mint_to_agent,0x0000000000000000000000000000000000000000,0x3e40d73eb977dc6a537af587d48316fee66e9c8c,True,44671328978868817050,44.671328978868814,0x5f4eC3Df9cbd43714FE2740f5E3616155c5b8419,129127208515966863124,2923.831889,1731066227,2664,0x86392dC19c0b719886221c78AB11eb8Cf5c52812,36893488147419103408,0.9996507374747354,1731009767,59124,130565.8385054082,
2024-11-09,2024-11-09T12:28:23.000000Z,21150099,0x17c4d44ce30b79ba41fe3a9b66c2f674cbbc11f8ccc5871325586c249e74c8e9,19,mint_to_agent,0x0000000000000000000000000000000000000000,0x3e40d73eb977dc6a537af587d48316fee66e9c8c,True,45781260385998237843,45.781260385998245,0x5f4eC3Df9cbd43714FE2740f5E3616155c5b8419,129127208515966863173,3036.4702,1731154751,552,0x86392dC19c0b719886221c78AB11eb8Cf5c52812,36893488147419103409,0.9998001048408978,1731096179,59124,138985.64476824118,
2024-11-10,2024-11-10T12:26:35.000000Z,21157259,0x71e5dd9e6f319beffaf22497582723e0bca5171a9abd50d8a48f244f4008110b,34,mint_to_agent,0x0000000000000000000000000000000000000000,0x3e40d73eb977dc6a537af587d48316fee66e9c8c,True,43127279832911504735,43.127279832911505,0x5f4eC3Df9cbd43714FE2740f5E3616155c5b8419,129127208515966863216,3193.955541,1731240887,708,0x86392dC19c0b719886221c78AB11eb8Cf5c52812,36893488147419103410,0.99971892,1731182591,59004,137707.89657221234,
2024-11-11,2024-11-11T12:25:35.000000Z,21164428,0x9d9dc3b757628a881b0d7b5d9c13988b81810646fb74779c6522e94a6e2fae50,22,mint_to_agent,0x0000000000000000000000000000000000000000,0x3e40d73eb977dc6a537af587d48316fee66e9c8c,True,45120478947056380148,45.12047894705638,0x5f4eC3Df9cbd43714FE2740f5E3616155c5b8419,129127208515966863281,3176.1,1731327395,540,0x86392dC19c0b719886221c78AB11eb8Cf5c52812,36893488147419103411,0.9997314058594233,1731269003,58932,143268.66172209787,
2024-11-12,2024-11-12T12:23:23.000000Z,21171576,0x7ef8bbca00b5226ccf8870dcc55e7d2e39f3c66a7a1f96aa2c6f6bd226e5b78e,23,mint_to_agent,0x0000000000000000000000000000000000000000,0x3e40d73eb977dc6a537af587d48316fee66e9c8c,True,51164573632210666597,51.16457363221067,0x5f4eC3Df9cbd43714FE2740f5E3616155c5b8419,129127208515966863392,3271.89,1731414143,60,0x86392dC19c0b719886221c78AB11eb8Cf5c52812,36893488147419103415,0.9999,1731361499,52704,167388.11633581162,
2024-11-13,2024-11-13T12:23:11.000000Z,21178744,0x31c3e054bdef77a05af5a2df624e3756f899cad45efecc4d75c2a22d9c7625c8,19,mint_to_agent,0x0000000000000000000000000000000000000000,0x3e40d73eb977dc6a537af587d48316fee66e9c8c,True,46352579961992340882,46.35257996199234,0x5f4eC3Df9cbd43714FE2740f5E3616155c5b8419,129127208515966863476,3174.09455441,1731499511,1080,0x86392dC19c0b719886221c78AB11eb8Cf5c52812,36893488147419103416,0.9993617236952154,1731447935,52656,147033.56366128317,
2024-11-14,2024-11-14T12:21:59.000000Z,21185901,0x793e3d49bd02b6338552cf0d336a3f7c36af0059afb6e1cdf9ee08ee76d5754c,70,mint_to_agent,0x0000000000000000000000000000000000000000,0x3e40d73eb977dc6a537af587d48316fee66e9c8c,True,51932318766787162434,51.93231876678717,0x5f4eC3Df9cbd43714FE2740f5E3616155c5b8419,129127208515966863557,3178.8630611,1731583547,3372,0x86392dC19c0b719886221c78AB11eb8Cf5c52812,36893488147419103417,0.9991304143903084,1731534347,52572,164942.17363000617,
2024-11-15,2024-11-15T12:23:35.000000Z,21193072,0xaa2511f768cd21823827733d66df3b35ea3708f5db30783bc774c4d29cae030d,19,mint_to_agent,0x0000000000000000000000000000000000000000,0x3e40d73eb977dc6a537af587d48316fee66e9c8c,True,47378478537772378646,47.378478537772374,0x5f4eC3Df9cbd43714FE2740f5E3616155c5b8419,129127208515966863632,3114.87,1731672683,732,0x86392dC19c0b719886221c78AB11eb8Cf5c52812,36893488147419103418,0.99921293,1731620759,52656,147461.64738276933,
2024-11-16,2024-11-16T12:23:35.000000Z,21200234,0x9b3211cb834b072ff5e453967403f47003516be7efe69851bcf66773fed7c70a,65,mint_to_agent,0x0000000000000000000000000000000000000000,0x3e40d73eb977dc6a537af587d48316fee66e9c8c,True,44598680157230838427,44.598680157230845,0x5f4eC3Df9cbd43714FE2740f5E3616155c5b8419,129127208515966863686,3202.909951,1731759719,96,0x86392dC19c0b719886221c78AB11eb8Cf5c52812,36893488147419103419,0.9991418464789463,1731707171,52644,142722.97305980325,
2024-11-17,2024-11-17T12:31:23.000000Z,21207442,0x40e39df52d2c75a106b1918c8cdd73f7c5662d3ea9273c6c20be19962c3c1ecd,19,mint_to_agent,0x0000000000000000000000000000000000000000,0x3e40d73eb977dc6a537af587d48316fee66e9c8c,True,42961964348162076002,42.96196434816207,0x5f4eC3Df9cbd43714FE2740f5E3616155c5b8419,129127208515966863730,3114.19,1731845495,1188,0x86392dC19c0b719886221c78AB11eb8Cf5c52812,36893488147419103420,0.9995451605689989,1731793595,53088,133730.86600371756,
2024-11-18,2024-11-18T12:28:35.000000Z,21214605,0x1e26f636cfaa69e61b149b5c2ee544164801229edf13d03b01bf8d2ebb4142c5,19,mint_to_agent,0x0000000000000000000000000000000000000000,0x3e40d73eb977dc6a537af587d48316fee66e9c8c,True,42834756048585901724,42.8347560485859,0x5f4eC3Df9cbd43714FE2740f5E3616155c5b8419,129127208515966863775,3062.89,1731930107,2808,0x86392dC19c0b719886221c78AB11eb8Cf5c52812,36893488147419103421,0.9995763407088394,1731880031,52884,131142.56264013695,
2024-11-19,2024-11-19T12:24:11.000000Z,21221757,0x698c417b06c4a446f33a08c4bdc1d07067263c958ea33ec16fe82d22b386591b,19,mint_to_agent,0x0000000000000000000000000000000000000000,0x3e40d73eb977dc6a537af587d48316fee66e9c8c,True,44643694371128689775,44.64369437112869,0x5f4eC3Df9cbd43714FE2740f5E3616155c5b8419,129127208515966863827,3135.07,1732017899,1152,0x86392dC19c0b719886221c78AB11eb8Cf5c52812,36893488147419103422,0.9997053146069625,1731966455,52596,139919.86241829407,
2024-11-20,2024-11-20T12:24:59.000000Z,21228934,0xe3bd440afbba157c46c82d64c22596d38151f4859db805466ef9068727abeabe,19,mint_to_agent,0x0000000000000000000000000000000000000000,0x3e40d73eb977dc6a537af587d48316fee66e9c8c,True,44640479716605783243,44.64047971660578,0x5f4eC3Df9cbd43714FE2740f5E3616155c5b8419,129127208515966863867,3090.161449,1732104671,828,0x86392dC19c0b719886221c78AB11eb8Cf5c52812,36893488147419103423,0.99963776,1732052879,52620,137896.31982121855,
2024-11-21,2024-11-21T12:24:11.000000Z,21236083,0x885f1ba4d98dcf9c537a32a724be78e9b3526ca9ccd46766867c5d6071d39194,229,mint_to_agent,0x0000000000000000000000000000000000000000,0x3e40d73eb977dc6a537af587d48316fee66e9c8c,True,43976631903487861259,43.97663190348786,0x5f4eC3Df9cbd43714FE2740f5E3616155c5b8419,129127208515966863923,3236.6125,1732191467,384,0x86392dC19c0b719886221c78AB11eb8Cf5c52812,36893488147419103424,0.9994029143976676,1732139291,52560,142250.33015852608,
2024-11-22,2024-11-22T12:21:59.000000Z,21243240,0x511ae822739aa6c47c00048814ee8834cb923eb0f5249430ea3f28a2b7c5a435,20,mint_to_agent,0x0000000000000000000000000000000000000000,0x3e40d73eb977dc6a537af587d48316fee66e9c8c,True,44832915587023424276,44.83291558702342,0x5f4eC3Df9cbd43714FE2740f5E3616155c5b8419,129127208515966863989,3343.289919,1732277747,372,0x86392dC19c0b719886221c78AB11eb8Cf5c52812,36893488147419103425,0.9997756998209173,1732225727,52392,149855.81449442275,
2024-11-23,2024-11-23T12:22:59.000000Z,21250415,0xc5ae19295ae13db1422c602c7169ff27c28c4a67c653c213dd253c97eb73fa13,19,mint_to_agent,0x0000000000000000000000000000000000000000,0x3e40d73eb977dc6a537af587d48316fee66e9c8c,True,43890294997525104143,43.8902949975251,0x5f4eC3Df9cbd43714FE2740f5E3616155c5b8419,129127208515966864040,3362.99130743,1732361927,2652,0x86392dC19c0b719886221c78AB11eb8Cf5c52812,36893488147419103426,0.9997735302385379,1732312151,52428,147569.25301335836,
2024-11-24,2024-11-24T12:23:11.000000Z,21257577,0xbce15971734f9bd05aebd8c5b43a6455491c6d94e99cca7c134e4bc36a7d4cfe,28,mint_to_agent,0x0000000000000000000000000000000000000000,0x3e40d73eb977dc6a537af587d48316fee66e9c8c,True,44359348323474201784,44.3593483234742,0x5f4eC3Df9cbd43714FE2740f5E3616155c5b8419,129127208515966864090,3349.840628,1732449143,1848,0x86392dC19c0b719886221c78AB11eb8Cf5c52812,36893488147419103427,0.9997303776724538,1732398575,52416,148556.6822447194,
2024-11-25,2024-11-25T12:28:47.000000Z,21264776,0xf7719e973fcca87b609f2a32baaa5cdb1d2e09ad49bc63d78f5139ef791f37c4,19,mint_to_agent,0x0000000000000000000000000000000000000000,0x3e40d73eb977dc6a537af587d48316fee66e9c8c,True,42840694654097183310,42.840694654097184,0x5f4eC3Df9cbd43714FE2740f5E3616155c5b8419,129127208515966864136,3488.92,1732536359,1368,0x86392dC19c0b719886221c78AB11eb8Cf5c52812,36893488147419103428,0.99985137,1732484987,52740,149445.54099994013,
2024-11-26,2024-11-26T12:25:59.000000Z,21271910,0xf6375966d66d077fa46fb6bd99401289c90536f088e19e805cdbabc7df2d19e4,23,mint_to_agent,0x0000000000000000000000000000000000000000,0x3e40d73eb977dc6a537af587d48316fee66e9c8c,True,44191418671110328201,44.19141867111033,0x5f4eC3Df9cbd43714FE2740f5E3616155c5b8419,129127208515966864223,3326.6384,1732623035,924,0x86392dC19c0b719886221c78AB11eb8Cf5c52812,36893488147419103429,0.9998651539347542,1732571411,52548,146989.04673407614,
2024-11-27,2024-11-27T12:23:47.000000Z,21279065,0xce86c6d7406450830b12bbf1718175b34a12a74a95b9dab1ee0aff16e3721a8a,19,mint_to_agent,0x0000000000000000000000000000000000000000,0x3e40d73eb977dc6a537af587d48316fee66e9c8c,True,43684571946186058751,43.684571946186054,0x5f4eC3Df9cbd43714FE2740f5E3616155c5b8419,129127208515966864280,3445.4969569,1732709699,528,0x86392dC19c0b719886221c78AB11eb8Cf5c52812,36893488147419103430,0.9997882603144355,1732657847,52380,150483.1896926487,
2024-11-28,2024-11-28T12:24:35.000000Z,21286182,0xc1fa445388311d81ba2d59bf213debd0d7c67fbf6128b9cebfb0f9e80f481ecf,19,mint_to_agent,0x0000000000000000000000000000000000000000,0x3e40d73eb977dc6a537af587d48316fee66e9c8c,True,42925772222378803530,42.925772222378804,0x5f4eC3Df9cbd43714FE2740f5E3616155c5b8419,129127208515966864335,3636.10368003,1732796615,60,0x86392dC19c0b719886221c78AB11eb8Cf5c52812,36893488147419103431,0.9998505,1732744259,52416,156059.22400344838,
2024-11-29,2024-11-29T12:23:35.000000Z,21293328,0x2a95e8e45cca4a18b73d418c3efa44aa8f04377de4a55500ccdb548962905608,19,mint_to_agent,0x0000000000000000000000000000000000000000,0x3e40d73eb977dc6a537af587d48316fee66e9c8c,True,41427904617708158686,41.42790461770816,0x5f4eC3Df9cbd43714FE2740f5E3616155c5b8419,129127208515966864369,3596.17378076,1732881635,1380,0x86392dC19c0b719886221c78AB11eb8Cf5c52812,36893488147419103432,0.9998555143344309,1732830671,52344,148960.41862263696,
2024-11-30,2024-11-30T12:23:11.000000Z,21300467,0x5ab84cc6250e2293024a6cd97113c025a87c94eff06ad68987bf6cef08daf090,19,mint_to_agent,0x0000000000000000000000000000000000000000,0x3e40d73eb977dc6a537af587d48316fee66e9c8c,True,41419798359784061179,41.41979835978406,0x5f4eC3Df9cbd43714FE2740f5E3616155c5b8419,129127208515966864411,3659.4754,1732967279,2112,0x86392dC19c0b719886221c78AB11eb8Cf5c52812,36893488147419103433,0.9996225768127937,1732917095,52296,151517.5253516969,
2024-12-01,2024-12-01T12:21:59.000000Z,21307626,0x9dd778bca7b0176025b58c611cbcb2cc222695e40327f03de4ed3b19c53f120a,19,mint_to_agent,0x0000000000000000000000000000000000000000,0x3e40d73eb977dc6a537af587d48316fee66e9c8c,True,41269486402048730566,41.26948640204873,0x5f4eC3Df9cbd43714FE2740f5E3616155c5b8419,129127208515966864444,3693.21313396,1733053175,2544,0x86392dC19c0b719886221c78AB11eb8Cf5c52812,36893488147419103434,0.9999098603883558,1733003507,52212,152403.27040181166,
2024-12-02,2024-12-02T12:21:59.000000Z,21314793,0x3c9712a2861e7d3bb2c14d850c76dfe5dd03baeb47cda213245dcdcb86c9005e,27,mint_to_agent,0x0000000000000000000000000000000000000000,0x3e40d73eb977dc6a537af587d48316fee66e9c8c,True,43546036321309739451,43.546036321309735,0x5f4eC3Df9cbd43714FE2740f5E3616155c5b8419,129127208515966864483,3591.17,1733139491,2628,0x86392dC19c0b719886221c78AB11eb8Cf5c52812,36893488147419103435,0.9998572144185768,1733089919,52200,156358.89027268274,
2024-12-03,2024-12-03T12:29:11.000000Z,21321981,0x121ac286f5942cfeda8fcdc34c324e34162e51e347a382885d08a7400c03b1bb,24,mint_to_agent,0x0000000000000000000000000000000000000000,0x3e40d73eb977dc6a537af587d48316fee66e9c8c,True,46052527276185281611,46.05252727618528,0x5f4eC3Df9cbd43714FE2740f5E3616155c5b8419,129127208515966864525,3608.8917,1733228711,240,0x86392dC19c0b719886221c78AB11eb8Cf5c52812,36893488147419103436,0.9992838961744839,1733176331,52620,166079.56800964402,
2024-12-04,2024-12-04T12:27:11.000000Z,21329130,0x549800e3eac66f34b8faeff03afe09ba3ac1053b2da194d1e74b52fd6809cce8,19,mint_to_agent,0x0000000000000000000000000000000000000000,0x3e40d73eb977dc6a537af587d48316fee66e9c8c,True,46501697336989381565,46.50169733698939,0x5f4eC3Df9cbd43714FE2740f5E3616155c5b8419,129127208515966864572,3718.0299,1733314487,744,0x86392dC19c0b719886221c78AB11eb8Cf5c52812,36893488147419103437,0.99982439,1733262767,52464,172864.3390612168,
2024-12-05,2024-12-05T12:26:35.000000Z,21336287,0x7e35f0c2cfaf2ad41babb66ce1a56219e62a32154a256a0a082e0deab83ea2c5,19,mint_to_agent,0x0000000000000000000000000000000000000000,0x3e40d73eb977dc6a537af587d48316fee66e9c8c,True,44308270835657198085,44.3082708356572,0x5f4eC3Df9cbd43714FE2740f5E3616155c5b8419,129127208515966864640,3928.69327594,1733401367,228,0x86392dC19c0b719886221c78AB11eb8Cf5c52812,36893488147419103438,0.999757062740231,1733349191,52404,174031.31673580784,
2024-12-06,2024-12-06T12:23:47.000000Z,21343432,0xcfc27d2e84b9ab01529c4e2939728bddca7d91c582bd0f6e5738b489b534f6b3,19,mint_to_agent,0x0000000000000000000000000000000000000000,0x3e40d73eb977dc6a537af587d48316fee66e9c8c,True,49355854198903229645,49.355854198903224,0x5f4eC3Df9cbd43714FE2740f5E3616155c5b8419,129127208515966864702,3876.47568976,1733486543,1284,0x86392dC19c0b719886221c78AB11eb8Cf5c52812,36893488147419103439,0.9995,1733435627,52200,191231.1055649127,
2024-12-07,2024-12-07T12:23:11.000000Z,21350589,0x6c2dca2d0c12a72050c10f7421adf9ad297b84d277184078b339505537305db7,19,mint_to_agent,0x0000000000000000000000000000000000000000,0x3e40d73eb977dc6a537af587d48316fee66e9c8c,True,42762850849635146144,42.76285084963515,0x5f4eC3Df9cbd43714FE2740f5E3616155c5b8419,129127208515966864739,4004.63,1733570783,3408,0x86392dC19c0b719886221c78AB11eb8Cf5c52812,36893488147419103440,0.9996999590957957,1733522039,52152,171198.01357453477,
2024-12-08,2024-12-08T12:23:23.000000Z,21357747,0x36bf1544f7ae9f5f10d5e7f0b4473df30c2b04e99048ae47913ddfbebfb8ef95,19,mint_to_agent,0x0000000000000000000000000000000000000000,0x3e40d73eb977dc6a537af587d48316fee66e9c8c,True,41100748146118808773,41.10074814611881,0x5f4eC3Df9cbd43714FE2740f5E3616155c5b8419,129127208515966864767,3969.71,1733660183,420,0x86392dC19c0b719886221c78AB11eb8Cf5c52812,36893488147419103441,0.99927254,1733608451,52152,163039.35996740474,
2024-12-09,2024-12-09T12:23:23.000000Z,21364922,0x1bbcf503680bba223545b5fea81474fef461d1b3bd74827d62bfeeb9400467c0,34,mint_to_agent,0x0000000000000000000000000000000000000000,0x3e40d73eb977dc6a537af587d48316fee66e9c8c,True,42206600208585727022,42.206600208585726,0x5f4eC3Df9cbd43714FE2740f5E3616155c5b8419,129127208515966864802,3855.97,1733743535,3468,0x86392dC19c0b719886221c78AB11eb8Cf5c52812,36893488147419103442,0.9993812906526027,1733694863,52140,162646.6908784274,
2024-12-10,2024-12-10T12:21:59.000000Z,21372072,0x9a2459845874b77968c5615692760d52607d93ea29d069edd81b4b2f42246489,19,mint_to_agent,0x0000000000000000000000000000000000000000,0x3e40d73eb977dc6a537af587d48316fee66e9c8c,True,50403554967087419907,50.40355496708742,0x5f4eC3Df9cbd43714FE2740f5E3616155c5b8419,129127208515966864899,3736.31,1733832803,516,0x86392dC19c0b719886221c78AB11eb8Cf5c52812,36893488147419103450,0.99780274,1733802875,30444,187909.51119072814,
2024-12-11,2024-12-11T12:28:47.000000Z,21379265,0x0bc54208a951894f7a4d0b2d8688bde5b55124625275d105a7fb93b12f487142,19,mint_to_agent,0x0000000000000000000000000000000000000000,0x3e40d73eb977dc6a537af587d48316fee66e9c8c,True,44817471235745692969,44.81747123574569,0x5f4eC3Df9cbd43714FE2740f5E3616155c5b8419,129127208515966864972,3723.94167174,1733919887,240,0x86392dC19c0b719886221c78AB11eb8Cf5c52812,36893488147419103451,0.9995677622465375,1733889287,30840,166825.50929204538,
2024-12-12,2024-12-12T12:27:59.000000Z,21386423,0xd3e04cb6ade70fcec0c352bd6dba5096f06586955fd78390552c99930df09da4,19,mint_to_agent,0x0000000000000000000000000000000000000000,0x3e40d73eb977dc6a537af587d48316fee66e9c8c,True,43000544333275965916,43.00054433327596,0x5f4eC3Df9cbd43714FE2740f5E3616155c5b8419,129127208515966865014,3911.2016239,1734003275,3204,0x86392dC19c0b719886221c78AB11eb8Cf5c52812,36893488147419103452,0.9992890570690831,1733975699,30780,168064.22974202357,
2024-12-13,2024-12-13T12:26:59.000000Z,21393583,0x0671e294c749453ab3a09d6a2e1505d8ff87c72bdc80e4c0f49aad28d835e50e,19,mint_to_agent,0x0000000000000000000000000000000000000000,0x3e40d73eb977dc6a537af587d48316fee66e9c8c,True,42530817028648783896,42.53081702864879,0x5f4eC3Df9cbd43714FE2740f5E3616155c5b8419,129127208515966865060,3906.535449,1734091463,1356,0x86392dC19c0b719886221c78AB11eb8Cf5c52812,36893488147419103453,0.9991357412096541,1734062111,30708,166004.5494030543,
2024-12-14,2024-12-14T12:24:23.000000Z,21400735,0x5498cc73d0c949c1077a0da25c6f9b6c9dcbbb7a91bd7274c78ff09dee697adf,19,mint_to_agent,0x0000000000000000000000000000000000000000,0x3e40d73eb977dc6a537af587d48316fee66e9c8c,True,41167476012449545470,41.16747601244955,0x5f4eC3Df9cbd43714FE2740f5E3616155c5b8419,129127208515966865093,3891.446224,1734178883,180,0x86392dC19c0b719886221c78AB11eb8Cf5c52812,36893488147419103454,0.99875906,1734148523,30540,160002.21922763993,
2024-12-15,2024-12-15T12:24:35.000000Z,21407901,0xca6a4822203ca1b9de6d3378b5e31b2b01917944c627f41f8722d61d63349e12,59,mint_to_agent,0x0000000000000000000000000000000000000000,0x3e40d73eb977dc6a537af587d48316fee66e9c8c,True,40592894058403777683,40.59289405840377,0x5f4eC3Df9cbd43714FE2740f5E3616155c5b8419,129127208515966865122,3876.61,1734263951,1524,0x86392dC19c0b719886221c78AB11eb8Cf5c52812,36893488147419103455,0.9990558595693126,1734234935,30540,157214.2464360101,
2024-12-16,2024-12-16T12:23:59.000000Z,21415057,0x9ecbec45787f2d051763640e5a4b0c446e5d83fa5e839a1347efbf3e29bab3cf,19,mint_to_agent,0x0000000000000000000000000000000000000000,0x3e40d73eb977dc6a537af587d48316fee66e9c8c,True,41649854937521982043,41.64985493752198,0x5f4eC3Df9cbd43714FE2740f5E3616155c5b8419,129127208515966865160,3903.562757,1734350231,1608,0x86392dC19c0b719886221c78AB11eb8Cf5c52812,36893488147419103456,0.9989520280314921,1734321359,30480,162412.44032795064,
2024-12-17,2024-12-17T12:24:59.000000Z,21422241,0xd75a27e1de899316156cc3dcbb4cfbec51a898a77130f9f5abdd9099c59c4a51,27,mint_to_agent,0x0000000000000000000000000000000000000000,0x3e40d73eb977dc6a537af587d48316fee66e9c8c,True,42038365467190914050,42.038365467190914,0x5f4eC3Df9cbd43714FE2740f5E3616155c5b8419,129127208515966865206,3990.54,1734436367,1932,0x86392dC19c0b719886221c78AB11eb8Cf5c52812,36893488147419103457,0.9982182408798504,1734407783,30516,167456.87854237514,
2024-12-18,2024-12-18T12:23:11.000000Z,21429391,0xbb04178edf56c9a5a12a1be2846565d9b58014e3952b058d336a9683262997c0,19,mint_to_agent,0x0000000000000000000000000000000000000000,0x3e40d73eb977dc6a537af587d48316fee66e9c8c,True,41905588919370857927,41.90558891937086,0x5f4eC3Df9cbd43714FE2740f5E3616155c5b8419,129127208515966865251,3887.07,1734523979,612,0x86392dC19c0b719886221c78AB11eb8Cf5c52812,36893488147419103458,0.9988058454491018,1734494195,30396,162695.44173674978,
2024-12-19,2024-12-19T12:21:59.000000Z,21436534,0x97e7a8d6d28d3ad0ca59c0cde78bf449056d9ffc60f93f914500ff1b14e7be18,19,mint_to_agent,0x0000000000000000000000000000000000000000,0x3e40d73eb977dc6a537af587d48316fee66e9c8c,True,43564345640463084231,43.56434564046308,0x5f4eC3Df9cbd43714FE2740f5E3616155c5b8419,129127208515966865319,3699.38,1734608783,2136,0x86392dC19c0b719886221c78AB11eb8Cf5c52812,36893488147419103459,0.9984552188116417,1734580619,30300,160912.11038776737,
2024-12-20,2024-12-20T12:27:23.000000Z,21443728,0xc168fcdb456d57b9a6616f362652ae85e7478d5f96a2dde43a42f44f29d60186,22,mint_to_agent,0x0000000000000000000000000000000000000000,0x3e40d73eb977dc6a537af587d48316fee66e9c8c,True,48055152461586226312,48.055152461586225,0x5f4eC3Df9cbd43714FE2740f5E3616155c5b8419,129127208515966865481,3213.34,1734697643,0,0x86392dC19c0b719886221c78AB11eb8Cf5c52812,36893488147419103460,0.99925545,1734667031,30612,154302.572028818,
2024-12-21,2024-12-21T12:24:47.000000Z,21450867,0xcc66a87d10c1d1eced62eebd137ed5e1a40b013251d6940c621c4a89cbfbecba,19,mint_to_agent,0x0000000000000000000000000000000000000000,0x3e40d73eb977dc6a537af587d48316fee66e9c8c,True,42027407569826891715,42.02740756982689,0x5f4eC3Df9cbd43714FE2740f5E3616155c5b8419,129127208515966865551,3426.39,1734782915,972,0x86392dC19c0b719886221c78AB11eb8Cf5c52812,36893488147419103461,0.9987994003700223,1734753443,30444,143829.399928262,
2024-12-22,2024-12-22T12:27:35.000000Z,21458032,0x3024eccd7f5cf31f4de1b906b9ea07784417084704e1ff544fda3e7fd3bd04af,19,mint_to_agent,0x0000000000000000000000000000000000000000,0x3e40d73eb977dc6a537af587d48316fee66e9c8c,True,40805974704259738316,40.80597470425973,0x5f4eC3Df9cbd43714FE2740f5E3616155c5b8419,129127208515966865601,3377.352648,1734869927,528,0x86392dC19c0b719886221c78AB11eb8Cf5c52812,36893488147419103462,0.9983218131179494,1734839867,30588,137584.88543852585,
2024-12-23,2024-12-23T12:22:11.000000Z,21465154,0xfeb67b8f45fcbb5f3e647636c88f2f294c8dcca4f5c4f9b443a3c96d534ee472,19,mint_to_agent,0x0000000000000000000000000000000000000000,0x3e40d73eb977dc6a537af587d48316fee66e9c8c,True,41100396211465071128,41.10039621146507,0x5f4eC3Df9cbd43714FE2740f5E3616155c5b8419,129127208515966865671,3331.8878489,1734953519,3012,0x86392dC19c0b719886221c78AB11eb8Cf5c52812,36893488147419103463,0.9984626706289093,1734926303,30228,136731.3859004699,
2024-12-24,2024-12-24T12:23:23.000000Z,21472304,0x709d7a2b4ed836d4ca8b05422e2bab4fe1d2c80b428b6e6f9bc6b8714a8bcaa2,19,mint_to_agent,0x0000000000000000000000000000000000000000,0x3e40d73eb977dc6a537af587d48316fee66e9c8c,True,40994625481379243225,40.994625481379245,0x5f4eC3Df9cbd43714FE2740f5E3616155c5b8419,129127208515966865731,3402.43452288,1735042439,564,0x86392dC19c0b719886221c78AB11eb8Cf5c52812,36893488147419103464,0.9981605153372813,1735012715,30288,139224.95485707052,
2024-12-25,2024-12-25T12:23:23.000000Z,21479464,0x5a744ba17d76cd548f3420a153d354e11815eed492f87742264c0b279a85c159,19,mint_to_agent,0x0000000000000000000000000000000000000000,0x3e40d73eb977dc6a537af587d48316fee66e9c8c,True,39652874427054942298,39.65287442705494,0x5f4eC3Df9cbd43714FE2740f5E3616155c5b8419,129127208515966865772,3468.23,1735127975,1428,0x86392dC19c0b719886221c78AB11eb8Cf5c52812,36893488147419103465,0.9990617176034924,1735099127,30276,137396.2511167072,
2024-12-26,2024-12-26T12:22:23.000000Z,21486609,0x06a22585e94cc54376068aa0576862509553d91b0fbb5669e0da3cfed155d969,19,mint_to_agent,0x0000000000000000000000000000000000000000,0x3e40d73eb977dc6a537af587d48316fee66e9c8c,True,39894537508957879007,39.89453750895788,0x5f4eC3Df9cbd43714FE2740f5E3616155c5b8419,129127208515966865805,3369.43,1735213763,1980,0x86392dC19c0b719886221c78AB11eb8Cf5c52812,36893488147419103466,0.9989262787301707,1735185539,30204,134277.51991770236,
2024-12-27,2024-12-27T12:23:23.000000Z,21493769,0x0e54647073617b8815a5203bcf4af6a5d4e3f63676a18c9c5c6017850a85ee4c,19,mint_to_agent,0x0000000000000000000000000000000000000000,0x3e40d73eb977dc6a537af587d48316fee66e9c8c,True,40969426969577774777,40.969426969577775,0x5f4eC3Df9cbd43714FE2740f5E3616155c5b8419,129127208515966865851,3409.77,1735301135,1068,0x86392dC19c0b719886221c78AB11eb8Cf5c52812,36893488147419103467,0.9991962459097232,1735271951,30252,139584.0415070509,
2024-12-28,2024-12-28T12:27:23.000000Z,21500958,0xc8daf9a094adf86ab7361cc461736c92f90e6cb9dd1ecd7b8944f9e2eff59565,19,mint_to_agent,0x0000000000000000000000000000000000000000,0x3e40d73eb977dc6a537af587d48316fee66e9c8c,True,40074554156378489980,40.07455415637849,0x5f4eC3Df9cbd43714FE2740f5E3616155c5b8419,129127208515966865881,3352.4603,1735386827,2016,0x86392dC19c0b719886221c78AB11eb8Cf5c52812,36893488147419103468,0.9994379697910623,1735358363,30480,134272.84401719848,
2024-12-29,2024-12-29T12:27:35.000000Z,21508124,0xfb4938552c7dcbf28391b266dd81f28a11636ca725f3b2c31de5c3d8ee1203ab,19,mint_to_agent,0x0000000000000000000000000000000000000000,0x3e40d73eb977dc6a537af587d48316fee66e9c8c,True,39770213710904604585,39.770213710904606,0x5f4eC3Df9cbd43714FE2740f5E3616155c5b8419,129127208515966865908,3391.51559568,1735473719,1536,0x86392dC19c0b719886221c78AB11eb8Cf5c52812,36893488147419103469,0.9996048579179823,1735444775,30480,134828.00276633486,
2024-12-30,2024-12-30T12:25:11.000000Z,21515275,0x1f2246ed38b82e8f70aa34d90304cdfedac6586d3ab76ae6f642f72237f7f89d,19,mint_to_agent,0x0000000000000000000000000000000000000000,0x3e40d73eb977dc6a537af587d48316fee66e9c8c,True,39927767802474060075,39.927767802474065,0x5f4eC3Df9cbd43714FE2740f5E3616155c5b8419,129127208515966865939,3418.5376186,1735560203,1308,0x86392dC19c0b719886221c78AB11eb8Cf5c52812,36893488147419103470,0.9994937192503868,1735531187,30324,136425.47168309666,
2024-12-31,2024-12-31T12:23:35.000000Z,21522432,0xc131a716316d57cba34be8596fca69714107d418bde865b1435800d82e283899,47,mint_to_agent,0x0000000000000000000000000000000000000000,0x3e40d73eb977dc6a537af587d48316fee66e9c8c,True,42901592191075260130,42.90159219107526,0x5f4eC3Df9cbd43714FE2740f5E3616155c5b8419,129127208515966865979,3388.54,1735645055,2760,0x86392dC19c0b719886221c78AB11eb8Cf5c52812,36893488147419103471,0.9994282385019796,1735617623,30192,145290.64208366777,
2025-01-01,2025-01-01T12:22:23.000000Z,21529587,0x1f70641580f1baa27fd77985c7fa96014032e302416c57dd31ca0d32d6765460,19,mint_to_agent,0x0000000000000000000000000000000000000000,0x3e40d73eb977dc6a537af587d48316fee66e9c8c,True,41220108584278219430,41.22010858427822,0x5f4eC3Df9cbd43714FE2740f5E3616155c5b8419,129127208515966866012,3334.07799583,1735731707,2436,0x86392dC19c0b719886221c78AB11eb8Cf5c52812,36893488147419103472,0.9994941311903183,1735704035,30108,137361.53493133903,
2025-01-02,2025-01-02T12:23:11.000000Z,21536758,0xee86e80e32455e7c6927fa99269a359b1f6f2520687a1bad32ed6a5e6550af71,19,mint_to_agent,0x0000000000000000000000000000000000000000,0x3e40d73eb977dc6a537af587d48316fee66e9c8c,True,43269879917555951481,43.26987991755595,0x5f4eC3Df9cbd43714FE2740f5E3616155c5b8419,129127208515966866041,3469.44,1735819067,1524,0x86392dC19c0b719886221c78AB11eb8Cf5c52812,36893488147419103473,0.9994253588963051,1735790447,30144,150035.98576448276,
2025-01-03,2025-01-03T12:22:23.000000Z,21543927,0xa52dd87489ba884384c649d570d44d7094671ef961f4e8be80bf3218d5cd6607,19,mint_to_agent,0x0000000000000000000000000000000000000000,0x3e40d73eb977dc6a537af587d48316fee66e9c8c,True,41943524231737069841,41.94352423173707,0x5f4eC3Df9cbd43714FE2740f5E3616155c5b8419,129127208515966866074,3458.276,1735904339,2604,0x86392dC19c0b719886221c78AB11eb8Cf5c52812,36893488147419103474,0.9991094851444874,1735876871,30072,144923.11199301376,
2025-01-04,2025-01-04T12:24:23.000000Z,21551093,0x4c36d98a6fcd6cfeb6898c94c156f54f882bc104523170163f5d49d07ca7b258,19,mint_to_agent,0x0000000000000000000000000000000000000000,0x3e40d73eb977dc6a537af587d48316fee66e9c8c,True,41337148326752937815,41.33714832675294,0x5f4eC3Df9cbd43714FE2740f5E3616155c5b8419,129127208515966866104,3623.7498,1735993379,84,0x86392dC19c0b719886221c78AB11eb8Cf5c52812,36893488147419103475,0.9992153514044253,1735963283,30180,149677.94616629631,
2025-01-05,2025-01-05T12:28:11.000000Z,21558275,0xd11d3c51661ba3e032b27b3a6d234e23886b484c24acaff7cb72a63949f6eeec,19,mint_to_agent,0x0000000000000000000000000000000000000000,0x3e40d73eb977dc6a537af587d48316fee66e9c8c,True,40590458570207857412,40.59045857020786,0x5f4eC3Df9cbd43714FE2740f5E3616155c5b8419,129127208515966866132,3617.38,1736079611,480,0x86392dC19c0b719886221c78AB11eb8Cf5c52812,36893488147419103476,0.9994935873796545,1736049695,30396,146756.75589400443,
2025-01-06,2025-01-06T12:28:47.000000Z,21565423,0x30ea6418fd2d81c976cdeadd2667fde02055223976b5c738895f935d43853e9f,19,mint_to_agent,0x0000000000000000000000000000000000000000,0x3e40d73eb977dc6a537af587d48316fee66e9c8c,True,41128260421317369589,41.12826042131737,0x5f4eC3Df9cbd43714FE2740f5E3616155c5b8419,129127208515966866162,3656.25,1736163455,3072,0x86392dC19c0b719886221c78AB11eb8Cf5c52812,36893488147419103477,0.9994285391326535,1736136107,30420,150289.26862198478,
2025-01-07,2025-01-07T12:27:35.000000Z,21572589,0xfd478205a1e3b3d1a81563387d0ba04c47c898a784a0b29520799b6f6774dd1c,19,mint_to_agent,0x0000000000000000000000000000000000000000,0x3e40d73eb977dc6a537af587d48316fee66e9c8c,True,42292321352165146588,42.292321352165146,0x5f4eC3Df9cbd43714FE2740f5E3616155c5b8419,129127208515966866192,3642.3915,1736249903,2952,0x86392dC19c0b719886221c78AB11eb8Cf5c52812,36893488147419103478,0.9992596149699646,1736222519,30336,153931.139054431,
2025-01-08,2025-01-08T12:26:23.000000Z,21579747,0x48fa89cdd402c383e0900f94d3e25c86a378741548a6dea0d76dfe851d1f25a9,133,mint_to_agent,0x0000000000000000000000000000000000000000,0x3e40d73eb977dc6a537af587d48316fee66e9c8c,True,43505272471521894577,43.50527247152189,0x5f4eC3Df9cbd43714FE2740f5E3616155c5b8419,129127208515966866245,3351.26,1736336987,2196,0x86392dC19c0b719886221c78AB11eb8Cf5c52812,36893488147419103479,0.99948927,1736308931,30252,145723.01627624678,
2025-01-09,2025-01-09T12:22:59.000000Z,21586894,0x5fb94c413682ef9e40fbd730c2a13e9c214adcf1f2119528ae5984ea4b717397,19,mint_to_agent,0x0000000000000000000000000000000000000000,0x3e40d73eb977dc6a537af587d48316fee66e9c8c,True,42281454034632740609,42.28145403463274,0x5f4eC3Df9cbd43714FE2740f5E3616155c5b8419,129127208515966866298,3304.96,1736422655,2724,0x86392dC19c0b719886221c78AB11eb8Cf5c52812,36893488147419103480,0.9993193076598421,1736395355,30024,139643.39538997287,
2025-01-10,2025-01-10T12:22:11.000000Z,21594045,0x92a337f48c944a1323285d92a0a32bb1002ceb6bd6b62d8ccd21ee444625dc6e,19,mint_to_agent,0x0000000000000000000000000000000000000000,0x3e40d73eb977dc6a537af587d48316fee66e9c8c,True,42264878402992634935,42.264878402992636,0x5f4eC3Df9cbd43714FE2740f5E3616155c5b8419,129127208515966866350,3302.55,1736508467,3264,0x86392dC19c0b719886221c78AB11eb8Cf5c52812,36893488147419103481,0.9996,1736481767,29964,139526.0414201354,
2025-01-11,2025-01-11T12:23:47.000000Z,21601218,0x7e2979b253a93d93b798cfd73326115ceaf58ef0e253f53961d88e2aaeae2321,19,mint_to_agent,0x0000000000000000000000000000000000000000,0x3e40d73eb977dc6a537af587d48316fee66e9c8c,True,39816216083711232220,39.81621608371123,0x5f4eC3Df9cbd43714FE2740f5E3616155c5b8419,129127208515966866398,3273.93,1736597939,288,0x86392dC19c0b719886221c78AB11eb8Cf5c52812,36893488147419103482,0.9996351365797379,1736568179,30048,130307.94236778744,
2025-01-12,2025-01-12T12:23:23.000000Z,21608386,0x5df444b340e98473ffa7e15d23c9384a3723a849531979bcfb48da26b09683a5,19,mint_to_agent,0x0000000000000000000000000000000000000000,0x3e40d73eb977dc6a537af587d48316fee66e9c8c,True,38961061516013414687,38.96106151601341,0x5f4eC3Df9cbd43714FE2740f5E3616155c5b8419,129127208515966866424,3248.02,1736681483,3120,0x86392dC19c0b719886221c78AB11eb8Cf5c52812,36893488147419103483,0.9991071840160015,1736654591,30012,126433.32445961375,
2025-01-13,2025-01-13T12:29:11.000000Z,21615564,0xe1868d4dd8f23b811ec1447cbd6b4cc0541d433f30e60b3ef9578f235da35e62,19,mint_to_agent,0x0000000000000000000000000000000000000000,0x3e40d73eb977dc6a537af587d48316fee66e9c8c,True,44877774887926855242,44.877774887926854,0x5f4eC3Df9cbd43714FE2740f5E3616155c5b8419,129127208515966866468,3058.15,1736770739,612,0x86392dC19c0b719886221c78AB11eb8Cf5c52812,36893488147419103484,0.9994588990175951,1736741003,30348,137168.70496909364,
2025-01-14,2025-01-14T12:27:35.000000Z,21622722,0x133ee4f56a9de6a910cdfa2d223abbbf26f7962d7cfe019ee5990110fb57f121,19,mint_to_agent,0x0000000000000000000000000000000000000000,0x3e40d73eb977dc6a537af587d48316fee66e9c8c,True,42976269881928404282,42.9762698819284,0x5f4eC3Df9cbd43714FE2740f5E3616155c5b8419,129127208515966866535,3196.53,1736857163,492,0x86392dC19c0b719886221c78AB11eb8Cf5c52812,36893488147419103485,0.9993,1736827415,30240,137278.7735105046,
2025-01-15,2025-01-15T12:27:35.000000Z,21629877,0xdcf08b390a6d58ca2c990941f617c06e30d22a20b3928c5af42476c8e8e37ff0,19,mint_to_agent,0x0000000000000000000000000000000000000000,0x3e40d73eb977dc6a537af587d48316fee66e9c8c,True,41199191105707849703,41.199191105707854,0x5f4eC3Df9cbd43714FE2740f5E3616155c5b8419,129127208515966866576,3194.604756,1736942999,1056,0x86392dC19c0b719886221c78AB11eb8Cf5c52812,36893488147419103486,0.9991335851675527,1736913827,30228,131501.09854723816,
2025-01-16,2025-01-16T12:25:35.000000Z,21637032,0x24fe54bcce44457cc6780a5a70ba7a3274f8b20b233db4cff231156c35247b86,19,mint_to_agent,0x0000000000000000000000000000000000000000,0x3e40d73eb977dc6a537af587d48316fee66e9c8c,True,41724111215758670534,41.72411121575867,0x5f4eC3Df9cbd43714FE2740f5E3616155c5b8419,129127208515966866625,3361.70005884,1737030215,120,0x86392dC19c0b719886221c78AB11eb8Cf5c52812,36893488147419103487,0.999504406125524,1737000263,30072,140194.43317605564,
2025-01-17,2025-01-17T12:24:47.000000Z,21644195,0xe77229bf8a0cf3e1eec9d7a0e1a4992e48b6440818a6233a7b59cf6156b856ba,19,mint_to_agent,0x0000000000000000000000000000000000000000,0x3e40d73eb977dc6a537af587d48316fee66e9c8c,True,41673858944485386722,41.67385894448538,0x5f4eC3Df9cbd43714FE2740f5E3616155c5b8419,129127208515966866667,3423.57863583,1737116039,648,0x86392dC19c0b719886221c78AB11eb8Cf5c52812,36893488147419103488,0.9989276527701791,1737086675,30012,142520.73737241622,
2025-01-18,2025-01-18T12:27:47.000000Z,21651368,0xf3c3a588ac849266adddbf4d96ddce3ef820b3faba0f0059d2033a027a4dd4a5,64,mint_to_agent,0x0000000000000000000000000000000000000000,0x3e40d73eb977dc6a537af587d48316fee66e9c8c,True,42657732886692948409,42.65773288669295,0x5f4eC3Df9cbd43714FE2740f5E3616155c5b8419,129127208515966866720,3302.47597003,1737203195,72,0x86392dC19c0b719886221c78AB11eb8Cf5c52812,36893488147419103489,0.9989403080825677,1737173099,30168,140726.85248968226,
2025-01-19,2025-01-19T12:23:23.000000Z,21658506,0xe765d60503d7678c2bfb77713c330cc3d0c84bde74fa054ab0501344cbcf12ac,19,mint_to_agent,0x0000000000000000000000000000000000000000,0x3e40d73eb977dc6a537af587d48316fee66e9c8c,True,45225614200482001187,45.225614200482006,0x5f4eC3Df9cbd43714FE2740f5E3616155c5b8419,129127208515966866785,3168.18104566,1737288383,1020,0x86392dC19c0b719886221c78AB11eb8Cf5c52812,36893488147419103490,0.9982915077748307,1737259499,29904,143038.13591009294,
2025-01-20,2025-01-20T12:22:47.000000Z,21665676,0xec44085a7b0f0240989701c463198d31e4bef3add88a3df7f96c251f989ef139,19,mint_to_agent,0x0000000000000000000000000000000000000000,0x3e40d73eb977dc6a537af587d48316fee66e9c8c,True,49824916888013831449,49.82491688801383,0x5f4eC3Df9cbd43714FE2740f5E3616155c5b8419,129127208515966866930,3287.0916,1737375743,24,0x86392dC19c0b719886221c78AB11eb8Cf5c52812,36893488147419103491,0.9976441078287859,1737345911,29856,163393.21995442436,
2025-01-21,2025-01-21T12:22:59.000000Z,21672836,0x94eaf7fa255f6ede28b0177c7477f06d402501ce170f3b92da96379d1faee5c0,19,mint_to_agent,0x0000000000000000000000000000000000000000,0x3e40d73eb977dc6a537af587d48316fee66e9c8c,True,49174070806819963809,49.17407080681996,0x5f4eC3Df9cbd43714FE2740f5E3616155c5b8419,129127208515966867025,3319.66920924,1737461999,180,0x86392dC19c0b719886221c78AB11eb8Cf5c52812,36893488147419103492,0.9978177174878429,1737432323,29856,162885.4093550641,
2025-01-22,2025-01-22T12:29:23.000000Z,21680035,0xe542258fb626c103c559f4c422313d70bd543ea60ba7fc4ad4c73f350b660807,19,mint_to_agent,0x0000000000000000000000000000000000000000,0x3e40d73eb977dc6a537af587d48316fee66e9c8c,True,41595744420495460050,41.59574442049546,0x5f4eC3Df9cbd43714FE2740f5E3616155c5b8419,129127208515966867065,3322.75135867,1737546779,2184,0x86392dC19c0b719886221c78AB11eb8Cf5c52812,36893488147419103493,0.9979287675715806,1737518735,30228,137926.04645658852,
2025-01-23,2025-01-23T12:27:11.000000Z,21687185,0xc6fbc7be20b91e57334a7f2f8a519b17280aede29e2beac36306d15fe7696427,19,mint_to_agent,0x0000000000000000000000000000000000000000,0x3e40d73eb977dc6a537af587d48316fee66e9c8c,True,40665715494234882057,40.66571549423488,0x5f4eC3Df9cbd43714FE2740f5E3616155c5b8419,129127208515966867101,3195.65610792,1737634703,528,0x86392dC19c0b719886221c78AB11eb8Cf5c52812,36893488147419103494,0.99881947,1737605171,30060,129800.2279289779,
2025-01-24,2025-01-24T12:27:47.000000Z,21694359,0xee18dce9d29339c9a68179e80040ed8f9ea2711d18c52f517ee016c6d781974b,19,mint_to_agent,0x0000000000000000000000000000000000000000,0x3e40d73eb977dc6a537af587d48316fee66e9c8c,True,60043411448724197177,60.04341144872419,0x5f4eC3Df9cbd43714FE2740f5E3616155c5b8419,129127208515966867172,3400.46192991,1737719255,2412,0x86392dC19c0b719886221c78AB11eb8Cf5c52812,36893488147419103495,0.99854934,1737691595,30072,203879.1457821666,
2025-01-25,2025-01-25T12:22:59.000000Z,21701490,0x9f32043d45c8cd916e59dff5e8f031933772e1073aa0daba3e7b5905b8ead094,19,mint_to_agent,0x0000000000000000000000000000000000000000,0x3e40d73eb977dc6a537af587d48316fee66e9c8c,True,40110243849397598674,40.1102438493976,0x5f4eC3Df9cbd43714FE2740f5E3616155c5b8419,129127208515966867208,3304.0664832,1737806555,1224,0x86392dC19c0b719886221c78AB11eb8Cf5c52812,36893488147419103496,0.99839317,1737778007,29772,132313.96411722508,
2025-01-26,2025-01-26T12:23:11.000000Z,21708664,0xb7f12312f8c1d5a034d3b72fa576093c1a3e53013da90b32651557e1bd7cff70,22,mint_to_agent,0x0000000000000000000000000000000000000000,0x3e40d73eb977dc6a537af587d48316fee66e9c8c,True,39056872179065513688,39.056872179065515,0x5f4eC3Df9cbd43714FE2740f5E3616155c5b8419,129127208515966867235,3313.13,1737892727,1464,0x86392dC19c0b719886221c78AB11eb8Cf5c52812,36893488147419103497,0.9986139725804869,1737864419,29772,129221.14228856601,
2025-01-27,2025-01-27T12:23:59.000000Z,21715840,0xaed36b74b69de566b3358c558995b075aac993cd99e85f4855ddea2e654d85b8,19,mint_to_agent,0x0000000000000000000000000000000000000000,0x3e40d73eb977dc6a537af587d48316fee66e9c8c,True,43927235268954629429,43.927235268954625,0x5f4eC3Df9cbd43714FE2740f5E3616155c5b8419,129127208515966867286,3057.73213973,1737979307,1332,0x86392dC19c0b719886221c78AB11eb8Cf5c52812,36893488147419103498,0.9986358682482328,1737950831,29808,134134.49202592627,
2025-01-28,2025-01-28T12:23:47.000000Z,21723002,0xf993c208f53e9d96b6b976ba953f892c6e1487f894e9e199dbb0f422587c6d0d,19,mint_to_agent,0x0000000000000000000000000000000000000000,0x3e40d73eb977dc6a537af587d48316fee66e9c8c,True,40682310276198136977,40.68231027619814,0x5f4eC3Df9cbd43714FE2740f5E3616155c5b8419,129127208515966867332,3178.96994644,1738064159,2868,0x86392dC19c0b719886221c78AB11eb8Cf5c52812,36893488147419103499,0.9988032732400898,1738037243,29784,129173.07163079357,
2025-01-29,2025-01-29T12:23:35.000000Z,21730163,0x483bc9d81d3217521af710072ea06b46db2041119e6c67584893a8908ff34ce4,19,mint_to_agent,0x0000000000000000000000000000000000000000,0x3e40d73eb977dc6a537af587d48316fee66e9c8c,True,39511728185137836116,39.51172818513784,0x5f4eC3Df9cbd43714FE2740f5E3616155c5b8419,129127208515966867375,3138.29,1738149995,3420,0x86392dC19c0b719886221c78AB11eb8Cf5c52812,36893488147419103500,0.9990636442517653,1738123655,29760,123883.15402490429,
2025-01-30,2025-01-30T12:27:23.000000Z,21737347,0x2e28ce1e08e986cfe207e35264f8a30687756076253763b99cb155a042fb0c5c,19,mint_to_agent,0x0000000000000000000000000000000000000000,0x3e40d73eb977dc6a537af587d48316fee66e9c8c,True,40983985691948569220,40.983985691948575,0x5f4eC3Df9cbd43714FE2740f5E3616155c5b8419,129127208515966867438,3210.79186638,1738239503,540,0x86392dC19c0b719886221c78AB11eb8Cf5c52812,36893488147419103501,0.99930187,1738210067,29976,131499.1802532643,
2025-01-31,2025-01-31T12:27:11.000000Z,21744501,0xcad2c058bc7463eeb8a842a5da7115c06423df36f8e9218c13fe168e2dc81a08,19,mint_to_agent,0x0000000000000000000000000000000000000000,0x3e40d73eb977dc6a537af587d48316fee66e9c8c,True,39733779157516166744,39.73377915751617,0x5f4eC3Df9cbd43714FE2740f5E3616155c5b8419,129127208515966867477,3342.80543078,1738325939,492,0x86392dC19c0b719886221c78AB11eb8Cf5c52812,36893488147419103502,0.9990852982079231,1738296479,29952,132700.79996394916,
2025-02-01,2025-02-01T12:26:11.000000Z,21751659,0xfeef3a5354c068929c686240469962b9f3059e9f9021a972b59e2c63d6436df8,19,mint_to_agent,0x0000000000000000000000000000000000000000,0x3e40d73eb977dc6a537af587d48316fee66e9c8c,True,39999898731637688878,39.999898731637686,0x5f4eC3Df9cbd43714FE2740f5E3616155c5b8419,129127208515966867519,3250.2126,1738409819,2952,0x86392dC19c0b719886221c78AB11eb8Cf5c52812,36893488147419103503,0.99900568,1738382891,29880,129878.9051278697,
2025-02-02,2025-02-02T12:24:35.000000Z,21758807,0xb20126762aec4137dca57fde2fa0543135e6e85e4acfda7f8520377741ee1218,19,mint_to_agent,0x0000000000000000000000000000000000000000,0x3e40d73eb977dc6a537af587d48316fee66e9c8c,True,39258608137510067638,39.258608137510066,0x5f4eC3Df9cbd43714FE2740f5E3616155c5b8419,129127208515966867560,3065.15496712,1738496207,2868,0x86392dC19c0b719886221c78AB11eb8Cf5c52812,36893488147419103504,0.9991172959066457,1738469303,29772,120227.4986696935,
2025-02-03,2025-02-03T12:22:11.000000Z,21765949,0x79f318c3f5093cb585659b3a8d45bf3432ea479e9523d8ec120494d2d7509f62,29,mint_to_agent,0x0000000000000000000000000000000000000000,0x3e40d73eb977dc6a537af587d48316fee66e9c8c,True,167236261429127184826,167.23626142912718,0x5f4eC3Df9cbd43714FE2740f5E3616155c5b8419,129127208515966867761,2620.33522092,1738585007,324,0x86392dC19c0b719886221c78AB11eb8Cf5c52812,36893488147419103512,0.9972144779200126,1738550927,34404,436994.40829549567,
2025-02-04,2025-02-04T12:24:23.000000Z,21773116,0x6b6e6629deb110cdce15adb69961b52f8911a61213407e32efbd7d953c57f695,19,mint_to_agent,0x0000000000000000000000000000000000000000,0x3e40d73eb977dc6a537af587d48316fee66e9c8c,True,46849259339605483079,46.84925933960548,0x5f4eC3Df9cbd43714FE2740f5E3616155c5b8419,129127208515966867900,2777.205,1738671431,432,0x86392dC19c0b719886221c78AB11eb8Cf5c52812,36893488147419103513,0.997591311132167,1738637351,34512,129796.60278219669,
2025-02-05,2025-02-05T12:22:11.000000Z,21780262,0xd6a56d3468ddc84fa8e11eb9077c4868448785a7ab9dd45467d91c8f959980d0,19,mint_to_agent,0x0000000000000000000000000000000000000000,0x3e40d73eb977dc6a537af587d48316fee66e9c8c,True,42747902488891084726,42.74790248889108,0x5f4eC3Df9cbd43714FE2740f5E3616155c5b8419,129127208515966868004,2810.21401848,1738757879,252,0x86392dC19c0b719886221c78AB11eb8Cf5c52812,36893488147419103514,0.9978256186039021,1738723823,34308,119869.5447564856,
2025-02-06,2025-02-06T12:21:59.000000Z,21787431,0xb9d04323e3e75e75ef9fc791120d71e060ae9e835ea27b061495f360df671975,19,mint_to_agent,0x0000000000000000000000000000000000000000,0x3e40d73eb977dc6a537af587d48316fee66e9c8c,True,39673010405673154465,39.67301040567315,0x5f4eC3Df9cbd43714FE2740f5E3616155c5b8419,129127208515966868065,2802.36,1738843655,864,0x86392dC19c0b719886221c78AB11eb8Cf5c52812,36893488147419103515,0.9986,1738810235,34284,111022.4081600256,
2025-02-07,2025-02-07T12:27:23.000000Z,21794625,0xd1f760b448fedc5f4e7569833e6f262e916f3eaa60297d3bd1c3613359a95d75,19,mint_to_agent,0x0000000000000000000000000000000000000000,0x3e40d73eb977dc6a537af587d48316fee66e9c8c,True,41115492988019926915,41.11549298801992,0x5f4eC3Df9cbd43714FE2740f5E3616155c5b8419,129127208515966868128,2753.41,1738930331,912,0x86392dC19c0b719886221c78AB11eb8Cf5c52812,36893488147419103516,0.9999154920105823,1738896647,34596,113198.24258377263,
2025-02-08,2025-02-08T12:27:11.000000Z,21801789,0x22a88f09a07f5552994fda34a5f5a454e9f2f7fe90fb7d0cea0a1d6c5ec92436,19,mint_to_agent,0x0000000000000000000000000000000000000000,0x3e40d73eb977dc6a537af587d48316fee66e9c8c,True,40209365172804984515,40.209365172804986,0x5f4eC3Df9cbd43714FE2740f5E3616155c5b8419,129127208515966868184,2605.8774,1739017487,144,0x86392dC19c0b719886221c78AB11eb8Cf5c52812,36893488147419103517,0.9992402133835754,1738983059,34572,104701.06501689603,
2025-02-09,2025-02-09T12:26:59.000000Z,21808950,0x5c4fb61e1b89badc94dec7c04391d3123642c65273ecb0e78bd460c7248679fc,19,mint_to_agent,0x0000000000000000000000000000000000000000,0x3e40d73eb977dc6a537af587d48316fee66e9c8c,True,38103994418425289276,38.10399441842529,0x5f4eC3Df9cbd43714FE2740f5E3616155c5b8419,129127208515966868217,2657.0189,1739102543,1476,0x86392dC19c0b719886221c78AB11eb8Cf5c52812,36893488147419103518,0.9992335418617976,1739069471,34548,101165.43478841441,
2025-02-10,2025-02-10T12:26:35.000000Z,21816111,0x7e4b4e132c6041aa620b6c12c685616126d2f36bf61f40d2cd574eaa8cbb138c,19,mint_to_agent,0x0000000000000000000000000000000000000000,0x3e40d73eb977dc6a537af587d48316fee66e9c8c,True,39917878793363123906,39.91787879336312,0x5f4eC3Df9cbd43714FE2740f5E3616155c5b8419,129127208515966868272,2649.62,1739189579,816,0x86392dC19c0b719886221c78AB11eb8Cf5c52812,36893488147419103519,0.9991,1739155883,34512,105672.01951946318,
2025-02-11,2025-02-11T12:25:35.000000Z,21823269,0xf9118dac02ce8d12d728b2b7b3989e1b0fe6958e224b1a4d420c76186708a0d7,19,mint_to_agent,0x0000000000000000000000000000000000000000,0x3e40d73eb977dc6a537af587d48316fee66e9c8c,True,39444219174802876680,39.444219174802875,0x5f4eC3Df9cbd43714FE2740f5E3616155c5b8419,129127208515966868314,2692.12,1739276159,576,0x86392dC19c0b719886221c78AB11eb8Cf5c52812,36893488147419103520,0.9985075085906466,1739242295,34440,106030.08579439642,
2025-02-12,2025-02-12T12:24:35.000000Z,21830388,0xc36e1c179eb64114a409f200e0c3bcbfc31372c0f38196ec3904fc158a3623b8,19,mint_to_agent,0x0000000000000000000000000000000000000000,0x3e40d73eb977dc6a537af587d48316fee66e9c8c,True,38970386932479525479,38.97038693247953,0x5f4eC3Df9cbd43714FE2740f5E3616155c5b8419,129127208515966868362,2629.74,1739361899,1176,0x86392dC19c0b719886221c78AB11eb8Cf5c52812,36893488147419103521,0.9996,1739328731,34344,102440.99253768598,
2025-02-13,2025-02-13T12:26:59.000000Z,21837553,0xcf8d9976215e9ea93da24e47601860862262de3ab3bd19a38b15804c219dd59f,78,mint_to_agent,0x0000000000000000000000000000000000000000,0x3e40d73eb977dc6a537af587d48316fee66e9c8c,True,41646099171167894905,41.6460991711679,0x5f4eC3Df9cbd43714FE2740f5E3616155c5b8419,129127208515966868424,2662.7079,1739446295,3324,0x86392dC19c0b719886221c78AB11eb8Cf5c52812,36893488147419103522,0.9997,1739415143,34476,110858.12984807203,
2025-02-14,2025-02-14T12:23:23.000000Z,21844676,0x542213d6fddb91241ef4d1be7cba72010dcf2f2dc232f04e89de40ceb8c2cd64,19,mint_to_agent,0x0000000000000000000000000000000000000000,0x3e40d73eb977dc6a537af587d48316fee66e9c8c,True,40158525708973238707,40.15852570897324,0x5f4eC3Df9cbd43714FE2740f5E3616155c5b8419,129127208515966868461,2689.99841658,1739533307,2496,0x86392dC19c0b719886221c78AB11eb8Cf5c52812,36893488147419103523,0.9992795072904457,1739501567,34236,107948.53835689042,
2025-02-15,2025-02-15T12:27:35.000000Z,21851820,0xbe98002e2bf327358976893109b5505253e31d1220dea2ae9cc510249fe6cd38,19,mint_to_agent,0x0000000000000000000000000000000000000000,0x3e40d73eb977dc6a537af587d48316fee66e9c8c,True,37873631262164637344,37.873631262164636,0x5f4eC3Df9cbd43714FE2740f5E3616155c5b8419,129127208515966868503,2709.75,1739620931,1524,0x86392dC19c0b719886221c78AB11eb8Cf5c52812,36893488147419103524,0.9992597594860247,1739587991,34464,102552.10285565362,
2025-02-16,2025-02-16T12:29:23.000000Z,21858965,0x7a775ece5f52f22a4a3a4208d1404c9372f888aa288420f5d7fd82456e8b046b,19,mint_to_agent,0x0000000000000000000000000000000000000000,0x3e40d73eb977dc6a537af587d48316fee66e9c8c,True,37375660304460880391,37.37566030446088,0x5f4eC3Df9cbd43714FE2740f5E3616155c5b8419,129127208515966868532,2710.46,1739708507,456,0x86392dC19c0b719886221c78AB11eb8Cf5c52812,36893488147419103525,0.9994029382050785,1739674403,34560,101244.74674503955,
2025-02-17,2025-02-17T12:27:11.000000Z,21866093,0x0acd79fe8671f6c97659101825611acb435501249f409211703041d96adc9524,19,mint_to_agent,0x0000000000000000000000000000000000000000,0x3e40d73eb977dc6a537af587d48316fee66e9c8c,True,38951710287848227452,38.95171028784823,0x5f4eC3Df9cbd43714FE2740f5E3616155c5b8419,129127208515966868565,2760.94400274,1739793443,1788,0x86392dC19c0b719886221c78AB11eb8Cf5c52812,36893488147419103526,0.9997302992400331,1739760815,34416,107514.48635447107,
2025-02-18,2025-02-18T12:25:23.000000Z,21873242,0x8d0072c56604d133d275668022c4a3b360d2f99837a39edc9a7def1568f4c8bc,19,mint_to_agent,0x0000000000000000000000000000000000000000,0x3e40d73eb977dc6a537af587d48316fee66e9c8c,True,41516081177041434460,41.516081177041436,0x5f4eC3Df9cbd43714FE2740f5E3616155c5b8419,129127208515966868610,2692.07871353,1739881439,84,0x86392dC19c0b719886221c78AB11eb8Cf5c52812,36893488147419103527,0.9993198421921841,1739847227,34296,111688.5408688599,
2025-02-19,2025-02-19T12:24:11.000000Z,21880390,0xf32520eea6b3c6e8f2583a026b245cb96efb6ab3eef129a5e7424ca258d292f6,19,mint_to_agent,0x0000000000000000000000000000000000000000,0x3e40d73eb977dc6a537af587d48316fee66e9c8c,True,39240384046845609624,39.240384046845605,0x5f4eC3Df9cbd43714FE2740f5E3616155c5b8419,129127208515966868652,2726.765,1739965715,2136,0x86392dC19c0b719886221c78AB11eb8Cf5c52812,36893488147419103528,0.9995212876607339,1739933651,34200,106948.08391751494,
2025-02-20,2025-02-20T12:23:35.000000Z,21887546,0x7bb221d4d6639152e0032f5986a76c783cb41ce3b627b6b9fb842e3c3f3c3ae3,19,mint_to_agent,0x0000000000000000000000000000000000000000,0x3e40d73eb977dc6a537af587d48316fee66e9c8c,True,38421945370818677613,38.421945370818676,0x5f4eC3Df9cbd43714FE2740f5E3616155c5b8419,129127208515966868680,2741.66,1740051131,3084,0x86392dC19c0b719886221c78AB11eb8Cf5c52812,36893488147419103529,0.9993872939205053,1740020087,34128,105275.3683416316,
2025-02-21,2025-02-21T12:26:47.000000Z,21894705,0x0f2cbabbf7c7f9e88982c3e1f57cfbcc4ce1e200ba7841d50264667cb3a0efda,19,mint_to_agent,0x0000000000000000000000000000000000000000,0x3e40d73eb977dc6a537af587d48316fee66e9c8c,True,38670216427864560055,38.67021642786457,0x5f4eC3Df9cbd43714FE2740f5E3616155c5b8419,129127208515966868719,2789.7594,1740140003,804,0x86392dC19c0b719886221c78AB11eb8Cf5c52812,36893488147419103530,0.9994761092016219,1740106499,34308,107824.08212612152,
2025-02-22,2025-02-22T12:24:59.000000Z,21901852,0x1e927d89c8c6f2486c2f576f93d95824cc0658809cba428ed898e67323bb8e13,19,mint_to_agent,0x0000000000000000000000000000000000000000,0x3e40d73eb977dc6a537af587d48316fee66e9c8c,True,42557647046534208429,42.55764704653421,0x5f4eC3Df9cbd43714FE2740f5E3616155c5b8419,129127208515966868783,2734.6305,1740225455,1644,0x86392dC19c0b719886221c78AB11eb8Cf5c52812,36893488147419103532,0.9985946041999662,1740158171,68928,116215.88044603275,
2025-02-23,2025-02-23T12:26:11.000000Z,21909014,0xeb60862fd2a9c05b231c64b76e6d1e0cf38cf6b3084452ba5cb5234cbe6c0eb5,19,mint_to_agent,0x0000000000000000000000000000000000000000,0x3e40d73eb977dc6a537af587d48316fee66e9c8c,True,38627976596398526427,38.627976596398526,0x5f4eC3Df9cbd43714FE2740f5E3616155c5b8419,129127208515966868816,2787.8323,1740313127,444,0x86392dC19c0b719886221c78AB11eb8Cf5c52812,36893488147419103533,0.9970238856492872,1740244583,68988,107367.82808203052,
2025-02-24,2025-02-24T12:25:47.000000Z,21916169,0x5afb7ef3d0151ad93d2bd2808b4f333763774635699e52b9846d5cd69abc6403,19,mint_to_agent,0x0000000000000000000000000000000000000000,0x3e40d73eb977dc6a537af587d48316fee66e9c8c,True,39358658756113772681,39.358658756113776,0x5f4eC3Df9cbd43714FE2740f5E3616155c5b8419,129127208515966868864,2690.97,1740398303,1644,0x86392dC19c0b719886221c78AB11eb8Cf5c52812,36893488147419103534,0.9974373608087842,1740331019,68928,105641.55322528002,
2025-02-25,2025-02-25T12:29:11.000000Z,21923347,0x41c8a700ad715079b315c851acd974e1095f0854e8fdf7f2631f381288235a11,19,mint_to_agent,0x0000000000000000000000000000000000000000,0x3e40d73eb977dc6a537af587d48316fee66e9c8c,True,57744105391002157898,57.74410539100216,0x5f4eC3Df9cbd43714FE2740f5E3616155c5b8419,129127208515966868977,2432.982309,1740486539,12,0x86392dC19c0b719886221c78AB11eb8Cf5c52812,36893488147419103535,0.9978790446911969,1740417443,69108,140192.41303348195,
2025-02-26,2025-02-26T12:24:35.000000Z,21930487,0xce4838d61ab4e34a293f2c76283cb77bebefb6ca2c362a7fa2b66fa6166ba8ad,19,mint_to_agent,0x0000000000000000000000000000000000000000,0x3e40d73eb977dc6a537af587d48316fee66e9c8c,True,41922339996976923927,41.92233999697692,0x5f4eC3Df9cbd43714FE2740f5E3616155c5b8419,129127208515966869045,2448.54,1740572555,120,0x86392dC19c0b719886221c78AB11eb8Cf5c52812,36893488147419103536,0.9966362594209826,1740503867,68808,102303.24336264991,
2025-02-27,2025-02-27T12:26:23.000000Z,21937664,0x6a9df05d501076e19dc7a5d97abae22d83eabcdc9c9432a14b87f80ba5dc3311,19,mint_to_agent,0x0000000000000000000000000000000000000000,0x3e40d73eb977dc6a537af587d48316fee66e9c8c,True,44162008125252401143,44.162008125252406,0x5f4eC3Df9cbd43714FE2740f5E3616155c5b8419,129127208515966869132,2346.34642185,1740657047,2136,0x86392dC19c0b719886221c78AB11eb8Cf5c52812,36893488147419103537,0.9992000000000002,1740590279,68904,103536.47425059951,
2025-02-28,2025-02-28T12:25:35.000000Z,21944828,0x9ed723c769d552bd28f81657a89f0dc1b93c3fc7f375cb25b844d07e00f5560c,19,mint_to_agent,0x0000000000000000000000000000000000000000,0x3e40d73eb977dc6a537af587d48316fee66e9c8c,True,57239198320597253434,57.239198320597254,0x5f4eC3Df9cbd43714FE2740f5E3616155c5b8419,129127208515966869256,2137.58,1740745115,420,0x86392dC19c0b719886221c78AB11eb8Cf5c52812,36893488147419103538,0.9994485946054271,1740676703,68832,122285.89924033599,
2025-03-01,2025-03-01T12:27:47.000000Z,21952014,0x2a02191693aeb917d6f31578fd26a1c3d4f42ba1d2d17edbb407893e8be2f2b5,19,mint_to_agent,0x0000000000000000000000000000000000000000,0x3e40d73eb977dc6a537af587d48316fee66e9c8c,True,40016396350752784936,40.016396350752785,0x5f4eC3Df9cbd43714FE2740f5E3616155c5b8419,129127208515966869329,2185.36716736,1740831611,456,0x86392dC19c0b719886221c78AB11eb8Cf5c52812,36893488147419103539,0.9990962399312221,1740763127,68940,87371.48445416763,
2025-03-02,2025-03-02T12:26:35.000000Z,21959177,0x166fff1ccf5ac62a30679326bd340c93a383cc37639e32710df75bcc74126102,19,mint_to_agent,0x0000000000000000000000000000000000000000,0x3e40d73eb977dc6a537af587d48316fee66e9c8c,True,38428899624800759654,38.428899624800756,0x5f4eC3Df9cbd43714FE2740f5E3616155c5b8419,129127208515966869366,2229.7643792,1740917543,852,0x86392dC19c0b719886221c78AB11eb8Cf5c52812,36893488147419103540,0.9989986612644247,1740849563,68832,85601.58941095835,
2025-03-03,2025-03-03T12:25:35.000000Z,21966342,0xf1c1054d29fef321a9a24e44758f2e5a711d3925067aa62c56b5bc8fee573f88,19,mint_to_agent,0x0000000000000000000000000000000000000000,0x3e40d73eb977dc6a537af587d48316fee66e9c8c,True,46812210504816966991,46.81221050481697,0x5f4eC3Df9cbd43714FE2740f5E3616155c5b8419,129127208515966869477,2353.4609,1741004315,420,0x86392dC19c0b719886221c78AB11eb8Cf5c52812,36893488147419103541,0.99922993,1740935987,68748,110085.86790926594,
2025-03-04,2025-03-04T12:29:59.000000Z,21973534,0xe9d927cf8c65736cb4b2c4e2ccaac0c254e39732498fadcb18f4aba868a066f9,19,mint_to_agent,0x0000000000000000000000000000000000000000,0x3e40d73eb977dc6a537af587d48316fee66e9c8c,True,50762412502785717273,50.76241250278572,0x5f4eC3Df9cbd43714FE2740f5E3616155c5b8419,129127208515966869630,2088.5028,1741090427,972,0x86392dC19c0b719886221c78AB11eb8Cf5c52812,36893488147419103542,0.9993000000000001,1741022423,68976,105943.22843837024,
2025-03-05,2025-03-05T12:28:47.000000Z,21980685,0x6109727c70662508ca4bb4d5710b47def6576fd25d4f09e2de06f2994d595627,19,mint_to_agent,0x0000000000000000000000000000000000000000,0x3e40d73eb977dc6a537af587d48316fee66e9c8c,True,43628390240547095377,43.62839024054709,0x5f4eC3Df9cbd43714FE2740f5E3616155c5b8419,129127208515966869746,2228.375698,1741176695,1032,0x86392dC19c0b719886221c78AB11eb8Cf5c52812,36893488147419103543,1.0001086,1741108859,68868,97231.00269517416,
2025-03-06,2025-03-06T12:29:11.000000Z,21987853,0xb90509381506ee5340354b95a7391083f9a898d4ffa5533ac2eb01f867a26d6d,51,mint_to_agent,0x0000000000000000000000000000000000000000,0x3e40d73eb977dc6a537af587d48316fee66e9c8c,True,39918366206429536552,39.91836620642954,0x5f4eC3Df9cbd43714FE2740f5E3616155c5b8419,129127208515966869803,2287.1,1741262795,1356,0x86392dC19c0b719886221c78AB11eb8Cf5c52812,36893488147419103544,0.9996368756170871,1741195331,68820,91264.14307668916,
2025-03-07,2025-03-07T12:26:11.000000Z,21994992,0x4d30d3ce2bbaa9495de9fcba7c6410796bfee269598110ff835710fc00702410,167,mint_to_agent,0x0000000000000000000000000000000000000000,0x3e40d73eb977dc6a537af587d48316fee66e9c8c,True,42642589120893563811,42.64258912089357,0x5f4eC3Df9cbd43714FE2740f5E3616155c5b8419,129127208515966869875,2196.49,1741348967,1404,0x86392dC19c0b719886221c78AB11eb8Cf5c52812,36893488147419103545,0.99933058,1741281755,68616,93601.32000949608,
2025-03-08,2025-03-08T12:27:35.000000Z,22002157,0x2d60f14d727106fadb2f94a11f77406b6b1dd99aa7a3bf7386f90cc3ae20f0b2,22,mint_to_agent,0x0000000000000000000000000000000000000000,0x3e40d73eb977dc6a537af587d48316fee66e9c8c,True,41275493195601026678,41.27549319560103,0x5f4eC3Df9cbd43714FE2740f5E3616155c5b8419,129127208515966869956,2152.962,1741436339,516,0x86392dC19c0b719886221c78AB11eb8Cf5c52812,36893488147419103546,0.9998996878624022,1741368167,68688,88855.65418657655,
2025-03-09,2025-03-09T12:26:35.000000Z,22009302,0x6d8a86af3bcb8c198da84ba2da9abb09948865e026507cc18d620c983865ccf7,19,mint_to_agent,0x0000000000000000000000000000000000000000,0x3e40d73eb977dc6a537af587d48316fee66e9c8c,True,37967440583316167829,37.96744058331617,0x5f4eC3Df9cbd43714FE2740f5E3616155c5b8419,129127208515966869992,2143.915433,1741522739,456,0x86392dC19c0b719886221c78AB11eb8Cf5c52812,36893488147419103547,0.9999203303180808,1741454579,68616,81392.49678709207,
2025-03-10,2025-03-10T12:28:35.000000Z,22016474,0x7c5ef931cfaa02614addd90eeca5a9c78d94f87f8e58655dab343cd6222727e8,19,mint_to_agent,0x0000000000000000000000000000000000000000,0x3e40d73eb977dc6a537af587d48316fee66e9c8c,True,42882907399386871176,42.88290739938687,0x5f4eC3Df9cbd43714FE2740f5E3616155c5b8419,129127208515966870082,2112.1085317,1741609703,12,0x86392dC19c0b719886221c78AB11eb8Cf5c52812,36893488147419103548,0.9999263966410521,1741540991,68724,90566.68807921765,
2025-03-11,2025-03-11T12:26:35.000000Z,22023617,0xb545d8c10c55b33d8b4f915e6fdd0e46e89d92ed731f3c285c4f58497d685f68,19,mint_to_agent,0x0000000000000000000000000000000000000000,0x3e40d73eb977dc6a537af587d48316fee66e9c8c,True,67882666338844497537,67.8826663388445,0x5f4eC3Df9cbd43714FE2740f5E3616155c5b8419,129127208515966870245,1904.0779,1741695707,288,0x86392dC19c0b719886221c78AB11eb8Cf5c52812,36893488147419103549,0.99939486,1741627403,68592,129175.6680730387,
2025-03-12,2025-03-12T12:26:35.000000Z,22030777,0x876600b38506d4ae8db040e696dbcd3b46ca93b951fecc78d54bf4041d69db41,19,mint_to_agent,0x0000000000000000000000000000000000000000,0x3e40d73eb977dc6a537af587d48316fee66e9c8c,True,50356407455444877879,50.35640745544488,0x5f4eC3Df9cbd43714FE2740f5E3616155c5b8419,129127208515966870342,1912.0515,1741781579,816,0x86392dC19c0b719886221c78AB11eb8Cf5c52812,36893488147419103550,0.9989484865122851,1741713839,68556,96182.80043844592,
2025-03-13,2025-03-13T12:28:47.000000Z,22037949,0x346fa58b67f456f53d55cb2ab7da368981d51985e7fc267b86ba00787273f5dd,19,mint_to_agent,0x0000000000000000000000000000000000000000,0x3e40d73eb977dc6a537af587d48316fee66e9c8c,True,39480818473484433628,39.48081847348443,0x5f4eC3Df9cbd43714FE2740f5E3616155c5b8419,129127208515966870404,1905.971388,1741868663,264,0x86392dC19c0b719886221c78AB11eb8Cf5c52812,36893488147419103551,0.99854107,1741800251,68676,75139.52690888276,
2025-03-14,2025-03-14T12:27:11.000000Z,22045112,0x88520d56dc98e541d6c8af53ce5d9cef79cdbb16cabea34873ed6859b9959809,19,mint_to_agent,0x0000000000000000000000000000000000000000,0x3e40d73eb977dc6a537af587d48316fee66e9c8c,True,39330148920767357560,39.33014892076736,0x5f4eC3Df9cbd43714FE2740f5E3616155c5b8419,129127208515966870448,1903.10679899,1741952519,2712,0x86392dC19c0b719886221c78AB11eb8Cf5c52812,36893488147419103552,0.9992712923975896,1741886687,68544,74794.93043579515,
2025-03-15,2025-03-15T12:26:59.000000Z,22052274,0x7821b0a169b1a59829ad627072e34becf2315e03004f8c0bf3f71be35225aaad,19,mint_to_agent,0x0000000000000000000000000000000000000000,0x3e40d73eb977dc6a537af587d48316fee66e9c8c,True,38791470262505148711,38.79147026250515,0x5f4eC3Df9cbd43714FE2740f5E3616155c5b8419,129127208515966870487,1929.0116,1742040155,1464,0x86392dC19c0b719886221c78AB11eb8Cf5c52812,36893488147419103553,0.9990080035778208,1741973111,68508,74754.96582260446,
2025-03-16,2025-03-16T12:25:47.000000Z,22059430,0x20ace72ed3b02117674990c55ea47d22e732636fa16577445ff3ee5c1d3f9cd3,19,mint_to_agent,0x0000000000000000000000000000000000000000,0x3e40d73eb977dc6a537af587d48316fee66e9c8c,True,37752532174174721952,37.752532174174725,0x5f4eC3Df9cbd43714FE2740f5E3616155c5b8419,129127208515966870519,1878.375721,1742126735,1212,0x86392dC19c0b719886221c78AB11eb8Cf5c52812,36893488147419103554,0.9989054361768129,1742059535,68412,70835.82055641207,
2025-03-17,2025-03-17T12:24:23.000000Z,22066593,0x782e35d847974389c0b75e32881ec6deca6d5a5e3c345d0444b2fc24039b151b,19,mint_to_agent,0x0000000000000000000000000000000000000000,0x3e40d73eb977dc6a537af587d48316fee66e9c8c,True,37462009945150199181,37.4620099451502,0x5f4eC3Df9cbd43714FE2740f5E3616155c5b8419,129127208515966870553,1904.8,1742214071,192,0x86392dC19c0b719886221c78AB11eb8Cf5c52812,36893488147419103555,0.99918343,1742145971,68292,71299.36803824976,
2025-03-18,2025-03-18T12:27:47.000000Z,22073757,0xcfbdc101849ddea1ed15a35886e639b19e1e8ea2d8859b74a5371914d580e812,19,mint_to_agent,0x0000000000000000000000000000000000000000,0x3e40d73eb977dc6a537af587d48316fee66e9c8c,True,38817336690068351412,38.81733669006835,0x5f4eC3Df9cbd43714FE2740f5E3616155c5b8419,129127208515966870588,1896.161649,1742300399,468,0x86392dC19c0b719886221c78AB11eb8Cf5c52812,36893488147419103556,0.9988088838098077,1742232395,68472,73516.27429730036,
2025-03-19,2025-03-19T12:28:35.000000Z,22080919,0x4242c60a92db1a4d945b62fbf7c1d81420208026e7af4d9371cc61a7d32f713c,19,mint_to_agent,0x0000000000000000000000000000000000000000,0x3e40d73eb977dc6a537af587d48316fee66e9c8c,True,40112928856991777584,40.11292885699178,0x5f4eC3Df9cbd43714FE2740f5E3616155c5b8419,129127208515966870626,2010.0268,1742387123,192,0x86392dC19c0b719886221c78AB11eb8Cf5c52812,36893488147419103557,0.9993959976440561,1742318807,68508,80579.36248962612,
2025-03-20,2025-03-20T12:24:35.000000Z,22088054,0x38611e5bc91742511b6c32e2475dd7aece0ebadfb61df2f4b5b6e2a388703d96,19,mint_to_agent,0x0000000000000000000000000000000000000000,0x3e40d73eb977dc6a537af587d48316fee66e9c8c,True,40958441182901151075,40.95844118290115,0x5f4eC3Df9cbd43714FE2740f5E3616155c5b8419,129127208515966870677,1992.268077,1742470547,2928,0x86392dC19c0b719886221c78AB11eb8Cf5c52812,36893488147419103558,0.9997214224800594,1742405219,68256,81577.46287246741,
2025-03-21,2025-03-21T12:25:11.000000Z,22095228,0xba4e537867f86ca8ef9f94c8d454c9b78bcb1d42ee0f9a623313e4deace0b63a,19,mint_to_agent,0x0000000000000000000000000000000000000000,0x3e40d73eb977dc6a537af587d48316fee66e9c8c,True,38328446173552595786,38.3284461735526,0x5f4eC3Df9cbd43714FE2740f5E3616155c5b8419,129127208515966870711,1971.0769,1742559623,288,0x86392dC19c0b719886221c78AB11eb8Cf5c52812,36893488147419103559,0.9997807788549326,1742491691,68220,75531.75307749017,
2025-03-22,2025-03-22T12:25:23.000000Z,22102403,0xbea3e2ae3409da46c182349a8b454511fe7b2669f4197cf20962bedc5b8f87d6,116,mint_to_agent,0x0000000000000000000000000000000000000000,0x3e40d73eb977dc6a537af587d48316fee66e9c8c,True,37316412683687415300,37.31641268368741,0x5f4eC3Df9cbd43714FE2740f5E3616155c5b8419,129127208515966870740,1994.61170524,1742646239,84,0x86392dC19c0b719886221c78AB11eb8Cf5c52812,36893488147419103560,0.9998090881709844,1742578103,68220,74417.54363424482,
2025-03-23,2025-03-23T12:25:11.000000Z,22109577,0x1fa90bee6db4cc63fb18ae40329f6ffcb1d729a3c27c825ebac2e46fe8f2a0ed,22,mint_to_agent,0x0000000000000000000000000000000000000000,0x3e40d73eb977dc6a537af587d48316fee66e9c8c,True,37274346275543034681,37.27434627554303,0x5f4eC3Df9cbd43714FE2740f5E3616155c5b8419,129127208515966870765,2003.95,1742730815,1896,0x86392dC19c0b719886221c78AB11eb8Cf5c52812,36893488147419103561,0.9997514346315827,1742664515,68196,74677.35939845459,
2025-03-24,2025-03-24T12:23:11.000000Z,22116739,0xeb87d9c05b26176698bee2a4971b05295fcaf954757c2c4f6400cd9409027e35,195,mint_to_agent,0x0000000000000000000000000000000000000000,0x3e40d73eb977dc6a537af587d48316fee66e9c8c,True,37358655298708534833,37.358655298708534,0x5f4eC3Df9cbd43714FE2740f5E3616155c5b8419,129127208515966870799,2095.292504,1742817299,1692,0x86392dC19c0b719886221c78AB11eb8Cf5c52812,36893488147419103562,0.9997402850305988,1742750987,68004,78256.98061762673,
2025-03-25,2025-03-25T12:24:47.000000Z,22123899,0x78f89502fda460be8780e03902af0aa3ed0ce051891d41c6a21c659574756ef6,257,mint_to_agent,0x0000000000000000000000000000000000000000,0x3e40d73eb977dc6a537af587d48316fee66e9c8c,True,37841173609240307474,37.84117360924031,0x5f4eC3Df9cbd43714FE2740f5E3616155c5b8419,129127208515966870831,2069.22802766,1742902763,2724,0x86392dC19c0b719886221c78AB11eb8Cf5c52812,36893488147419103563,0.9996514286883923,1742837399,68088,78274.72319500966,
2025-03-26,2025-03-26T12:24:23.000000Z,22131060,0xff22ffea7d9276d1b6352862b859beaa7414c25cd8546c82df6262c225cc163e,19,mint_to_agent,0x0000000000000000000000000000000000000000,0x3e40d73eb977dc6a537af587d48316fee66e9c8c,True,37609981016794247420,37.60998101679425,0x5f4eC3Df9cbd43714FE2740f5E3616155c5b8419,129127208515966870865,2060.10773815,1742991767,96,0x86392dC19c0b719886221c78AB11eb8Cf5c52812,36893488147419103564,0.9997628460624141,1742923823,68040,77462.23809193085,
2025-03-27,2025-03-27T12:23:23.000000Z,22138227,0xf5b3f3e8012a88de522f7ef75edafa517eb342d92891c1bf2e8eea43d2dbb21d,32,mint_to_agent,0x0000000000000000000000000000000000000000,0x3e40d73eb977dc6a537af587d48316fee66e9c8c,True,38448300597797132861,38.448300597797136,0x5f4eC3Df9cbd43714FE2740f5E3616155c5b8419,129127208515966870898,2016.2174,1743075923,2280,0x86392dC19c0b719886221c78AB11eb8Cf5c52812,36893488147419103565,0.9986422849607992,1743010259,67944,77414.88241574791,
2025-03-28,2025-03-28T12:21:59.000000Z,22145378,0x12654fa3e2c8e2b8714b43508711b7de0dec2d7fa52516cbd0c623b53ae05f61,92,mint_to_agent,0x0000000000000000000000000000000000000000,0x3e40d73eb977dc6a537af587d48316fee66e9c8c,True,42234537616237968928,42.23453761623797,0x5f4eC3Df9cbd43714FE2740f5E3616155c5b8419,129127208515966870943,1892.96613572,1743161291,3228,0x86392dC19c0b719886221c78AB11eb8Cf5c52812,36893488147419103566,0.9995919865519789,1743096683,67836,79915.92938199935,
2025-03-29,2025-03-29T12:27:59.000000Z,22152559,0xcf5b390b52887ed91818131bdd69e127f5c486144621139ff849dd11320d8bfa,19,mint_to_agent,0x0000000000000000000000000000000000000000,0x3e40d73eb977dc6a537af587d48316fee66e9c8c,True,39356964059778177849,39.35696405977818,0x5f4eC3Df9cbd43714FE2740f5E3616155c5b8419,129127208515966870983,1854.73,1743250895,384,0x86392dC19c0b719886221c78AB11eb8Cf5c52812,36893488147419103567,0.999882899958174,1743183107,68172,72987.99405247682,
2025-03-30,2025-03-30T12:25:59.000000Z,22159714,0xea9c263524931ca64e3a74fcc48b44c4941820cef680d26b3067179b3d4ba74e,19,mint_to_agent,0x0000000000000000000000000000000000000000,0x3e40d73eb977dc6a537af587d48316fee66e9c8c,True,38705595183017303896,38.7055951830173,0x5f4eC3Df9cbd43714FE2740f5E3616155c5b8419,129127208515966871017,1837.25,1743334355,3204,0x86392dC19c0b719886221c78AB11eb8Cf5c52812,36893488147419103568,0.9995726647743121,1743269519,68040,71081.46614949986,
2025-03-31,2025-03-31T12:25:11.000000Z,22166884,0x3aea13691e879652ed15e32d36555184387110189d8b7eac20b7cba2d3190b8b,42,mint_to_agent,0x0000000000000000000000000000000000000000,0x3e40d73eb977dc6a537af587d48316fee66e9c8c,True,38412799067353719384,38.41279906735372,0x5f4eC3Df9cbd43714FE2740f5E3616155c5b8419,129127208515966871065,1817.74697436,1743421895,2016,0x86392dC19c0b719886221c78AB11eb8Cf5c52812,36893488147419103569,0.9997622,1743355931,67980,69808.14495600174,
2025-04-01,2025-04-01T12:27:23.000000Z,22174053,0x3a612d3e24b6aa5d60434e34f83de30e2d3e1c5ca279ab4574c3e971fadd69d9,19,mint_to_agent,0x0000000000000000000000000000000000000000,0x3e40d73eb977dc6a537af587d48316fee66e9c8c,True,39027098674338201383,39.0270986743382,0x5f4eC3Df9cbd43714FE2740f5E3616155c5b8419,129127208515966871109,1869.50442934,1743509411,1032,0x86392dC19c0b719886221c78AB11eb8Cf5c52812,36893488147419103570,0.9995716295693627,1743442355,68088,72930.07935796931,
2025-04-02,2025-04-02T12:23:47.000000Z,22181207,0xeb7c93f80fa4315a46c4315ed58c186b9b5d8d0b818ba18a65d333da1c296530,19,mint_to_agent,0x0000000000000000000000000000000000000000,0x3e40d73eb977dc6a537af587d48316fee66e9c8c,True,38651691619382340604,38.65169161938234,0x5f4eC3Df9cbd43714FE2740f5E3616155c5b8419,129127208515966871153,1869.46185,1743594983,1644,0x86392dC19c0b719886221c78AB11eb8Cf5c52812,36893488147419103571,0.99864146,1743528779,67848,72159.69772330811,
2025-04-03,2025-04-03T12:24:35.000000Z,22188364,0xce324edbf93a0e5922eab1156f29387d8ab115af4e8832d09c930c9f373790a8,19,mint_to_agent,0x0000000000000000000000000000000000000000,0x3e40d73eb977dc6a537af587d48316fee66e9c8c,True,41844846941050155224,41.84484694105016,0x5f4eC3Df9cbd43714FE2740f5E3616155c5b8419,129127208515966871222,1792.52,1743679979,3096,0x86392dC19c0b719886221c78AB11eb8Cf5c52812,36893488147419103572,0.9993412583545005,1743615191,67884,74958.31432655401,
2025-04-04,2025-04-04T12:24:35.000000Z,22195534,0x898e3dedabc6bbdce0b2f3e40a37e22f16b345f91e1a1fdc973ef407196678f9,19,mint_to_agent,0x0000000000000000000000000000000000000000,0x3e40d73eb977dc6a537af587d48316fee66e9c8c,True,39851925510826063405,39.851925510826064,0x5f4eC3Df9cbd43714FE2740f5E3616155c5b8419,129127208515966871276,1773.95163102,1743769259,216,0x86392dC19c0b719886221c78AB11eb8Cf5c52812,36893488147419103573,0.9992063390183022,1743701627,67848,70639.28008797012,
2025-04-05,2025-04-05T12:23:11.000000Z,22202687,0x7e42e8e347e81bde4a1056fd5ccd4d8a7ea12dac4c2ef8fe37e69e6ac35388cd,19,mint_to_agent,0x0000000000000000000000000000000000000000,0x3e40d73eb977dc6a537af587d48316fee66e9c8c,True,38834028028538827323,38.83402802853883,0x5f4eC3Df9cbd43714FE2740f5E3616155c5b8419,129127208515966871325,1807.58780663,1743852851,2940,0x86392dC19c0b719886221c78AB11eb8Cf5c52812,36893488147419103574,0.9995876554597346,1743788051,67740,70166.97064418983,
2025-04-06,2025-04-06T12:25:11.000000Z,22209854,0x263efb21002fe03c252619f7fe63ff353d065fb77d77c6b7b8488329689611e6,31,mint_to_agent,0x0000000000000000000000000000000000000000,0x3e40d73eb977dc6a537af587d48316fee66e9c8c,True,37155282656347513287,37.15528265634751,0x5f4eC3Df9cbd43714FE2740f5E3616155c5b8419,129127208515966871357,1790.65,1743941207,1104,0x86392dC19c0b719886221c78AB11eb8Cf5c52812,36893488147419103575,0.9993158676652685,1743874475,67836,66486.59012296838,
2025-04-07,2025-04-07T12:27:11.000000Z,22217016,0x0f600f102eb0fecc298804677add90007b6d34227bc17a0b390d14a0d4810de6,19,mint_to_agent,0x0000000000000000000000000000000000000000,0x3e40d73eb977dc6a537af587d48316fee66e9c8c,True,102500766217641312467,102.50076621764131,0x5f4eC3Df9cbd43714FE2740f5E3616155c5b8419,129127208515966871520,1510.10325606,1744028819,12,0x86392dC19c0b719886221c78AB11eb8Cf5c52812,36893488147419103576,0.99914688,1743960911,67920,154654.68914958183,
2025-04-08,2025-04-08T12:26:35.000000Z,22224175,0x24c0cb0b01ade523b1edbfe72488716b92a39a09fbf9ce4bf496fc12647af667,22,mint_to_agent,0x0000000000000000000000000000000000000000,0x3e40d73eb977dc6a537af587d48316fee66e9c8c,True,43345470753182140432,43.34547075318214,0x5f4eC3Df9cbd43714FE2740f5E3616155c5b8419,129127208515966871645,1582.6746,1744113863,1332,0x86392dC19c0b719886221c78AB11eb8Cf5c52812,36893488147419103577,0.9986534392429307,1744047323,67872,68509.39912723472,
2025-04-09,2025-04-09T12:24:47.000000Z,22231330,0xf20ecec935657af7b8d4e3378d5dd23884a10db0db5a407c4c98b05fb733b8f8,19,mint_to_agent,0x0000000000000000000000000000000000000000,0x3e40d73eb977dc6a537af587d48316fee66e9c8c,True,46001014570640939162,46.00101457064094,0x5f4eC3Df9cbd43714FE2740f5E3616155c5b8419,129127208515966871777,1448.86,1744201415,72,0x86392dC19c0b719886221c78AB11eb8Cf5c52812,36893488147419103578,0.9987987488506085,1744133759,67728,66568.96774696055,
2025-04-10,2025-04-10T12:22:11.000000Z,22238498,0x33d4e5ca56c35cb5b34370b277ae17083ac30cc374d524c9f4cf8210dd1e36b3,19,mint_to_agent,0x0000000000000000000000000000000000000000,0x3e40d73eb977dc6a537af587d48316fee66e9c8c,True,46599828660899459036,46.599828660899455,0x5f4eC3Df9cbd43714FE2740f5E3616155c5b8419,129127208515966871877,1595.75182464,1744287491,240,0x86392dC19c0b719886221c78AB11eb8Cf5c52812,36893488147419103579,0.99846304,1744220171,67560,74247.47056041213,
2025-04-11,2025-04-11T12:24:23.000000Z,22245680,0x1d2d9659e46a5eba6627a617f864d464dc3e195b329d63c4cf6b2e10e1a46b03,19,mint_to_agent,0x0000000000000000000000000000000000000000,0x3e40d73eb977dc6a537af587d48316fee66e9c8c,True,43674557162480280992,43.674557162480276,0x5f4eC3Df9cbd43714FE2740f5E3616155c5b8419,129127208515966871966,1557.98,1744370891,3372,0x86392dC19c0b719886221c78AB11eb8Cf5c52812,36893488147419103580,0.9992020445114724,1744306583,67680,67989.79041566224,
2025-04-12,2025-04-12T12:23:59.000000Z,22252859,0x76a925cce266fafe9dfc1c77dacd54f26f7d0bc091bae0bec00c007964418de8,19,mint_to_agent,0x0000000000000000000000000000000000000000,0x3e40d73eb977dc6a537af587d48316fee66e9c8c,True,39683572383382658184,39.68357238338266,0x5f4eC3Df9cbd43714FE2740f5E3616155c5b8419,129127208515966872016,1595.6102,1744459955,684,0x86392dC19c0b719886221c78AB11eb8Cf5c52812,36893488147419103581,0.9988844286090199,1744392983,67656,63248.87543031806,
2025-04-13,2025-04-13T12:24:59.000000Z,22260034,0x9d8f8b05b7f64d32be63016eedd25c3ae6727ebd57903a53afcf9f8c6b2341bf,19,mint_to_agent,0x0000000000000000000000000000000000000000,0x3e40d73eb977dc6a537af587d48316fee66e9c8c,True,39432961145200890432,39.43296114520089,0x5f4eC3Df9cbd43714FE2740f5E3616155c5b8419,129127208515966872058,1605.26,1744546667,432,0x86392dC19c0b719886221c78AB11eb8Cf5c52812,36893488147419103582,0.9995000000000002,1744479407,67692,63268.505130341226,
2025-04-14,2025-04-14T12:26:11.000000Z,22267217,0x032397973ac4ea8f8837341fcd0d9f7b67af099d875261ed9789e6b51ac50c29,348,mint_to_agent,0x0000000000000000000000000000000000000000,0x3e40d73eb977dc6a537af587d48316fee66e9c8c,True,41320088393014411903,41.32008839301441,0x5f4eC3Df9cbd43714FE2740f5E3616155c5b8419,129127208515966872132,1672.78,1744633499,72,0x86392dC19c0b719886221c78AB11eb8Cf5c52812,36893488147419103583,0.99917937,1744565807,67764,69062.69599451474,
2025-04-15,2025-04-15T12:21:59.000000Z,22274352,0x6183c8e5898ccc8fcfdacd8dddbb8ae88109217ac0fc672cb8e22116b3d3ba07,19,mint_to_agent,0x0000000000000000000000000000000000000000,0x3e40d73eb977dc6a537af587d48316fee66e9c8c,True,39183327552959880031,39.18332755295988,0x5f4eC3Df9cbd43714FE2740f5E3616155c5b8419,129127208515966872181,1630.73,1744716887,2832,0x86392dC19c0b719886221c78AB11eb8Cf5c52812,36893488147419103584,0.9991265909102708,1744652231,67488,63841.61914623945,
2025-04-16,2025-04-16T12:24:47.000000Z,22281539,0x8b340e9ffde718c4605d8b55fa68c211d743bc4b8954d5d523ca8d2125f7debe,19,mint_to_agent,0x0000000000000000000000000000000000000000,0x3e40d73eb977dc6a537af587d48316fee66e9c8c,True,39310542848364715928,39.31054284836472,0x5f4eC3Df9cbd43714FE2740f5E3616155c5b8419,129127208515966872227,1586.48986258,1744805027,1260,0x86392dC19c0b719886221c78AB11eb8Cf5c52812,36893488147419103585,0.9992020613861424,1744738655,67632,62316.01365922014,
2025-04-17,2025-04-17T12:23:59.000000Z,22288695,0xf9a65de0a0881d9544de9618e4ab22603cf342fdcf4e09a34f2c55980fdb8ff3,19,mint_to_agent,0x0000000000000000000000000000000000000000,0x3e40d73eb977dc6a537af587d48316fee66e9c8c,True,38553618217237116223,38.553618217237116,0x5f4eC3Df9cbd43714FE2740f5E3616155c5b8419,129127208515966872273,1594.04802755,1744891343,1296,0x86392dC19c0b719886221c78AB11eb8Cf5c52812,36893488147419103586,0.999343902914118,1744825091,67548,61415.99776224901,
2025-04-18,2025-04-18T12:21:59.000000Z,22295851,0x978ad4a4908f2934c742a663dda46e7851ede024bd113c20b09b055b936c1d70,462,mint_to_agent,0x0000000000000000000000000000000000000000,0x3e40d73eb977dc6a537af587d48316fee66e9c8c,True,37689466972011065091,37.68946697201106,0x5f4eC3Df9cbd43714FE2740f5E3616155c5b8419,129127208515966872308,1591.2,1744977731,1188,0x86392dC19c0b719886221c78AB11eb8Cf5c52812,36893488147419103587,0.9989330874780957,1744911503,67416,59907.49552305932,
2025-04-19,2025-04-19T12:22:23.000000Z,22303018,0xac5481d088749d1a3b2596320319314e12ae80c4350593959e270ec37f99198d,19,mint_to_agent,0x0000000000000000000000000000000000000000,0x3e40d73eb977dc6a537af587d48316fee66e9c8c,True,36779513860468384752,36.779513860468384,0x5f4eC3Df9cbd43714FE2740f5E3616155c5b8419,129127208515966872335,1596.99015544,1745064131,1212,0x86392dC19c0b719886221c78AB11eb8Cf5c52812,36893488147419103588,0.9990891139567248,1744997915,67428,58683.0192793202,
2025-04-20,2025-04-20T12:23:59.000000Z,22310191,0xd856a1990d3c93bbf7964039e926357449c7e3deb47ce161615fcb744819b544,25,mint_to_agent,0x0000000000000000000000000000000000000000,0x3e40d73eb977dc6a537af587d48316fee66e9c8c,True,37113734971978589487,37.11373497197859,0x5f4eC3Df9cbd43714FE2740f5E3616155c5b8419,129127208515966872363,1576.89,1745150903,936,0x86392dC19c0b719886221c78AB11eb8Cf5c52812,36893488147419103589,0.9992000000000001,1745084327,67512,58477.45811793135,
2025-04-21,2025-04-21T12:23:23.000000Z,22317353,0x1761faadfcac0385c8ac149e8737fdafcd6c1f8c8089675605f0259a3d2b0fa5,19,mint_to_agent,0x0000000000000000000000000000000000000000,0x3e40d73eb977dc6a537af587d48316fee66e9c8c,True,37859182067347943032,37.85918206734794,0x5f4eC3Df9cbd43714FE2740f5E3616155c5b8419,129127208515966872399,1628.498815,1745237879,324,0x86392dC19c0b719886221c78AB11eb8Cf5c52812,36893488147419103590,0.9993005455419094,1745170739,67464,61610.50922499263,
2025-04-22,2025-04-22T12:25:11.000000Z,22324530,0xd9511a44ee647e7c8811643edbbff6941141b9a128f10ab79a45230af8cf1be1,22,mint_to_agent,0x0000000000000000000000000000000000000000,0x3e40d73eb977dc6a537af587d48316fee66e9c8c,True,38704507280793152366,38.70450728079315,0x5f4eC3Df9cbd43714FE2740f5E3616155c5b8419,129127208515966872454,1631.95,1745324615,96,0x86392dC19c0b719886221c78AB11eb8Cf5c52812,36893488147419103591,0.9993337260254443,1745257175,67536,63121.7362470532,
2025-04-23,2025-04-23T12:25:47.000000Z,22331688,0x790b6125ce42ac381a2d9818d759bdb62c3c95f858c2b10692d6d4788875dc4c,19,mint_to_agent,0x0000000000000000000000000000000000000000,0x3e40d73eb977dc6a537af587d48316fee66e9c8c,True,43658143284706756530,43.65814328470675,0x5f4eC3Df9cbd43714FE2740f5E3616155c5b8419,129127208515966872531,1814.61,1745410559,588,0x86392dC19c0b719886221c78AB11eb8Cf5c52812,36893488147419103592,0.99933066,1745343587,67560,79169.47659544542,
2025-04-24,2025-04-24T12:21:59.000000Z,22338836,0xf45058a2e0f50565f4b49c55286c83c73477e835a6f19f05f4c0faa104ee4507,19,mint_to_agent,0x0000000000000000000000000000000000000000,0x3e40d73eb977dc6a537af587d48316fee66e9c8c,True,40231712663149295820,40.231712663149295,0x5f4eC3Df9cbd43714FE2740f5E3616155c5b8419,129127208515966872582,1753.27,1745495723,1596,0x86392dC19c0b719886221c78AB11eb8Cf5c52812,36893488147419103593,0.9989000000000001,1745429987,67332,70459.46410057276,
2025-04-25,2025-04-25T12:24:47.000000Z,22346021,0xceead7038c14661aaf750e002a3b130426d3510bd213601f2117de0bcded37aa,19,mint_to_agent,0x0000000000000000000000000000000000000000,0x3e40d73eb977dc6a537af587d48316fee66e9c8c,True,38599569544496157319,38.59956954449616,0x5f4eC3Df9cbd43714FE2740f5E3616155c5b8419,129127208515966872621,1797.84147699,1745583191,696,0x86392dC19c0b719886221c78AB11eb8Cf5c52812,36893488147419103594,0.9985000000000002,1745516423,67464,69291.81326037363,
2025-04-26,2025-04-26T12:23:35.000000Z,22353186,0xfacf7b5c08f38df267a739f3db027c5d29b0c33baa74c4146e4a3397c65194f6,19,mint_to_agent,0x0000000000000000000000000000000000000000,0x3e40d73eb977dc6a537af587d48316fee66e9c8c,True,38085200998010453918,38.08520099801046,0x5f4eC3Df9cbd43714FE2740f5E3616155c5b8419,129127208515966872672,1787.48386696,1745667803,2412,0x86392dC19c0b719886221c78AB11eb8Cf5c52812,36893488147419103595,0.9989000000000001,1745602835,67380,68001.79800328333,
2025-04-27,2025-04-27T12:21:59.000000Z,22360359,0xa51154992732677e85af728b59e3665c1db1049856ad01fe45d83989f86191e9,19,mint_to_agent,0x0000000000000000000000000000000000000000,0x3e40d73eb977dc6a537af587d48316fee66e9c8c,True,37101572809212827972,37.10157280921283,0x5f4eC3Df9cbd43714FE2740f5E3616155c5b8419,129127208515966872705,1809.21,1745754635,1884,0x86392dC19c0b719886221c78AB11eb8Cf5c52812,36893488147419103596,0.9989349520299765,1745689235,67284,67053.04569077297,
2025-04-28,2025-04-28T12:22:11.000000Z,22367529,0x327b2e6bef887a5b1d545dc1c394bc076b009b00b674a5cf81786ddaa28acd33,19,mint_to_agent,0x0000000000000000000000000000000000000000,0x3e40d73eb977dc6a537af587d48316fee66e9c8c,True,37169345525673784905,37.16934552567379,0x5f4eC3Df9cbd43714FE2740f5E3616155c5b8419,129127208515966872738,1813.11,1745841719,1212,0x86392dC19c0b719886221c78AB11eb8Cf5c52812,36893488147419103597,0.999008097584263,1745775659,67272,67325.26566729447,
2025-04-29,2025-04-29T12:23:35.000000Z,22374692,0x172cbc7cdad2b2d54fdf3ba1ae03fa3c0df78c17a91f79870b252be5f0c63f9c,36,mint_to_agent,0x0000000000000000000000000000000000000000,0x3e40d73eb977dc6a537af587d48316fee66e9c8c,True,38990504269389719082,38.99050426938972,0x5f4eC3Df9cbd43714FE2740f5E3616155c5b8419,129127208515966872780,1832.34,1745928899,516,0x86392dC19c0b719886221c78AB11eb8Cf5c52812,36893488147419103598,0.99918418,1745862083,67332,71385.5752626246,
2025-04-30,2025-04-30T12:22:11.000000Z,22381829,0xc2a8ff83263e72f9ae8e0d7c8d532d5adca9e9170dd41674fc3a79140d57cafa,19,mint_to_agent,0x0000000000000000000000000000000000000000,0x3e40d73eb977dc6a537af587d48316fee66e9c8c,True,36711643021090303154,36.7116430210903,0x5f4eC3Df9cbd43714FE2740f5E3616155c5b8419,129127208515966872813,1809.37,1746012767,2964,0x86392dC19c0b719886221c78AB11eb8Cf5c52812,36893488147419103599,0.999166400344432,1745948495,67236,66369.57372135267,
2025-05-01,2025-05-01T12:26:47.000000Z,22388993,0x45e4432457875cf22e66ee166e2121dccdedd4e063c91b73ead52ef8955542d6,19,mint_to_agent,0x0000000000000000000000000000000000000000,0x3e40d73eb977dc6a537af587d48316fee66e9c8c,True,37599945951619695301,37.599945951619695,0x5f4eC3Df9cbd43714FE2740f5E3616155c5b8419,129127208515966872859,1850.24380915,1746101387,1020,0x86392dC19c0b719886221c78AB11eb8Cf5c52812,36893488147419103600,0.99900215,1746034907,67500,69499.64772763212,
2025-05-02,2025-05-02T12:26:23.000000Z,22396109,0x821dd91d4a35150ccdfabca8cfdcc72d759e6d538793780263ab719b3bac845c,19,mint_to_agent,0x0000000000000000000000000000000000000000,0x3e40d73eb977dc6a537af587d48316fee66e9c8c,True,37417595958482636731,37.417595958482636,0x5f4eC3Df9cbd43714FE2740f5E3616155c5b8419,129127208515966872892,1831.1932,1746185855,2928,0x86392dC19c0b719886221c78AB11eb8Cf5c52812,36893488147419103601,0.9989734780366576,1746121319,67464,68448.51117788555,
2025-05-03,2025-05-03T12:24:35.000000Z,22403236,0x935b7ca02107cf37d3c13039900d083abdfd2e787934cefaa5879ec4b2aa6597,97,mint_to_agent,0x0000000000000000000000000000000000000000,0x3e40d73eb977dc6a537af587d48316fee66e9c8c,True,36656478955686475047,36.656478955686474,0x5f4eC3Df9cbd43714FE2740f5E3616155c5b8419,129127208515966872921,1824.6063,1746273611,1464,0x86392dC19c0b719886221c78AB11eb8Cf5c52812,36893488147419103602,0.9994453718327909,1746207731,67344,66846.5468863411,
2025-05-04,2025-05-04T12:22:35.000000Z,22410366,0x36d8389e66b3ce017e50491a1a8653db68e0a168db7f26fe71146b692d9ce32e,19,mint_to_agent,0x0000000000000000000000000000000000000000,0x3e40d73eb977dc6a537af587d48316fee66e9c8c,True,36100934842120698260,36.1009348421207,0x5f4eC3Df9cbd43714FE2740f5E3616155c5b8419,129127208515966872953,1832.0412,1746359171,2184,0x86392dC19c0b719886221c78AB11eb8Cf5c52812,36893488147419103603,0.9993703336158581,1746294143,67212,66096.75486210645,
2025-05-05,2025-05-05T12:24:47.000000Z,22417523,0x72adffd693e323147d19ce889d326d50bc156081f3e46236616ee8d366e84a5c,19,mint_to_agent,0x0000000000000000000000000000000000000000,0x3e40d73eb977dc6a537af587d48316fee66e9c8c,True,36943474098794347256,36.94347409879435,0x5f4eC3Df9cbd43714FE2740f5E3616155c5b8419,129127208515966872981,1803.85,1746445691,2196,0x86392dC19c0b719886221c78AB11eb8Cf5c52812,36893488147419103604,0.999430866386119,1746380555,67332,66602.55841262272,
2025-05-06,2025-05-06T12:23:11.000000Z,22424638,0x79989ac739fdede3e790b52d2bd226e7960bb63480cdfbd8db79bfac75884524,39,mint_to_agent,0x0000000000000000000000000000000000000000,0x3e40d73eb977dc6a537af587d48316fee66e9c8c,True,36979211627729881771,36.97921162772988,0x5f4eC3Df9cbd43714FE2740f5E3616155c5b8419,129127208515966873014,1771.99,1746533219,972,0x86392dC19c0b719886221c78AB11eb8Cf5c52812,36893488147419103605,0.999376795466588,1746466979,67212,65485.956617631266,
2025-05-07,2025-05-07T14:31:47.000000Z,22432361,0x827e5093a94916616567e76dbe8d4041fdf4ffe4d25790ff149f478d81fadf57,19,mint_to_agent,0x0000000000000000000000000000000000000000,0x3e40d73eb977dc6a537af587d48316fee66e9c8c,True,36772514280408555165,36.77251428040856,0x5f4eC3Df9cbd43714FE2740f5E3616155c5b8419,129127208515966873055,1826.70507751,1746624731,3576,0x86392dC19c0b719886221c78AB11eb8Cf5c52812,36893488147419103606,0.9991064721331894,1746553403,74904,67112.51801375349,
2025-05-08,2025-05-08T12:48:23.000000Z,22438915,0xaccec70af04ba3eef4ffeaa1350d55795b5600eea7d990b4a0f38fbf02dc3d7c,19,mint_to_agent,0x0000000000000000000000000000000000000000,0x3e40d73eb977dc6a537af587d48316fee66e9c8c,True,36934458521036143510,36.93445852103614,0x5f4eC3Df9cbd43714FE2740f5E3616155c5b8419,129127208515966873104,1957.8,1746707963,540,0x86392dC19c0b719886221c78AB11eb8Cf5c52812,36893488147419103607,0.9990497536699723,1746639815,68688,72241.5703115427,
2025-05-09,2025-05-09T12:31:59.000000Z,22445933,0x96be77947c13efadc97cd725841b6c13eee05e8caad56cf3c3971d684ccff12a,22,mint_to_agent,0x0000000000000000000000000000000000000000,0x3e40d73eb977dc6a537af587d48316fee66e9c8c,True,47246913712586221033,47.24691371258622,0x5f4eC3Df9cbd43714FE2740f5E3616155c5b8419,129127208515966873223,2341.71,1746793511,408,0x86392dC19c0b719886221c78AB11eb8Cf5c52812,36893488147419103608,0.9990558114894849,1746726239,67680,110534.10664299385,
2025-05-10,2025-05-10T14:05:59.000000Z,22453475,0x644806f279c3fd3cd5f581c7d1d43f83b03dedb044375f37dd90b038ba2601ec,19,mint_to_agent,0x0000000000000000000000000000000000000000,0x3e40d73eb977dc6a537af587d48316fee66e9c8c,True,40347822870072591395,40.34782287007259,0x5f4eC3Df9cbd43714FE2740f5E3616155c5b8419,129127208515966873315,2428.704961,1746885923,36,0x86392dC19c0b719886221c78AB11eb8Cf5c52812,36893488147419103609,0.9990893852945416,1746812663,73296,97903.72374189986,
2025-05-11,2025-05-11T12:23:35.000000Z,22460073,0x98aabba65eb21644d36b58bfd7549b82f35802d8ad830c0839d4aaa8f81eb53d,19,mint_to_agent,0x0000000000000000000000000000000000000000,0x3e40d73eb977dc6a537af587d48316fee66e9c8c,True,42642043283143574785,42.64204328314357,0x5f4eC3Df9cbd43714FE2740f5E3616155c5b8419,129127208515966873392,2528.32,1746963887,2328,0x86392dC19c0b719886221c78AB11eb8Cf5c52812,36893488147419103610,0.99934936,1746899075,67140,107742.58359842193,
2025-05-12,2025-05-12T14:39:35.000000Z,22467852,0xe547badc369dcebabd14ab0d1196c28f20d56e3cc6839fde3798f3384ccfe3a2,19,mint_to_agent,0x0000000000000000000000000000000000000000,0x3e40d73eb977dc6a537af587d48316fee66e9c8c,True,39861529452529816372,39.86152945252982,0x5f4eC3Df9cbd43714FE2740f5E3616155c5b8419,129127208515966873475,2521.85,1747060451,324,0x86392dC19c0b719886221c78AB11eb8Cf5c52812,36893488147419103611,0.999,1746985499,75276,100424.27325181247,
2025-05-13,2025-05-13T12:22:11.000000Z,22474273,0x49ef43243955034531b76b91eec91fa26d07e5d5e443adcb6bb0a2a37855633b,19,mint_to_agent,0x0000000000000000000000000000000000000000,0x3e40d73eb977dc6a537af587d48316fee66e9c8c,True,39723059407996846353,39.72305940799684,0x5f4eC3Df9cbd43714FE2740f5E3616155c5b8419,129127208515966873528,2495.62,1747138331,600,0x86392dC19c0b719886221c78AB11eb8Cf5c52812,36893488147419103612,0.9991000000000002,1747071911,67020,99044.44122441729,
2025-05-14,2025-05-14T12:23:23.000000Z,22481383,0x34e25870385be46924309032240f9dfa362da64150d5dc73b85279742c326aa3,177,mint_to_agent,0x0000000000000000000000000000000000000000,0x3e40d73eb977dc6a537af587d48316fee66e9c8c,True,39459529729074186143,39.459529729074184,0x5f4eC3Df9cbd43714FE2740f5E3616155c5b8419,129127208515966873607,2622.994151,1747222727,2676,0x86392dC19c0b719886221c78AB11eb8Cf5c52812,36893488147419103613,0.99930246,1747158335,67068,103429.91881480037,
2025-05-15,2025-05-15T12:22:11.000000Z,22488486,0x7ea04219dc86d4ff2191963db613e935701c4075ab75033ce6790ba2b1626f26,19,mint_to_agent,0x0000000000000000000000000000000000000000,0x3e40d73eb977dc6a537af587d48316fee66e9c8c,True,38095864564450723072,38.09586456445072,0x5f4eC3Df9cbd43714FE2740f5E3616155c5b8419,129127208515966873659,2555.07,1747310747,984,0x86392dC19c0b719886221c78AB11eb8Cf5c52812,36893488147419103614,0.9991270226519116,1747244747,66984,97252.62715218657,
2025-05-16,2025-05-16T12:22:11.000000Z,22495605,0xd0c22ea51e2aa4dfa8f887bdaae70aa6044987ef440e2d735241aa1d51e31f47,19,mint_to_agent,0x0000000000000000000000000000000000000000,0x3e40d73eb977dc6a537af587d48316fee66e9c8c,True,38704808729033667909,38.70480872903367,0x5f4eC3Df9cbd43714FE2740f5E3616155c5b8419,129127208515966873724,2620.17,1747395887,2244,0x86392dC19c0b719886221c78AB11eb8Cf5c52812,36893488147419103615,0.9992783038734995,1747331171,66960,101339.98918931725,
2025-05-17,2025-05-17T12:23:47.000000Z,22502733,0x2cd7e56d3ef65b16ef6e637d5b25d947759129afb7be5c8f6d9a8b97b6d874e4,19,mint_to_agent,0x0000000000000000000000000000000000000000,0x3e40d73eb977dc6a537af587d48316fee66e9c8c,True,37327568268062886308,37.32756826806288,0x5f4eC3Df9cbd43714FE2740f5E3616155c5b8419,129127208515966873770,2483.7616,1747483583,1044,0x86392dC19c0b719886221c78AB11eb8Cf5c52812,36893488147419103616,0.9989751940107843,1747417595,67032,92617.76807266966,
2025-05-18,2025-05-18T12:23:35.000000Z,22509851,0xc6394bf02d89e33f05f3660cffbfc4b2fb485e9e0f4d4ef9edf0e4ab2b51620b,19,mint_to_agent,0x0000000000000000000000000000000000000000,0x3e40d73eb977dc6a537af587d48316fee66e9c8c,True,35739264341899620823,35.73926434189962,0x5f4eC3Df9cbd43714FE2740f5E3616155c5b8419,129127208515966873803,2492.39,1747570175,840,0x86392dC19c0b719886221c78AB11eb8Cf5c52812,36893488147419103617,0.99951439,1747504019,66996,89032.92876688356,
2025-05-19,2025-05-19T12:24:47.000000Z,22516988,0x3973702cd6e16fba2551e22e79e2c29583bdaf1d7d9fd7c67a539d7c510cca24,19,mint_to_agent,0x0000000000000000000000000000000000000000,0x3e40d73eb977dc6a537af587d48316fee66e9c8c,True,39683560626128723014,39.683560626128724,0x5f4eC3Df9cbd43714FE2740f5E3616155c5b8419,129127208515966873893,2393.81,1747657163,324,0x86392dC19c0b719886221c78AB11eb8Cf5c52812,36893488147419103618,0.999489925549855,1747590443,67044,94946.44978887496,
2025-05-20,2025-05-20T12:23:11.000000Z,22524104,0x8ce83a8251c641f7afa09172cef87e5724cb4039a20e5fd2635c69e8d3b2603f,22,mint_to_agent,0x0000000000000000000000000000000000000000,0x3e40d73eb977dc6a537af587d48316fee66e9c8c,True,37483750487656739797,37.48375048765674,0x5f4eC3Df9cbd43714FE2740f5E3616155c5b8419,129127208515966873950,2513.5,1747740719,3072,0x86392dC19c0b719886221c78AB11eb8Cf5c52812,36893488147419103619,0.9992774830919003,1747676855,66936,94147.33462627209,
2025-05-21,2025-05-21T12:20:47.000000Z,22531230,0x7ab726434dfaf979a53bb514e0a11c05f5a183b4c0db9ad9ebf9fb3c877d6075,19,mint_to_agent,0x0000000000000000000000000000000000000000,0x3e40d73eb977dc6a537af587d48316fee66e9c8c,True,37494547464660805812,37.494547464660805,0x5f4eC3Df9cbd43714FE2740f5E3616155c5b8419,129127208515966874005,2541.18,1747829939,108,0x86392dC19c0b719886221c78AB11eb8Cf5c52812,36893488147419103620,1.0002074197779662,1747763279,66768,95300.15716444094,
2025-05-22,2025-05-22T12:21:59.000000Z,22538381,0x2d4d468c9496bc5fafd7adb366ab15cda8fc74b1882fea71cd851965ba672f79,19,mint_to_agent,0x0000000000000000000000000000000000000000,0x3e40d73eb977dc6a537af587d48316fee66e9c8c,True,39479256101665474509,39.47925610166547,0x5f4eC3Df9cbd43714FE2740f5E3616155c5b8419,129127208515966874089,2645.51,1747916051,468,0x86392dC19c0b719886221c78AB11eb8Cf5c52812,36893488147419103621,0.9995188,1747849703,66816,104392.5089501283,
2025-05-23,2025-05-23T12:22:11.000000Z,22545535,0x4deae7e0ac03120937700823bec30971fc9b3ef0cb0498c39f030407e033e385,31,mint_to_agent,0x0000000000000000000000000000000000000000,0x3e40d73eb977dc6a537af587d48316fee66e9c8c,True,39364868297525550380,39.364868297525554,0x5f4eC3Df9cbd43714FE2740f5E3616155c5b8419,129127208515966874147,2535.08175482,1748002763,168,0x86392dC19c0b719886221c78AB11eb8Cf5c52812,36893488147419103622,0.9994091684507834,1747936103,66828,99734.19845497858,
2025-05-24,2025-05-24T12:22:11.000000Z,22552670,0x092b25eab69b284eeb674b3e78020e0c392d5b10885da19474c012caa2f58815,19,mint_to_agent,0x0000000000000000000000000000000000000000,0x3e40d73eb977dc6a537af587d48316fee66e9c8c,True,37563898189632375234,37.563898189632376,0x5f4eC3Df9cbd43714FE2740f5E3616155c5b8419,129127208515966874185,2555.12,1748088803,528,0x86392dC19c0b719886221c78AB11eb8Cf5c52812,36893488147419103623,0.9998172246439986,1748022539,66792,95962.7247147243,
2025-05-25,2025-05-25T12:22:35.000000Z,22559806,0x9d7adbf48f0bc8f8d55736444736576c939689de25907f7e1bbdc938988f0217,19,mint_to_agent,0x0000000000000000000000000000000000000000,0x3e40d73eb977dc6a537af587d48316fee66e9c8c,True,35966794907064348285,35.96679490706435,0x5f4eC3Df9cbd43714FE2740f5E3616155c5b8419,129127208515966874217,2514.21,1748175503,252,0x86392dC19c0b719886221c78AB11eb8Cf5c52812,36893488147419103624,0.9992157847852251,1748108951,66804,90357.1603507005,
2025-05-26,2025-05-26T12:23:23.000000Z,22566941,0x7d7760fd3f8fdcd9f0e108a956b4cb4d940d27fe7184ff4c0708c961cdddde6c,19,mint_to_agent,0x0000000000000000000000000000000000000000,0x3e40d73eb977dc6a537af587d48316fee66e9c8c,True,36522728732709191411,36.52272873270919,0x5f4eC3Df9cbd43714FE2740f5E3616155c5b8419,129127208515966874251,2566.917383,1748260031,2172,0x86392dC19c0b719886221c78AB11eb8Cf5c52812,36893488147419103625,0.99956998,1748195363,66840,93710.51252784704,
2025-05-27,2025-05-27T12:22:11.000000Z,22574089,0xe4d293a13263261725f5971da23c7329803c2e191a47c30b2ceff172fc8b1cce,19,mint_to_agent,0x0000000000000000000000000000000000000000,0x3e40d73eb977dc6a537af587d48316fee66e9c8c,True,36843373025024871874,36.843373025024874,0x5f4eC3Df9cbd43714FE2740f5E3616155c5b8419,129127208515966874293,2646.88334834,1748346491,2040,0x86392dC19c0b719886221c78AB11eb8Cf5c52812,36893488147419103626,0.9995019743528686,1748281775,66756,97471.54304044918,
2025-05-28,2025-05-28T12:21:59.000000Z,22581229,0x4f923374f82f0e2e9e85612be29e814713c1063888796754b529a5aee127b25c,19,mint_to_agent,0x0000000000000000000000000000000000000000,0x3e40d73eb977dc6a537af587d48316fee66e9c8c,True,37909081401871728384,37.90908140187173,0x5f4eC3Df9cbd43714FE2740f5E3616155c5b8419,129127208515966874334,2665.00212614,1748434883,36,0x86392dC19c0b719886221c78AB11eb8Cf5c52812,36893488147419103627,0.9995972959717396,1748368187,66732,100987.09824100905,
2025-05-29,2025-05-29T12:23:23.000000Z,22588385,0xdb0649b8e55b5672367b222ff70d6933819e5f5de09488f000455b99d81ccb87,125,mint_to_agent,0x0000000000000000000000000000000000000000,0x3e40d73eb977dc6a537af587d48316fee66e9c8c,True,38090861283496409011,38.09086128349641,0x5f4eC3Df9cbd43714FE2740f5E3616155c5b8419,129127208515966874382,2716.54236737,1748518967,2436,0x86392dC19c0b719886221c78AB11eb8Cf5c52812,36893488147419103628,0.9995023562333484,1748454599,66804,103423.9445792674,
2025-05-30,2025-05-30T12:19:59.000000Z,22595508,0x1cc38fc56e1828cc15be82e5b7fc497287a469a4f01516e9072424f14c757b92,19,mint_to_agent,0x0000000000000000000000000000000000000000,0x3e40d73eb977dc6a537af587d48316fee66e9c8c,True,38801003222522823219,38.80100322252282,0x5f4eC3Df9cbd43714FE2740f5E3616155c5b8419,129127208515966874429,2598.14,1748607047,552,0x86392dC19c0b719886221c78AB11eb8Cf5c52812,36893488147419103629,0.999016199484268,1748541023,66576,100711.26115116561,
2025-05-31,2025-05-31T12:21:59.000000Z,22602678,0x9b0d677593b42195fdec75d77c32f54de38c2d78a51960d97a8925f10d97c580,19,mint_to_agent,0x0000000000000000000000000000000000000000,0x3e40d73eb977dc6a537af587d48316fee66e9c8c,True,38559415847446222976,38.559415847446225,0x5f4eC3Df9cbd43714FE2740f5E3616155c5b8419,129127208515966874477,2525.45,1748693279,840,0x86392dC19c0b719886221c78AB11eb8Cf5c52812,36893488147419103630,0.9988006762244049,1748627459,66660,97263.08675047995,
2025-06-01,2025-06-01T12:22:11.000000Z,22609821,0x4c8457b74f71cc91a30be9a804391cac1d15100af5c563eade12f7406b6e8522,19,mint_to_agent,0x0000000000000000000000000000000000000000,0x3e40d73eb977dc6a537af587d48316fee66e9c8c,True,36163704838752273979,36.163704838752274,0x5f4eC3Df9cbd43714FE2740f5E3616155c5b8419,129127208515966874508,2498.95979542,1748777003,3528,0x86392dC19c0b719886221c78AB11eb8Cf5c52812,36893488147419103631,0.9993944448671999,1748713895,66636,90316.91943232408,
2025-06-02,2025-06-02T12:23:35.000000Z,22616965,0xbdbb9fd89c0518ed5fce24c15f9a4c09cb44409965b334375e4c80573db68b19,19,mint_to_agent,0x0000000000000000000000000000000000000000,0x3e40d73eb977dc6a537af587d48316fee66e9c8c,True,36486349161637206901,36.48634916163721,0x5f4eC3Df9cbd43714FE2740f5E3616155c5b8419,129127208515966874542,2485.81,1748866475,540,0x86392dC19c0b719886221c78AB11eb8Cf5c52812,36893488147419103632,0.9995039337735905,1748800319,66696,90653.13932959946,
2025-06-03,2025-06-03T12:22:11.000000Z,22624098,0x57ed0f3975fb90b735966b6646f3e5db48cec101ff06394fe04c50fef6f30b32,19,mint_to_agent,0x0000000000000000000000000000000000000000,0x3e40d73eb977dc6a537af587d48316fee66e9c8c,True,37120951245138333876,37.120951245138336,0x5f4eC3Df9cbd43714FE2740f5E3616155c5b8419,129127208515966874584,2601.98,1748952047,1284,0x86392dC19c0b719886221c78AB11eb8Cf5c52812,36893488147419103633,0.99935966,1748886743,66588,96526.123578373,
2025-06-04,2025-06-04T12:22:11.000000Z,22631243,0x1012e3b6c1bc765ee471d6682b0cede39b5c95bc3f1bedc14078034b859bc7ea,19,mint_to_agent,0x0000000000000000000000000000000000000000,0x3e40d73eb977dc6a537af587d48316fee66e9c8c,True,37428670414665978193,37.42867041466598,0x5f4eC3Df9cbd43714FE2740f5E3616155c5b8419,129127208515966874620,2630.39007563,1749038015,1716,0x86392dC19c0b719886221c78AB11eb8Cf5c52812,36893488147419103634,0.9996124725044677,1748973179,66552,98413.85034453229,
2025-06-05,2025-06-05T12:22:59.000000Z,22638381,0x060ec5c2be1c3ce2ebf1652116606293800bfb1caddaf0e437e0df22cf9e01f9,19,mint_to_agent,0x0000000000000000000000000000000000000000,0x3e40d73eb977dc6a537af587d48316fee66e9c8c,True,37005462344141140844,37.005462344141144,0x5f4eC3Df9cbd43714FE2740f5E3616155c5b8419,129127208515966874651,2618.86746421,1749125327,852,0x86392dC19c0b719886221c78AB11eb8Cf5c52812,36893488147419103635,0.9997003819421876,1749059591,66588,96883.36462565478,
2025-06-06,2025-06-06T12:22:11.000000Z,22645518,0x9ad52fc10df77aba7d26a64d05e5bdab6c8da54f82da9436176b6f3a661cc5a5,19,mint_to_agent,0x0000000000000000000000000000000000000000,0x3e40d73eb977dc6a537af587d48316fee66e9c8c,True,38510504563991038858,38.510504563991034,0x5f4eC3Df9cbd43714FE2740f5E3616155c5b8419,129127208515966874711,2477.16064401,1749209531,3000,0x86392dC19c0b719886221c78AB11eb8Cf5c52812,36893488147419103636,0.9995898172958915,1749146015,66516,95357.57620793828,
2025-06-07,2025-06-07T12:23:11.000000Z,22652684,0x73dec6d12a8c000208977af6c1fb0092eaec94e0caacae77f9447ec1657911cd,19,mint_to_agent,0x0000000000000000000000000000000000000000,0x3e40d73eb977dc6a537af587d48316fee66e9c8c,True,36679425706803249933,36.67942570680325,0x5f4eC3Df9cbd43714FE2740f5E3616155c5b8419,129127208515966874744,2496.62,1749297755,1236,0x86392dC19c0b719886221c78AB11eb8Cf5c52812,36893488147419103637,0.9996009781597864,1749232427,66564,91538.04754757513,
2025-06-08,2025-06-08T12:23:11.000000Z,22659842,0x24079572acac7a587ac3b7c675bdd5e87adf042d3a792eafb074a60a652cc00d,19,mint_to_agent,0x0000000000000000000000000000000000000000,0x3e40d73eb977dc6a537af587d48316fee66e9c8c,True,35875032795658193010,35.87503279565819,0x5f4eC3Df9cbd43714FE2740f5E3616155c5b8419,129127208515966874772,2512.1,1749384239,1152,0x86392dC19c0b719886221c78AB11eb8Cf5c52812,36893488147419103638,0.9994044083899484,1749318839,66552,90067.99417550501,
2025-06-09,2025-06-09T12:21:35.000000Z,22666988,0x1662626ea475279f859eaba86c8a3ed9acb15bf00ebf572033a1dabcbe1a96cc,19,mint_to_agent,0x0000000000000000000000000000000000000000,0x3e40d73eb977dc6a537af587d48316fee66e9c8c,True,35875891642087212946,35.87589164208721,0x5f4eC3Df9cbd43714FE2740f5E3616155c5b8419,129127208515966874801,2539.71,1749468335,3360,0x86392dC19c0b719886221c78AB11eb8Cf5c52812,36893488147419103639,0.9995837304881666,1749405251,66444,91076.43263184976,
2025-06-10,2025-06-10T12:22:11.000000Z,22674131,0x01fe3cce9fb66d8645200db610144d00288806ba18812ae902b7d9072f87c29f,19,mint_to_agent,0x0000000000000000000000000000000000000000,0x3e40d73eb977dc6a537af587d48316fee66e9c8c,True,37588642304227989220,37.58864230422799,0x5f4eC3Df9cbd43714FE2740f5E3616155c5b8419,129127208515966874847,2761.950653,1749557327,804,0x86392dC19c0b719886221c78AB11eb8Cf5c52812,36893488147419103640,0.9998599740038769,1749491663,66468,103803.437942159,
2025-06-11,2025-06-11T12:22:11.000000Z,22681288,0x24318c874691fb9039b8e9fb446cca9f0b042540016440cbe63fd64a549463e0,19,mint_to_agent,0x0000000000000000000000000000000000000000,0x3e40d73eb977dc6a537af587d48316fee66e9c8c,True,37619165760449827209,37.61916576044983,0x5f4eC3Df9cbd43714FE2740f5E3616155c5b8419,129127208515966874898,2777.71796013,1749643523,1008,0x86392dC19c0b719886221c78AB11eb8Cf5c52812,36893488147419103641,0.9997014964814778,1749578087,66444,104464.24012367472,
2025-06-12,2025-06-12T12:22:23.000000Z,22688457,0x1994ceb98c8dfc12971da550e30d1ade74853d214c01bc0e66b3f63a6ed47fef,19,mint_to_agent,0x0000000000000000000000000000000000000000,0x3e40d73eb977dc6a537af587d48316fee66e9c8c,True,38037039212199497450,38.037039212199495,0x5f4eC3Df9cbd43714FE2740f5E3616155c5b8419,129127208515966874949,2716.5449,1749730211,732,0x86392dC19c0b719886221c78AB11eb8Cf5c52812,36893488147419103642,0.9993486547775815,1749664499,66444,103262.02182090229,
2025-06-13,2025-06-13T12:23:23.000000Z,22695611,0xac7b7c96006af65543e9665ef89ff24f096bf2afd6ada98647e2ed92e871633f,19,mint_to_agent,0x0000000000000000000000000000000000000000,0x3e40d73eb977dc6a537af587d48316fee66e9c8c,True,38920963076957371094,38.92096307695737,0x5f4eC3Df9cbd43714FE2740f5E3616155c5b8419,129127208515966875031,2558.02048491,1749816371,1032,0x86392dC19c0b719886221c78AB11eb8Cf5c52812,36893488147419103643,0.9997396084471096,1749750935,66468,99534.69609861459,
2025-06-14,2025-06-14T12:23:11.000000Z,22702766,0xaa0d2e08a8b76f748a8f8c06fb15fdbc038aeb038fd6259b29d6bc198a88bce0,19,mint_to_agent,0x0000000000000000000000000000000000000000,0x3e40d73eb977dc6a537af587d48316fee66e9c8c,True,35531949741250962867,35.53194974125096,0x5f4eC3Df9cbd43714FE2740f5E3616155c5b8419,129127208515966875069,2538.35968749,1749902183,1608,0x86392dC19c0b719886221c78AB11eb8Cf5c52812,36893488147419103644,0.999855635398161,1749837347,66444,90179.84818351321,
2025-06-15,2025-06-15T12:21:59.000000Z,22709906,0x24be8bfb039efcb518a7ed616edadb6c2378451a36309bf78eed22153d86c182,19,mint_to_agent,0x0000000000000000000000000000000000000000,0x3e40d73eb977dc6a537af587d48316fee66e9c8c,True,34602183981003319820,34.60218398100332,0x5f4eC3Df9cbd43714FE2740f5E3616155c5b8419,129127208515966875099,2522.969538,1749989747,372,0x86392dC19c0b719886221c78AB11eb8Cf5c52812,36893488147419103645,0.999444417847955,1749923771,66348,87251.75366816686,
2025-06-16,2025-06-16T12:23:11.000000Z,22717054,0x5df6ca4ec6a65068a09807cf1cf7228bd1e46f0dfde7ac053cc6799cc2b46a9f,19,mint_to_agent,0x0000000000000000000000000000000000000000,0x3e40d73eb977dc6a537af587d48316fee66e9c8c,True,35825860385681422064,35.82586038568142,0x5f4eC3Df9cbd43714FE2740f5E3616155c5b8419,129127208515966875133,2610.6597,1750073747,2844,0x86392dC19c0b719886221c78AB11eb8Cf5c52812,36893488147419103646,0.99964366,1750010195,66396,93495.80175656687,
2025-06-17,2025-06-17T12:19:59.000000Z,22724186,0xfa4bd7b248eda755132801960631eda07633141d2855690b980d55a695159500,19,mint_to_agent,0x0000000000000000000000000000000000000000,0x3e40d73eb977dc6a537af587d48316fee66e9c8c,True,37205030730494537863,37.20503073049454,0x5f4eC3Df9cbd43714FE2740f5E3616155c5b8419,129127208515966875181,2546.67761201,1750160375,2424,0x86392dC19c0b719886221c78AB11eb8Cf5c52812,36893488147419103647,0.9995335419910859,1750096607,66192,94705.02228353967,
2025-06-18,2025-06-18T12:21:59.000000Z,22731337,0x29a67ac8a7b7a61ab9aaffe8fd9d578e5e3593b669975641ce82a5d08bc1247f,19,mint_to_agent,0x0000000000000000000000000000000000000000,0x3e40d73eb977dc6a537af587d48316fee66e9c8c,True,36001438321302144736,36.001438321302146,0x5f4eC3Df9cbd43714FE2740f5E3616155c5b8419,129127208515966875227,2514.6,1750247183,2136,0x86392dC19c0b719886221c78AB11eb8Cf5c52812,36893488147419103648,0.9998092394404908,1750183031,66288,90511.94739869716,
2025-06-19,2025-06-19T12:22:11.000000Z,22738492,0x1566cd20c3fe0677e5bdc3bb7f5b9129a9b3d819f8f8c47abcd6339585a8994f,19,mint_to_agent,0x0000000000000000000000000000000000000000,0x3e40d73eb977dc6a537af587d48316fee66e9c8c,True,37194102636662528191,37.19410263666253,0x5f4eC3Df9cbd43714FE2740f5E3616155c5b8419,129127208515966875272,2529.21119261,1750333631,2100,0x86392dC19c0b719886221c78AB11eb8Cf5c52812,36893488147419103649,0.99982196,1750269455,66276,94054.99215501994,
2025-06-20,2025-06-20T12:22:11.000000Z,22745658,0x45754b3f2fa45704082b540cfc9b0b34796d1e9e889e5b49703a9ff32c68f41c,19,mint_to_agent,0x0000000000000000000000000000000000000000,0x3e40d73eb977dc6a537af587d48316fee66e9c8c,True,36264830902430401831,36.2648309024304,0x5f4eC3Df9cbd43714FE2740f5E3616155c5b8419,129127208515966875300,2550.82,1750421903,228,0x86392dC19c0b719886221c78AB11eb8Cf5c52812,36893488147419103650,0.9996553992752726,1750355879,66252,92473.17865321187,
2025-06-21,2025-06-21T12:22:23.000000Z,22752812,0x20c73b11c45ddacae03dad438fd81870a74e8e59b53f23d885bb6bf54e983519,19,mint_to_agent,0x0000000000000000000000000000000000000000,0x3e40d73eb977dc6a537af587d48316fee66e9c8c,True,36623510175121101409,36.6235101751211,0x5f4eC3Df9cbd43714FE2740f5E3616155c5b8419,129127208515966875339,2443.020026,1750507223,1320,0x86392dC19c0b719886221c78AB11eb8Cf5c52812,36893488147419103651,0.9998999999999998,1750442315,66228,89463.02158335758,
2025-06-22,2025-06-22T12:22:59.000000Z,22759954,0x5c7e0fc1a5e66d2afd4f5a0d14ac7510b41cb9a8bbdaee25abdf3a48ccda9f56,498,mint_to_agent,0x0000000000000000000000000000000000000000,0x3e40d73eb977dc6a537af587d48316fee66e9c8c,True,40272829524307630125,40.27282952430763,0x5f4eC3Df9cbd43714FE2740f5E3616155c5b8419,129127208515966875398,2277.30619792,1750594871,108,0x86392dC19c0b719886221c78AB11eb8Cf5c52812,36893488147419103652,0.9996,1750528727,66252,91676.87885776795,
2025-06-23,2025-06-23T12:22:11.000000Z,22767100,0x93d3ef0ba6cd14baf9eccb2e53ee5e6ca00fb75db8ecbabbda36a58ff1b668ed,19,mint_to_agent,0x0000000000000000000000000000000000000000,0x3e40d73eb977dc6a537af587d48316fee66e9c8c,True,40520058796230143949,40.52005879623014,0x5f4eC3Df9cbd43714FE2740f5E3616155c5b8419,129127208515966875464,2257.54,1750679627,1704,0x86392dC19c0b719886221c78AB11eb8Cf5c52812,36893488147419103653,0.999518225196214,1750615139,66192,91431.58286980844,
2025-06-24,2025-06-24T12:20:47.000000Z,22774251,0xee86fd72c46dee01be55d515e8d49fd7e2424bbae775417a3a925aac5becd630,19,mint_to_agent,0x0000000000000000000000000000000000000000,0x3e40d73eb977dc6a537af587d48316fee66e9c8c,True,38830911546531300943,38.8309115465313,0x5f4eC3Df9cbd43714FE2740f5E3616155c5b8419,129127208515966875552,2418.257,1750764623,3024,0x86392dC19c0b719886221c78AB11eb8Cf5c52812,36893488147419103654,0.9994833279243939,1750701551,66096,93854.60654197088,
2025-06-25,2025-06-25T12:20:47.000000Z,22781413,0x10946a69c3e83652d1349cf734a5c0f8acab00939c525e44fec40d63720fb803,19,mint_to_agent,0x0000000000000000000000000000000000000000,0x3e40d73eb977dc6a537af587d48316fee66e9c8c,True,37270084422221651930,37.27008442222165,0x5f4eC3Df9cbd43714FE2740f5E3616155c5b8419,129127208515966875593,2425.31,1750853663,384,0x86392dC19c0b719886221c78AB11eb8Cf5c52812,36893488147419103655,0.9996742998502474,1750787987,66060,90362.06792221984,
2025-06-26,2025-06-26T12:19:47.000000Z,22788575,0x6c63a1d044d8b37d90ed7cd29af7b3c6de1cc9ba4d85665cf45f8b6cb8944a43,31,mint_to_agent,0x0000000000000000000000000000000000000000,0x3e40d73eb977dc6a537af587d48316fee66e9c8c,True,36416360207066594684,36.416360207066596,0x5f4eC3Df9cbd43714FE2740f5E3616155c5b8419,129127208515966875636,2453.2292,1750938887,1500,0x86392dC19c0b719886221c78AB11eb8Cf5c52812,36893488147419103656,0.9994470049611747,1750874411,65976,89288.27492485927,
2025-06-27,2025-06-27T12:20:47.000000Z,22795739,0xc4334a5a0d65c06bcd28f7960e29aff6d5861a9a900f55834741846baddacc7f,19,mint_to_agent,0x0000000000000000000000000000000000000000,0x3e40d73eb977dc6a537af587d48316fee66e9c8c,True,36874219671026588351,36.87421967102659,0x5f4eC3Df9cbd43714FE2740f5E3616155c5b8419,129127208515966875674,2446.8,1751025047,1800,0x86392dC19c0b719886221c78AB11eb8Cf5c52812,36893488147419103657,0.9995580125425206,1750960835,66012,90183.9628851168,
2025-06-28,2025-06-28T12:20:47.000000Z,22802900,0xdee44fa05fcff6e7036cafec22a7906360eb744dfd561632d9154b725ee7a8fb,19,mint_to_agent,0x0000000000000000000000000000000000000000,0x3e40d73eb977dc6a537af587d48316fee66e9c8c,True,35445740471090482516,35.44574047109048,0x5f4eC3Df9cbd43714FE2740f5E3616155c5b8419,129127208515966875705,2425.75,1751112971,276,0x86392dC19c0b719886221c78AB11eb8Cf5c52812,36893488147419103658,0.9996351916855584,1751047271,65976,85951.13781504628,
2025-06-29,2025-06-29T12:20:47.000000Z,22810048,0x7742e2b5e5c5b60f75e4a338ba1d63f07baf4804bb9c6bd03ce215b527cc10ea,39,mint_to_agent,0x0000000000000000000000000000000000000000,0x3e40d73eb977dc6a537af587d48316fee66e9c8c,True,35583407409563989154,35.58340740956399,0x5f4eC3Df9cbd43714FE2740f5E3616155c5b8419,129127208515966875730,2458.97637,1751196911,2736,0x86392dC19c0b719886221c78AB11eb8Cf5c52812,36893488147419103659,0.99930939,1751133683,65964,87438.33046694928,
2025-06-30,2025-06-30T12:20:47.000000Z,22817195,0xd2accfd984e816bcca471a2673e1ca1f27cfbec7d2a67e8be1ed3a1bb86eaf49,19,mint_to_agent,0x0000000000000000000000000000000000000000,0x3e40d73eb977dc6a537af587d48316fee66e9c8c,True,35808788656022889492,35.80878865602289,0x5f4eC3Df9cbd43714FE2740f5E3616155c5b8419,129127208515966875769,2466.6554,1751282651,3396,0x86392dC19c0b719886221c78AB11eb8Cf5c52812,36893488147419103660,0.9997085965573423,1751220095,65952,88302.20283948339,
2025-07-01,2025-07-01T12:20:47.000000Z,22824352,0x2254dca8d5aa0512fc2188e8abac21fe1e276f8308ab90b5d5bca24463d17162,66,mint_to_agent,0x0000000000000000000000000000000000000000,0x3e40d73eb977dc6a537af587d48316fee66e9c8c,True,36237132838554557948,36.23713283855456,0x5f4eC3Df9cbd43714FE2740f5E3616155c5b8419,129127208515966875813,2450.76,1751370023,2424,0x86392dC19c0b719886221c78AB11eb8Cf5c52812,36893488147419103661,0.99955757,1751306507,65940,88769.22412382571,
2025-07-02,2025-07-02T12:20:47.000000Z,22831499,0x85f055b9d3efac4a104f629c1640142cd421fc4a79e9f5873364139fcb1c1403,19,mint_to_agent,0x0000000000000000000000000000000000000000,0x3e40d73eb977dc6a537af587d48316fee66e9c8c,True,36265976206819013102,36.26597620681901,0x5f4eC3Df9cbd43714FE2740f5E3616155c5b8419,129127208515966875860,2445.6312,1751457755,1092,0x86392dC19c0b719886221c78AB11eb8Cf5c52812,36893488147419103662,0.9998708654806049,1751392919,65928,88681.74955572284,
2025-07-03,2025-07-03T12:20:47.000000Z,22838662,0x0b938d36e7476bff65b9be3115cb2525d620a423d985c998286b1e4ba2ac01a6,19,mint_to_agent,0x0000000000000000000000000000000000000000,0x3e40d73eb977dc6a537af587d48316fee66e9c8c,True,36484721923897838096,36.48472192389784,0x5f4eC3Df9cbd43714FE2740f5E3616155c5b8419,129127208515966875907,2594.919099,1751542979,2268,0x86392dC19c0b719886221c78AB11eb8Cf5c52812,36893488147419103663,0.9999669907835743,1751479331,65916,94671.77659770484,
2025-07-04,2025-07-04T12:20:47.000000Z,22845816,0x3c221c435f1002091f152f4fd7fed50ba52c1df46a8f035f07909e6e60d5e0db,19,mint_to_agent,0x0000000000000000000000000000000000000000,0x3e40d73eb977dc6a537af587d48316fee66e9c8c,True,36415816430611415290,36.415816430611414,0x5f4eC3Df9cbd43714FE2740f5E3616155c5b8419,129127208515966875950,2555.95,1751628599,3048,0x86392dC19c0b719886221c78AB11eb8Cf5c52812,36893488147419103664,0.99965655,1751565755,65892,93045.03870810854,
2025-07-05,2025-07-05T12:19:11.000000Z,22852973,0x994c3cce71332398746afdf944f0327b74b13e25f548058030de7194d24dae71,31,mint_to_agent,0x0000000000000000000000000000000000000000,0x3e40d73eb977dc6a537af587d48316fee66e9c8c,True,35185786900354422628,35.18578690035442,0x5f4eC3Df9cbd43714FE2740f5E3616155c5b8419,129127208515966875983,2523.1,1751716295,1656,0x86392dC19c0b719886221c78AB11eb8Cf5c52812,36893488147419103665,0.9997933632358628,1751652167,65784,88758.91428277033,
2025-07-06,2025-07-06T12:20:47.000000Z,22860124,0xfd5a8295593f4953e8731a287f1fc15f7a8e4a50405afc0413a349edf0fc93e6,19,mint_to_agent,0x0000000000000000000000000000000000000000,0x3e40d73eb977dc6a537af587d48316fee66e9c8c,True,35331705041249177063,35.33170504124918,0x5f4eC3Df9cbd43714FE2740f5E3616155c5b8419,129127208515966876010,2515.74897077,1751803367,1080,0x86392dC19c0b719886221c78AB11eb8Cf5c52812,36893488147419103666,0.9996657761686069,1751738591,65856,88855.99287366356,
2025-07-07,2025-07-07T12:20:47.000000Z,22867280,0x33202401fafdc37332699a0796f8bf7f04632ac7e05c84c6819c08bfba860c89,19,mint_to_agent,0x0000000000000000000000000000000000000000,0x3e40d73eb977dc6a537af587d48316fee66e9c8c,True,35874033577102813602,35.874033577102814,0x5f4eC3Df9cbd43714FE2740f5E3616155c5b8419,129127208515966876049,2555.90488346,1751887571,3276,0x86392dC19c0b719886221c78AB11eb8Cf5c52812,36893488147419103667,1.0000826178791569,1751825003,65844,91698.19289349053,
2025-07-08,2025-07-08T12:20:59.000000Z,22874431,0x4a444575592d2ec3672cff7f0681f68b4a9ef2998cce73b11b3b4278fd233cda,143,mint_to_agent,0x0000000000000000000000000000000000000000,0x3e40d73eb977dc6a537af587d48316fee66e9c8c,True,36228282274790228782,36.228282274790224,0x5f4eC3Df9cbd43714FE2740f5E3616155c5b8419,129127208515966876088,2578.33,1751976359,900,0x86392dC19c0b719886221c78AB11eb8Cf5c52812,36893488147419103668,0.999680145917574,1751911427,65832,93378.58995804476,
2025-07-09,2025-07-09T12:20:47.000000Z,22881592,0x318cae96fa1772f7061024438689a91c5c0859b6e3a665b6bc9d280bf48ed66a,19,mint_to_agent,0x0000000000000000000000000000000000000000,0x3e40d73eb977dc6a537af587d48316fee66e9c8c,True,36353662828088278382,36.35366282808828,0x5f4eC3Df9cbd43714FE2740f5E3616155c5b8419,129127208515966876126,2655.15661312,1752063419,228,0x86392dC19c0b719886221c78AB11eb8Cf5c52812,36893488147419103669,0.9995027281026105,1751997851,65796,96476.66926419827,
2025-07-10,2025-07-10T12:20:47.000000Z,22888743,0xe5608274e599c59f61d134b67674d6fafc54aad3698fc29ccff779a5b5d11693,19,mint_to_agent,0x0000000000000000000000000000000000000000,0x3e40d73eb977dc6a537af587d48316fee66e9c8c,True,38060323050561110134,38.06032305056111,0x5f4eC3Df9cbd43714FE2740f5E3616155c5b8419,129127208515966876163,2779.11,1752148703,1344,0x86392dC19c0b719886221c78AB11eb8Cf5c52812,36893488147419103670,0.9991762000987542,1752084275,65772,105686.6879269555,
2025-07-11,2025-07-11T12:20:59.000000Z,22895900,0x690ef7e4a21c3f94a3b9599d17b4ca68e2af6374ef09515e64abd0cdfdbbb8d6,19,mint_to_agent,0x0000000000000000000000000000000000000000,0x3e40d73eb977dc6a537af587d48316fee66e9c8c,True,39203581521500313052,39.20358152150032,0x5f4eC3Df9cbd43714FE2740f5E3616155c5b8419,129127208515966876223,2980.08,1752234371,2088,0x86392dC19c0b719886221c78AB11eb8Cf5c52812,36893488147419103671,0.9994930667997644,1752170699,65760,116770.58431152154,
2025-07-12,2025-07-12T12:20:47.000000Z,22903048,0xd7d85e1ba23e3d6454bdf4fe1b732005a9ccb9084d7d2b8c55c512aed896a34b,19,mint_to_agent,0x0000000000000000000000000000000000000000,0x3e40d73eb977dc6a537af587d48316fee66e9c8c,True,36558302642836769207,36.55830264283677,0x5f4eC3Df9cbd43714FE2740f5E3616155c5b8419,129127208515966876268,2964.5,1752321755,1092,0x86392dC19c0b719886221c78AB11eb8Cf5c52812,36893488147419103672,0.99945521,1752257111,65736,108318.04543081747,
2025-07-13,2025-07-13T12:20:47.000000Z,22910220,0xc13aff1c474774d8b094fdf7edc6ea0e408301fea417c092a1c65e25a2770a93,19,mint_to_agent,0x0000000000000000000000000000000000000000,0x3e40d73eb977dc6a537af587d48316fee66e9c8c,True,35426710496282055861,35.426710496282055,0x5f4eC3Df9cbd43714FE2740f5E3616155c5b8419,129127208515966876297,2961.89153863,1752408995,252,0x86392dC19c0b719886221c78AB11eb8Cf5c52812,36893488147419103673,0.9994495265050702,1752343523,65724,104872.31283584113,
2025-07-14,2025-07-14T12:20:11.000000Z,22917377,0x563848ac86e49759c6d4fe8456b1b5df0d13674aa2334561d69409d95a2a5568,99,mint_to_agent,0x0000000000000000000000000000000000000000,0x3e40d73eb977dc6a537af587d48316fee66e9c8c,True,37206863187257058248,37.206863187257056,0x5f4eC3Df9cbd43714FE2740f5E3616155c5b8419,129127208515966876344,3052.5757,1752494411,1200,0x86392dC19c0b719886221c78AB11eb8Cf5c52812,36893488147419103674,0.9997000000000003,1752429935,65676,113542.69340871388,
2025-07-15,2025-07-15T12:20:47.000000Z,22924544,0xf9bc712cb6dec36e398323a8e75689fa15aa04d991bbd7f1a1207e2ace1c1747,19,mint_to_agent,0x0000000000000000000000000000000000000000,0x3e40d73eb977dc6a537af587d48316fee66e9c8c,True,36820026562768537786,36.82002656276854,0x5f4eC3Df9cbd43714FE2740f5E3616155c5b8419,129127208515966876386,2980.34,1752580667,1380,0x86392dC19c0b719886221c78AB11eb8Cf5c52812,36893488147419103675,0.999569,1752516347,65700,109688.90166475822,
2025-07-16,2025-07-16T12:20:47.000000Z,22931715,0x20497c337bde8061f194e4c9321e97d0df94c178d37694049ff1941c3771bf48,19,mint_to_agent,0x0000000000000000000000000000000000000000,0x3e40d73eb977dc6a537af587d48316fee66e9c8c,True,37764775761499279059,37.76477576149927,0x5f4eC3Df9cbd43714FE2740f5E3616155c5b8419,129127208515966876432,3150.237253,1752667319,1128,0x86392dC19c0b719886221c78AB11eb8Cf5c52812,36893488147419103676,0.9991321482459997,1752602759,65688,118864.75686459805,
2025-07-17,2025-07-17T12:20:47.000000Z,22938884,0x3c5772780dd880b6cb5b19aa686e203a0ead3d6eefe883824dbc4d7eda53b5df,19,mint_to_agent,0x0000000000000000000000000000000000000000,0x3e40d73eb977dc6a537af587d48316fee66e9c8c,True,38842234882720149055,38.84223488272015,0x5f4eC3Df9cbd43714FE2740f5E3616155c5b8419,129127208515966876498,3433.6641596,1752754571,276,0x86392dC19c0b719886221c78AB11eb8Cf5c52812,36893488147419103677,0.9991415430351767,1752689183,65664,133256.6963687743,
2025-07-18,2025-07-18T12:20:59.000000Z,22946048,0x9e6758149bd1f130f54bc1dfa204edcf5c92f76306dfe500aaab56dad6a991d5,76,mint_to_agent,0x0000000000000000000000000000000000000000,0x3e40d73eb977dc6a537af587d48316fee66e9c8c,True,38260689709973873558,38.260689709973875,0x5f4eC3Df9cbd43714FE2740f5E3616155c5b8419,129127208515966876567,3607.33660973,1752841223,36,0x86392dC19c0b719886221c78AB11eb8Cf5c52812,36893488147419103678,0.9978121887102948,1752775607,65652,137717.22676944104,
2025-07-19,2025-07-19T12:20:59.000000Z,22953208,0x3f5d834ced46700e2f70f0cdbaf07fcb1a1418520af62d87f3d0820c23b3ad10,65,mint_to_agent,0x0000000000000000000000000000000000000000,0x3e40d73eb977dc6a537af587d48316fee66e9c8c,True,35983858497283712286,35.98385849728371,0x5f4eC3Df9cbd43714FE2740f5E3616155c5b8419,129127208515966876629,3543.12,1752927263,396,0x86392dC19c0b719886221c78AB11eb8Cf5c52812,36893488147419103679,0.9980545950454959,1752862031,65628,127247.099063811,
2025-07-20,2025-07-20T12:20:47.000000Z,22960367,0x7b8e52e44cd91941579b452625da8412dddb655dec6275d7b71625c8b0ced88e,19,mint_to_agent,0x0000000000000000000000000000000000000000,0x3e40d73eb977dc6a537af587d48316fee66e9c8c,True,35995757882661820356,35.99575788266182,0x5f4eC3Df9cbd43714FE2740f5E3616155c5b8419,129127208515966876668,3747.89663188,1753012079,1968,0x86392dC19c0b719886221c78AB11eb8Cf5c52812,36893488147419103680,0.9980227229238311,1752948455,65592,134641.6284837722,
2025-07-21,2025-07-21T12:20:47.000000Z,22967530,0x1114b5e3a8eac59123fc7d5d91dc37dcbae63feee6c31530bfba109d31228fc4,75,mint_to_agent,0x0000000000000000000000000000000000000000,0x3e40d73eb977dc6a537af587d48316fee66e9c8c,True,37770340237468809109,37.77034023746881,0x5f4eC3Df9cbd43714FE2740f5E3616155c5b8419,129127208515966876721,3818.03,1753099619,828,0x86392dC19c0b719886221c78AB11eb8Cf5c52812,36893488147419103681,0.9976196967926352,1753034867,65580,143865.03267656107,
2025-07-22,2025-07-22T12:20:47.000000Z,22974680,0x97202fb565393b6be26bbe5d48d355ebed3598b43bc92dc29216e964bdaf57ef,19,mint_to_agent,0x0000000000000000000000000000000000000000,0x3e40d73eb977dc6a537af587d48316fee66e9c8c,True,36901884008194822650,36.90188400819483,0x5f4eC3Df9cbd43714FE2740f5E3616155c5b8419,129127208515966876780,3700.54,1753186727,120,0x86392dC19c0b719886221c78AB11eb8Cf5c52812,36893488147419103682,0.99685985,1753121303,65544,136128.08870490888,
2025-07-23,2025-07-23T12:19:47.000000Z,22981829,0x486acbf49249053916274973e1728d17324801084790411f5ddf04ea8fc6d377,59,mint_to_agent,0x0000000000000000000000000000000000000000,0x3e40d73eb977dc6a537af587d48316fee66e9c8c,True,35701101958075646313,35.70110195807565,0x5f4eC3Df9cbd43714FE2740f5E3616155c5b8419,129127208515966876831,3673.061708,1753270379,2808,0x86392dC19c0b719886221c78AB11eb8Cf5c52812,36893488147419103683,0.9971659391341425,1753207739,65448,130760.7134727106,
2025-07-24,2025-07-24T12:20:59.000000Z,22988978,0xe1b462f426ee9623422b41a9a200ee58abf0e0af6372987d18e7966e85f3bb34,116,mint_to_agent,0x0000000000000000000000000000000000000000,0x3e40d73eb977dc6a537af587d48316fee66e9c8c,True,36387263907557947503,36.38726390755795,0x5f4eC3Df9cbd43714FE2740f5E3616155c5b8419,129127208515966876889,3636.26299684,1753359575,84,0x86392dC19c0b719886221c78AB11eb8Cf5c52812,36893488147419103684,0.997039986660385,1753294163,65496,131922.01110083357,
2025-07-25,2025-07-25T12:20:47.000000Z,22996123,0xbc26a5733eed266f4498e5159ed0410fcabceb5a459140451d61f3842065cc6e,19,mint_to_agent,0x0000000000000000000000000000000000000000,0x3e40d73eb977dc6a537af587d48316fee66e9c8c,True,35692423917488239887,35.69242391748824,0x5f4eC3Df9cbd43714FE2740f5E3616155c5b8419,129127208515966876951,3727.64811695,1753445447,600,0x86392dC19c0b719886221c78AB11eb8Cf5c52812,36893488147419103685,0.9987572772569382,1753380599,65448,132883.45403967908,
2025-07-26,2025-07-26T12:20:35.000000Z,23003284,0x9b88bb4bb0af7468556705e6d2bc3bcfff4afa28251bcf87e0828a921a7e19c8,19,mint_to_agent,0x0000000000000000000000000000000000000000,0x3e40d73eb977dc6a537af587d48316fee66e9c8c,True,34891735677794735857,34.891735677794735,0x5f4eC3Df9cbd43714FE2740f5E3616155c5b8419,129127208515966876993,3731.3083,1753531787,648,0x86392dC19c0b719886221c78AB11eb8Cf5c52812,36893488147419103686,0.99871114,1753467011,65424,130024.02390305238,
2025-07-27,2025-07-27T12:20:47.000000Z,23010442,0x3a1f1087923024c88c9602bf1dd4f9ae13c767342f220d4a09846228e8615a1c,19,mint_to_agent,0x0000000000000000000000000000000000000000,0x3e40d73eb977dc6a537af587d48316fee66e9c8c,True,34582303924642425077,34.582303924642424,0x5f4eC3Df9cbd43714FE2740f5E3616155c5b8419,129127208515966877026,3816.43664828,1753616327,2520,0x86392dC19c0b719886221c78AB11eb8Cf5c52812,36893488147419103687,0.9987282914111327,1753553423,65424,131813.33048985977,
2025-07-28,2025-07-28T12:20:59.000000Z,23017607,0x8d9a095fd3374569c30cdcaf127ee12ed934d7a2fb14df8244152a064071caae,19,mint_to_agent,0x0000000000000000000000000000000000000000,0x3e40d73eb977dc6a537af587d48316fee66e9c8c,True,34588793715794802871,34.58879371579481,0x5f4eC3Df9cbd43714FE2740f5E3616155c5b8419,129127208515966877060,3883.061511,1753704695,564,0x86392dC19c0b719886221c78AB11eb8Cf5c52812,36893488147419103688,0.9989405099130648,1753639835,65424,134168.113037951,
2025-07-29,2025-07-29T12:20:59.000000Z,23024759,0x789eb072d0a4b619e807bb0271a27e6b481ffd693c7f430512c5a804e94b2fbd,19,mint_to_agent,0x0000000000000000000000000000000000000000,0x3e40d73eb977dc6a537af587d48316fee66e9c8c,True,34729196145690167437,34.72919614569017,0x5f4eC3Df9cbd43714FE2740f5E3616155c5b8419,129127208515966877109,3845.112229,1753791467,192,0x86392dC19c0b719886221c78AB11eb8Cf5c52812,36893488147419103689,0.9988730005316984,1753726259,65400,133387.15993491755,
2025-07-30,2025-07-30T12:20:47.000000Z,23031903,0xe95f462af0df2c0529911c08e3d8ed2fd40e1b0a8c8bbdf723d18bf02ce7afe7,81,mint_to_agent,0x0000000000000000000000000000000000000000,0x3e40d73eb977dc6a537af587d48316fee66e9c8c,True,35992748798963276341,35.99274879896328,0x5f4eC3Df9cbd43714FE2740f5E3616155c5b8419,129127208515966877150,3758.542694,1753874759,3288,0x86392dC19c0b719886221c78AB11eb8Cf5c52812,36893488147419103690,0.9990951854162193,1753812695,65352,135157.87946233238,
2025-07-31,2025-07-31T12:20:47.000000Z,23039047,0x383e50088285b2d0c441c2b78b706059e7358ef0258c677dd56e26eacbcea98b,19,mint_to_agent,0x0000000000000000000000000000000000000000,0x3e40d73eb977dc6a537af587d48316fee66e9c8c,True,35334784245803561994,35.33478424580356,0x5f4eC3Df9cbd43714FE2740f5E3616155c5b8419,129127208515966877192,3833.14182803,1753964387,60,0x86392dC19c0b719886221c78AB11eb8Cf5c52812,36893488147419103691,0.9988417001259475,1753899107,65340,135286.35558977764,
2025-08-01,2025-08-01T12:20:59.000000Z,23046195,0x678ae382c26247c1963ca2a507e8106e22d25de749de35e8f9557f048c668e73,19,mint_to_agent,0x0000000000000000000000000000000000000000,0x3e40d73eb977dc6a537af587d48316fee66e9c8c,True,34822603472853025374,34.822603472853025,0x5f4eC3Df9cbd43714FE2740f5E3616155c5b8419,129127208515966877244,3654.68380458,1754050043,816,0x86392dC19c0b719886221c78AB11eb8Cf5c52812,36893488147419103692,0.9989528491959621,1753985519,65340,127132.33866500211,
2025-08-02,2025-08-02T12:21:11.000000Z,23053338,0xc5fe859f3c8d6dd02ebb137417510a9decd151d05f976c4dfa7f09ce96f419ce,48,mint_to_agent,0x0000000000000000000000000000000000000000,0x3e40d73eb977dc6a537af587d48316fee66e9c8c,True,34886148613703559872,34.88614861370356,0x5f4eC3Df9cbd43714FE2740f5E3616155c5b8419,129127208515966877301,3505.32,1754134091,3180,0x86392dC19c0b719886221c78AB11eb8Cf5c52812,36893488147419103693,0.9985862525315434,1754071931,65340,122114.23136009669,
2025-08-03,2025-08-03T12:20:47.000000Z,23060500,0x715cfcd2ad5b4142f80b6580775387650c1462170a27b4c7d57b46107fc8bd94,19,mint_to_agent,0x0000000000000000000000000000000000000000,0x3e40d73eb977dc6a537af587d48316fee66e9c8c,True,34416794609257760615,34.41679460925776,0x5f4eC3Df9cbd43714FE2740f5E3616155c5b8419,129127208515966877343,3484.7584,1754222339,1308,0x86392dC19c0b719886221c78AB11eb8Cf5c52812,36893488147419103694,0.998268666802497,1754158343,65304,119726.56802927078,
2025-08-04,2025-08-04T12:20:59.000000Z,23067664,0x7eb8ec9fb33f40a2fe40aacb281c9a2d86fa0cd21bab8d4e2f1a8a1ccdec9f12,19,mint_to_agent,0x0000000000000000000000000000000000000000,0x3e40d73eb977dc6a537af587d48316fee66e9c8c,True,33867703073121603274,33.8677030731216,0x5f4eC3Df9cbd43714FE2740f5E3616155c5b8419,129127208515966877371,3553.75,1754306735,3324,0x86392dC19c0b719886221c78AB11eb8Cf5c52812,36893488147419103695,0.99839535,1754244767,65292,120164.21837475558,
2025-08-05,2025-08-05T12:20:59.000000Z,23074827,0xdc2d6cec3cdd060a5599730a6dea19c8cb95fdc1f2b1eceef3b09f36ea8a97ea,19,mint_to_agent,0x0000000000000000000000000000000000000000,0x3e40d73eb977dc6a537af587d48316fee66e9c8c,True,34748837833753472668,34.74883783375347,0x5f4eC3Df9cbd43714FE2740f5E3616155c5b8419,129127208515966877411,3663.40430791,1754394731,1728,0x86392dC19c0b719886221c78AB11eb8Cf5c52812,36893488147419103696,0.9984869176102574,1754331167,65292,127106.42827603177,
2025-08-06,2025-08-06T12:20:59.000000Z,23081989,0x11514f0be124ac5ba16449cd4a6722e88c55879107ea53a379580b0cf8a136ad,79,mint_to_agent,0x0000000000000000000000000000000000000000,0x3e40d73eb977dc6a537af587d48316fee66e9c8c,True,34688102367264622112,34.68810236726462,0x5f4eC3Df9cbd43714FE2740f5E3616155c5b8419,129127208515966877455,3603.54528293,1754482403,456,0x86392dC19c0b719886221c78AB11eb8Cf5c52812,36893488147419103697,0.9986001403846977,1754417579,65280,124825.16500073425,
2025-08-07,2025-08-07T12:20:47.000000Z,23089147,0x171de8836ebdaf43dede0edb0549395559aa57e7c246283fd15a6cc80260b20a,19,mint_to_agent,0x0000000000000000000000000000000000000000,0x3e40d73eb977dc6a537af587d48316fee66e9c8c,True,34314330365997376230,34.31433036599738,0x5f4eC3Df9cbd43714FE2740f5E3616155c5b8419,129127208515966877493,3839.92,1754567495,1752,0x86392dC19c0b719886221c78AB11eb8Cf5c52812,36893488147419103698,0.99873009,1754503991,65256,131596.95467779323,
2025-08-08,2025-08-08T12:20:59.000000Z,23096307,0x85c398a6d55086b646415bda2a66a1aeb04fadf61a98accffc2cd92f7687ac03,19,mint_to_agent,0x0000000000000000000000000000000000000000,0x3e40d73eb977dc6a537af587d48316fee66e9c8c,True,34701072676063158589,34.701072676063156,0x5f4eC3Df9cbd43714FE2740f5E3616155c5b8419,129127208515966877529,3911.857468,1754652959,2700,0x86392dC19c0b719886221c78AB11eb8Cf5c52812,36893488147419103699,0.99862775,1754590403,65256,135559.37332685044,
2025-08-09,2025-08-09T12:21:11.000000Z,23103461,0x3e92807f063951a2cf280f9d3fcbedf49c7e4e88241a08fc40dfd9533fe8944e,37,mint_to_agent,0x0000000000000000000000000000000000000000,0x3e40d73eb977dc6a537af587d48316fee66e9c8c,True,35148915767296465770,35.148915767296465,0x5f4eC3Df9cbd43714FE2740f5E3616155c5b8419,129127208515966877569,4191.67,1754739623,2448,0x86392dC19c0b719886221c78AB11eb8Cf5c52812,36893488147419103700,0.9985,1754676839,65232,147111.65677067213,
2025-08-10,2025-08-10T12:20:47.000000Z,23110615,0x0e195c138f0487cb9c1cd9b3cfa10cafa2a6edecf7fc7ff0846966b01de1116b,39,mint_to_agent,0x0000000000000000000000000000000000000000,0x3e40d73eb977dc6a537af587d48316fee66e9c8c,True,34489649781523871804,34.48964978152387,0x5f4eC3Df9cbd43714FE2740f5E3616155c5b8419,129127208515966877618,4192.71,1754826959,1488,0x86392dC19c0b719886221c78AB11eb8Cf5c52812,36893488147419103701,0.998288713921327,1754763251,65196,144357.63884175275,
2025-08-11,2025-08-11T12:20:59.000000Z,23117771,0x6e415788a1cfb67c6bffd2988f9bf3fed16e4bfd1fb6b8d6468405abe6364752,110,mint_to_agent,0x0000000000000000000000000000000000000000,0x3e40d73eb977dc6a537af587d48316fee66e9c8c,True,35101920646896829626,35.10192064689683,0x5f4eC3Df9cbd43714FE2740f5E3616155c5b8419,129127208515966877653,4183.90163023,1754913011,1848,0x86392dC19c0b719886221c78AB11eb8Cf5c52812,36893488147419103702,0.9982100292302918,1754849663,65196,146600.10257199997,
2025-08-12,2025-08-12T12:20:47.000000Z,23124927,0xb4dcd1c985a3bcf222c3612a39198e29adf251800f6d7161ffea974ff62d39d0,19,mint_to_agent,0x0000000000000000000000000000000000000000,0x3e40d73eb977dc6a537af587d48316fee66e9c8c,True,34794052889535070567,34.79405288953507,0x5f4eC3Df9cbd43714FE2740f5E3616155c5b8419,129127208515966877701,4293.65,1754999963,1284,0x86392dC19c0b719886221c78AB11eb8Cf5c52812,36893488147419103703,0.997973735296044,1754936075,65172,149090.7744431125,
2025-08-13,2025-08-13T12:20:59.000000Z,23132092,0x35899ef1150ad7faea9648a6a40e928c85dd6f449fd74a86cb8d683974acc6ab,19,mint_to_agent,0x0000000000000000000000000000000000000000,0x3e40d73eb977dc6a537af587d48316fee66e9c8c,True,36807126841444163419,36.807126841444166,0x5f4eC3Df9cbd43714FE2740f5E3616155c5b8419,129127208515966877747,4683.42,1755087239,420,0x86392dC19c0b719886221c78AB11eb8Cf5c52812,36893488147419103704,0.9984540219957823,1755022487,65172,172116.73330370928,
2025-08-14,2025-08-14T12:20:47.000000Z,23139248,0x8501f7c3ebb3a44d4fc379f38e11ef2ed7370a39fb1479cef4be51ecd12c9faf,73,mint_to_agent,0x0000000000000000000000000000000000000000,0x3e40d73eb977dc6a537af587d48316fee66e9c8c,True,35961289219805746874,35.96128921980574,0x5f4eC3Df9cbd43714FE2740f5E3616155c5b8419,129127208515966877796,4723.6699784,1755173807,240,0x86392dC19c0b719886221c78AB11eb8Cf5c52812,36893488147419103705,0.9978825278552408,1755108899,65148,169509.56884104386,
2025-08-15,2025-08-15T12:20:59.000000Z,23146398,0x04bc06511d24c95d1d2baebcaf0a40e5283822d51d051a5ee86ece4669ffafce,19,mint_to_agent,0x0000000000000000000000000000000000000000,0x3e40d73eb977dc6a537af587d48316fee66e9c8c,True,39930669964514647240,39.93066996451465,0x5f4eC3Df9cbd43714FE2740f5E3616155c5b8419,129127208515966877870,4638.62,1755260339,120,0x86392dC19c0b719886221c78AB11eb8Cf5c52812,36893488147419103706,0.997558656885392,1755195311,65148,184771.01091628714,
2025-08-16,2025-08-16T12:20:59.000000Z,23153563,0x9dc7e326eb5243505f6f25e7174709aea05ffa8887e52e12fdfc0def13a08e8f,19,mint_to_agent,0x0000000000000000000000000000000000000000,0x3e40d73eb977dc6a537af587d48316fee66e9c8c,True,35161357543416657624,35.161357543416656,0x5f4eC3Df9cbd43714FE2740f5E3616155c5b8419,129127208515966877923,4386.73,1755345707,1152,0x86392dC19c0b719886221c78AB11eb8Cf5c52812,36893488147419103707,0.9975398781757943,1755281723,65136,153863.9244661926,
2025-08-17,2025-08-17T12:20:59.000000Z,23160743,0x9f38b8c4d45d452f33d292841cc1fb5e232beb303e797836cb449d1ad5b90c3a,19,mint_to_agent,0x0000000000000000000000000000000000000000,0x3e40d73eb977dc6a537af587d48316fee66e9c8c,True,33903080154022787371,33.90308015402279,0x5f4eC3Df9cbd43714FE2740f5E3616155c5b8419,129127208515966877952,4550.93,1755430595,2664,0x86392dC19c0b719886221c78AB11eb8Cf5c52812,36893488147419103708,0.9978939845223226,1755368147,65112,153965.60629043303,
2025-08-18,2025-08-18T12:20:47.000000Z,23167907,0x1f7b43e4425d9468e62292386134cb6cbb4915b1f393d3fd3ba2f151ef5272ac,55,mint_to_agent,0x0000000000000000000000000000000000000000,0x3e40d73eb977dc6a537af587d48316fee66e9c8c,True,34731984160092843509,34.73198416009284,0x5f4eC3Df9cbd43714FE2740f5E3616155c5b8419,129127208515966878002,4301.8349,1755519011,636,0x86392dC19c0b719886221c78AB11eb8Cf5c52812,36893488147419103709,0.99797719,1755454559,65088,149109.03101204504,
2025-08-19,2025-08-19T12:20:47.000000Z,23175081,0xbb3a75e3982ed6ee231915da4635da4e6dae4d9075f5f936f5a43c49097ba930,76,mint_to_agent,0x0000000000000000000000000000000000000000,0x3e40d73eb977dc6a537af587d48316fee66e9c8c,True,34578040697864955170,34.57804069786496,0x5f4eC3Df9cbd43714FE2740f5E3616155c5b8419,129127208515966878059,4310.383415,1755603047,3000,0x86392dC19c0b719886221c78AB11eb8Cf5c52812,36893488147419103710,0.9976663902879097,1755540971,65076,148696.80119049695,
2025-08-20,2025-08-20T12:20:59.000000Z,23182253,0xcb28c0a2b51e52c6d0fdc80b3acee1e4bd267780320cf9272f31cb3581afa930,94,mint_to_agent,0x0000000000000000000000000000000000000000,0x3e40d73eb977dc6a537af587d48316fee66e9c8c,True,34060733517851844431,34.060733517851844,0x5f4eC3Df9cbd43714FE2740f5E3616155c5b8419,129127208515966878118,4207.73708736,1755691295,1164,0x86392dC19c0b719886221c78AB11eb8Cf5c52812,36893488147419103711,0.9978175406521782,1755627383,65076,143005.82460204794,
2025-08-21,2025-08-21T12:21:59.000000Z,23189425,0x35ddd73154bc298ade9419043a235b7a034145ce307be7cb3c7ce290e468d3a9,69,mint_to_agent,0x0000000000000000000000000000000000000000,0x3e40d73eb977dc6a537af587d48316fee66e9c8c,True,34559032173258845836,34.55903217325885,0x5f4eC3Df9cbd43714FE2740f5E3616155c5b8419,129127208515966878174,4253.56281386,1755778763,156,0x86392dC19c0b719886221c78AB11eb8Cf5c52812,36893488147419103712,0.9973216065913288,1755713807,65112,146605.29294462438,
2025-08-22,2025-08-22T12:21:11.000000Z,23196581,0x4bf21438e5e422e9eeab814d99917b667f1d456f8e4237eaccf63a90524596a1,55,mint_to_agent,0x0000000000000000000000000000000000000000,0x3e40d73eb977dc6a537af587d48316fee66e9c8c,True,34130509326611148898,34.13050932661115,0x5f4eC3Df9cbd43714FE2740f5E3616155c5b8419,129127208515966878222,4232.64,1755865103,168,0x86392dC19c0b719886221c78AB11eb8Cf5c52812,36893488147419103713,0.9976058263035521,1755800231,65040,144116.29149498668,
2025-08-23,2025-08-23T12:21:11.000000Z,23203749,0x7dba3811362eae8e9bc774ca53d4040470cc72c7ba7063ea8ac2686e8c98d6f8,26,mint_to_agent,0x0000000000000000000000000000000000000000,0x3e40d73eb977dc6a537af587d48316fee66e9c8c,True,35969416455412185084,35.96941645541218,0x5f4eC3Df9cbd43714FE2740f5E3616155c5b8419,129127208515966878299,4724.1005,1755951563,108,0x86392dC19c0b719886221c78AB11eb8Cf5c52812,36893488147419103714,0.9969692928567289,1755886643,65028,169408.15099278407,
2025-08-24,2025-08-24T12:20:59.000000Z,23210913,0xf15cdef2d7209bd3f76260e977e44d878a2ee2568b10f1f407a6844a88fe8604,75,mint_to_agent,0x0000000000000000000000000000000000000000,0x3e40d73eb977dc6a537af587d48316fee66e9c8c,True,33595918139032742638,33.59591813903275,0x5f4eC3Df9cbd43714FE2740f5E3616155c5b8419,129127208515966878326,4738.16,1756035047,3012,0x86392dC19c0b719886221c78AB11eb8Cf5c52812,36893488147419103715,0.9976334889253551,1755973055,65004,158806.1275465598,
2025-08-25,2025-08-25T12:21:23.000000Z,23218088,0xaf232e76f5b7ea645d285e1ed131667adaa4da76a5aaa8ce9a732bf3e4592843,19,mint_to_agent,0x0000000000000000000000000000000000000000,0x3e40d73eb977dc6a537af587d48316fee66e9c8c,True,34833814637686534111,34.83381463768654,0x5f4eC3Df9cbd43714FE2740f5E3616155c5b8419,129127208515966878391,4593.46620381,1756121927,2556,0x86392dC19c0b719886221c78AB11eb8Cf5c52812,36893488147419103716,0.9974236813718265,1756059491,64992,159595.71882501236,
2025-08-26,2025-08-26T12:24:23.000000Z,23225267,0x315c668d05272c39eceb0d35707e2de38f89d53cffca4fa57ece09701cef53b5,19,mint_to_agent,0x0000000000000000000000000000000000000000,0x3e40d73eb977dc6a537af587d48316fee66e9c8c,True,35923866095440183213,35.92386609544018,0x5f4eC3Df9cbd43714FE2740f5E3616155c5b8419,129127208515966878455,4413.40986394,1756210811,252,0x86392dC19c0b719886221c78AB11eb8Cf5c52812,36893488147419103717,0.9972740278759336,1756145915,65148,158114.5509693081,
2025-08-27,2025-08-27T12:23:11.000000Z,23232432,0x1dcd87197e23371be765018c208a5937da4d73d97f97d5d66261f17101a0177d,19,mint_to_agent,0x0000000000000000000000000000000000000000,0x3e40d73eb977dc6a537af587d48316fee66e9c8c,True,33674024582675772798,33.67402458267577,0x5f4eC3Df9cbd43714FE2740f5E3616155c5b8419,129127208515966878508,4600.51,1756296647,744,0x86392dC19c0b719886221c78AB11eb8Cf5c52812,36893488147419103718,0.9970118707666412,1756232327,65064,154454.7727640562,
2025-08-28,2025-08-28T12:21:59.000000Z,23239582,0xddb0ac06e3a32f66e9d73ff8a741851a883e8c655ee9fcfad715004b95db5569,19,mint_to_agent,0x0000000000000000000000000000000000000000,0x3e40d73eb977dc6a537af587d48316fee66e9c8c,True,34300193572306903124,34.3001935723069,0x5f4eC3Df9cbd43714FE2740f5E3616155c5b8419,129127208515966878548,4597.47,1756381067,2652,0x86392dC19c0b719886221c78AB11eb8Cf5c52812,36893488147419103719,0.9981373188458313,1756318739,64980,157400.37709429715,
2025-08-29,2025-08-29T12:21:59.000000Z,23246749,0x32cd1a079fdfcec46ee7ff0b43e359c9a8b872cca206ffecb13ffa8c1bc79d36,19,mint_to_agent,0x0000000000000000000000000000000000000000,0x3e40d73eb977dc6a537af587d48316fee66e9c8c,True,33771223496228218270,33.77122349622822,0x5f4eC3Df9cbd43714FE2740f5E3616155c5b8419,129127208515966878588,4367.37,1756469615,504,0x86392dC19c0b719886221c78AB11eb8Cf5c52812,36893488147419103720,0.9978863552221208,1756405151,64968,147179.68387338563,
2025-08-30,2025-08-30T12:22:11.000000Z,23253923,0xecc8f1ed6ce9026cbeba6e365837e87877f7aafa816cf9592186603b207c2935,23,mint_to_agent,0x0000000000000000000000000000000000000000,0x3e40d73eb977dc6a537af587d48316fee66e9c8c,True,34022683484522806632,34.02268348452281,0x5f4eC3Df9cbd43714FE2740f5E3616155c5b8419,129127208515966878637,4389.14,1756555367,1164,0x86392dC19c0b719886221c78AB11eb8Cf5c52812,36893488147419103721,0.9971580381384874,1756491575,64956,148905.92991223955,
2025-08-31,2025-08-31T12:22:11.000000Z,23261098,0xd2e8a6a75312e998ff6368562af4226c2a642870c6e0deb22dfbb378a8d4ee40,23,mint_to_agent,0x0000000000000000000000000000000000000000,0x3e40d73eb977dc6a537af587d48316fee66e9c8c,True,33050706589786897167,33.0507065897869,0x5f4eC3Df9cbd43714FE2740f5E3616155c5b8419,129127208515966878665,4477.9704,1756641107,1824,0x86392dC19c0b719886221c78AB11eb8Cf5c52812,36893488147419103722,0.9972018941690212,1756577999,64932,147585.96590506553,
2025-09-01,2025-09-01T12:22:11.000000Z,23268254,0xebbfbbf14a6b51714c7ee29f4e788eb7c6394d834b1e253df34e82a084874c74,64,mint_to_agent,0x0000000000000000000000000000000000000000,0x3e40d73eb977dc6a537af587d48316fee66e9c8c,True,33342200013647969500,33.34220001364797,0x5f4eC3Df9cbd43714FE2740f5E3616155c5b8419,129127208515966878698,4393.832675,1756726703,2628,0x86392dC19c0b719886221c78AB11eb8Cf5c52812,36893488147419103723,0.9975505930564437,1756664423,64908,146141.2096418522,
2025-09-02,2025-09-02T12:23:59.000000Z,23275396,0xa69f9799a6409a56d9098e04b33335c57953945583ad257492328469bdbf7506,19,mint_to_agent,0x0000000000000000000000000000000000000000,0x3e40d73eb977dc6a537af587d48316fee66e9c8c,True,35360261948760069624,35.36026194876007,0x5f4eC3Df9cbd43714FE2740f5E3616155c5b8419,129127208515966878736,4330.18749886,1756814783,1056,0x86392dC19c0b719886221c78AB11eb8Cf5c52812,36893488147419103724,0.9978068779881375,1756750859,64980,152780.7609395051,
2025-09-03,2025-09-03T12:22:11.000000Z,23282555,0x6227f02b3bde1f3f73db66e5d43c6d5e0b76bf586443d7ac9377eaa1f7bd278c,19,mint_to_agent,0x0000000000000000000000000000000000000000,0x3e40d73eb977dc6a537af587d48316fee66e9c8c,True,33933452693152158972,33.933452693152155,0x5f4eC3Df9cbd43714FE2740f5E3616155c5b8419,129127208515966878780,4374.90905348,1756901015,1116,0x86392dC19c0b719886221c78AB11eb8Cf5c52812,36893488147419103725,0.9977748639798082,1756837283,64848,148125.4351232025,
2025-09-04,2025-09-04T12:23:47.000000Z,23289724,0x6345d5d281094a6f02e507d33646312edb3517f9c43a5e9251faacfe45286d28,23,mint_to_agent,0x0000000000000000000000000000000000000000,0x3e40d73eb977dc6a537af587d48316fee66e9c8c,True,33278764109418081105,33.278764109418084,0x5f4eC3Df9cbd43714FE2740f5E3616155c5b8419,129127208515966878816,4411.82323444,1756988579,48,0x86392dC19c0b719886221c78AB11eb8Cf5c52812,36893488147419103726,0.9977795782850944,1756923695,64932,146494.02234032657,
2025-09-05,2025-09-05T12:24:47.000000Z,23296889,0x33b5e9df82fcc246bcbb26b26d51c5046198ed8af4ef14feea5e80c02f89d4f6,19,mint_to_agent,0x0000000000000000000000000000000000000000,0x3e40d73eb977dc6a537af587d48316fee66e9c8c,True,33778431129275527794,33.778431129275525,0x5f4eC3Df9cbd43714FE2740f5E3616155c5b8419,129127208515966878854,4429.70434771,1757074751,336,0x86392dC19c0b719886221c78AB11eb8Cf5c52812,36893488147419103727,0.9983883254025253,1757010131,64956,149387.3108389241,
2025-09-06,2025-09-06T12:21:11.000000Z,23304023,0xc6a84802fe6a3671111b20dd5d0286cfae923acfa8194e33b33fcc5efc4c7281,19,mint_to_agent,0x0000000000000000000000000000000000000000,0x3e40d73eb977dc6a537af587d48316fee66e9c8c,True,33205908285573580380,33.20590828557358,0x5f4eC3Df9cbd43714FE2740f5E3616155c5b8419,129127208515966878892,4298.106917,1757160119,1152,0x86392dC19c0b719886221c78AB11eb8Cf5c52812,36893488147419103728,0.99795984,1757096543,64728,142431.36726194588,
2025-09-07,2025-09-07T12:22:11.000000Z,23311187,0x34d4c185e2cee20eff967ada415ec82c19923178d4041237b13f2894a46c809f,19,mint_to_agent,0x0000000000000000000000000000000000000000,0x3e40d73eb977dc6a537af587d48316fee66e9c8c,True,32934200589953733473,32.93420058995373,0x5f4eC3Df9cbd43714FE2740f5E3616155c5b8419,129127208515966878920,4310.110164,1757246543,1188,0x86392dC19c0b719886221c78AB11eb8Cf5c52812,36893488147419103729,0.99831459,1757182967,64764,141710.7887013514,
2025-09-08,2025-09-08T12:23:11.000000Z,23318349,0x7328cfda71358d065fda901f5ea27d1132b63a8dd13ac1cc62ee6fd0041758ba,19,mint_to_agent,0x0000000000000000000000000000000000000000,0x3e40d73eb977dc6a537af587d48316fee66e9c8c,True,32746992524905286784,32.74699252490529,0x5f4eC3Df9cbd43714FE2740f5E3616155c5b8419,129127208515966878946,4313.51598786,1757333879,312,0x86392dC19c0b719886221c78AB11eb8Cf5c52812,36893488147419103730,0.9984985378613385,1757269379,64812,141042.58726287246,
2025-09-09,2025-09-09T12:22:23.000000Z,23325509,0x4984a002a4f4aabe5d08948679339280084262c070c3ddb2e62a8f80b7d4e301,19,mint_to_agent,0x0000000000000000000000000000000000000000,0x3e40d73eb977dc6a537af587d48316fee66e9c8c,True,33089110145356160491,33.08911014535616,0x5f4eC3Df9cbd43714FE2740f5E3616155c5b8419,129127208515966878977,4363.46231146,1757420219,324,0x86392dC19c0b719886221c78AB11eb8Cf5c52812,36893488147419103731,0.9983604923440671,1757355803,64740,144146.36786570164,
2025-09-10,2025-09-10T12:22:11.000000Z,23332654,0x84d0a2a32d90bde6fa9ed78f637b148e7f308bc545debb78a86afc8d8eda9296,53,mint_to_agent,0x0000000000000000000000000000000000000000,0x3e40d73eb977dc6a537af587d48316fee66e9c8c,True,32639085660201987522,32.639085660201985,0x5f4eC3Df9cbd43714FE2740f5E3616155c5b8419,129127208515966879003,4331.21319292,1757505695,1236,0x86392dC19c0b719886221c78AB11eb8Cf5c52812,36893488147419103732,0.99844306,1757442275,64656,141146.73873090895,
2025-09-11,2025-09-11T12:23:11.000000Z,23339794,0x52af7e0169738d0e18935b8e543d0e53a2f0c85afeacfab5b78005c92f3a01e8,19,mint_to_agent,0x0000000000000000000000000000000000000000,0x3e40d73eb977dc6a537af587d48316fee66e9c8c,True,32780340073543081076,32.78034007354308,0x5f4eC3Df9cbd43714FE2740f5E3616155c5b8419,129127208515966879039,4453.3057,1757592779,612,0x86392dC19c0b719886221c78AB11eb8Cf5c52812,36893488147419103733,0.9982098618925478,1757528711,64680,145719.54936961865,
2025-09-12,2025-09-12T12:22:35.000000Z,23346956,0x5b4de31d9cc13a4ed2969f18043716fe6be5f2380d4604c0d48f84811923e485,19,mint_to_agent,0x0000000000000000000000000000000000000000,0x3e40d73eb977dc6a537af587d48316fee66e9c8c,True,33323282175412012803,33.32328217541201,0x5f4eC3Df9cbd43714FE2740f5E3616155c5b8419,129127208515966879075,4517.90758216,1757678519,1236,0x86392dC19c0b719886221c78AB11eb8Cf5c52812,36893488147419103734,0.9982594,1757615147,64608,150289.45924583278,
2025-09-13,2025-09-13T12:24:23.000000Z,23354128,0x9fd1701f28fed6a4f8eed68ab106c668daf270deb0d500ad78670f51d9c0d9ba,19,mint_to_agent,0x0000000000000000000000000000000000000000,0x3e40d73eb977dc6a537af587d48316fee66e9c8c,True,33340831505979808144,33.34083150597981,0x5f4eC3Df9cbd43714FE2740f5E3616155c5b8419,129127208515966879108,4720.459615,1757764907,1356,0x86392dC19c0b719886221c78AB11eb8Cf5c52812,36893488147419103735,0.99835861,1757701571,64692,157125.7200508763,
2025-09-14,2025-09-14T12:23:11.000000Z,23361293,0x7f7c988ee13f668500c563a0fbf1619659f7002abaf7c19d76f6e6a429b239d8,23,mint_to_agent,0x0000000000000000000000000000000000000000,0x3e40d73eb977dc6a537af587d48316fee66e9c8c,True,32835003098209276534,32.83500309820928,0x5f4eC3Df9cbd43714FE2740f5E3616155c5b8419,129127208515966879137,4641.593746,1757849219,3372,0x86392dC19c0b719886221c78AB11eb8Cf5c52812,36893488147419103736,0.9979473361502674,1757787983,64608,152093.9052145592,
2025-09-15,2025-09-15T12:20:35.000000Z,23368440,0x3ff9c7d85bd5ad511fd3f1e69a756202d86accbdab639e2f9d0a0a976bacf8b1,49,mint_to_agent,0x0000000000000000000000000000000000000000,0x3e40d73eb977dc6a537af587d48316fee66e9c8c,True,32772916201177069412,32.77291620117707,0x5f4eC3Df9cbd43714FE2740f5E3616155c5b8419,129127208515966879169,4531.31,1757937395,1440,0x86392dC19c0b719886221c78AB11eb8Cf5c52812,36893488147419103737,0.998122962115167,1757874407,64428,148225.49482155225,
2025-09-16,2025-09-16T12:21:59.000000Z,23375594,0x33a94b6fb0a1cb55157069141a56863f33a981c7a2cdcea4fdde002db586bfb4,27,mint_to_agent,0x0000000000000000000000000000000000000000,0x3e40d73eb977dc6a537af587d48316fee66e9c8c,True,33043474524430431879,33.04347452443043,0x5f4eC3Df9cbd43714FE2740f5E3616155c5b8419,129127208515966879199,4502.355083,1758024119,1200,0x86392dC19c0b719886221c78AB11eb8Cf5c52812,36893488147419103738,0.9986213671774786,1757960891,64428,148568.35151619877,
2025-09-17,2025-09-17T12:22:11.000000Z,23382772,0xbee55c1b62eea0d629410fcf2728c793d350a017a6bbe1aede49e62c6b82af2e,19,mint_to_agent,0x0000000000000000000000000000000000000000,0x3e40d73eb977dc6a537af587d48316fee66e9c8c,True,32649088129183564614,32.64908812918356,0x5f4eC3Df9cbd43714FE2740f5E3616155c5b8419,129127208515966879231,4492.8225,1758109091,2640,0x86392dC19c0b719886221c78AB11eb8Cf5c52812,36893488147419103739,0.9986343614423018,1758047303,64428,146486.23693211764,
2025-09-18,2025-09-18T12:21:59.000000Z,23389931,0xa3517834d86c9ea0212c783223b88a4855a5f0e48c3f35dfcd572283cfb447d1,19,mint_to_agent,0x0000000000000000000000000000000000000000,0x3e40d73eb977dc6a537af587d48316fee66e9c8c,True,33632912598289109642,33.63291259828911,0x5f4eC3Df9cbd43714FE2740f5E3616155c5b8419,129127208515966879273,4580.15,1758195503,2616,0x86392dC19c0b719886221c78AB11eb8Cf5c52812,36893488147419103740,0.9988351832188016,1758133739,64380,153864.35185166931,
2025-09-19,2025-09-19T12:22:11.000000Z,23397095,0x3176fdc045c5ee4ea49ed020b370b51f62f1cc33f2d1ea1dd293fd43adc37f06,19,mint_to_agent,0x0000000000000000000000000000000000000000,0x3e40d73eb977dc6a537af587d48316fee66e9c8c,True,32839551299693915571,32.839551299693916,0x5f4eC3Df9cbd43714FE2740f5E3616155c5b8419,129127208515966879303,4516.3,1758283319,1212,0x86392dC19c0b719886221c78AB11eb8Cf5c52812,36893488147419103741,0.9987449535070861,1758220151,64380,148127.12549104556,
2025-09-20,2025-09-20T12:23:11.000000Z,23404252,0x846e5724739e6b9d1c4ea317597ded08fd1bc7d7839f725a9693d7f60063451c,19,mint_to_agent,0x0000000000000000000000000000000000000000,0x3e40d73eb977dc6a537af587d48316fee66e9c8c,True,32311966900441527812,32.311966900441526,0x5f4eC3Df9cbd43714FE2740f5E3616155c5b8419,129127208515966879329,4471.56917977,1758369719,1272,0x86392dC19c0b719886221c78AB11eb8Cf5c52812,36893488147419103742,0.99888558,1758306563,64428,144324.17813838331,
2025-09-21,2025-09-21T12:22:11.000000Z,23411393,0xacdd04357c6d17cc7d9ba2b37e7c2b4193a0fa1d0f8c5793092d65138664d131,28,mint_to_agent,0x0000000000000000000000000000000000000000,0x3e40d73eb977dc6a537af587d48316fee66e9c8c,True,32045596993236226613,32.045596993236224,0x5f4eC3Df9cbd43714FE2740f5E3616155c5b8419,129127208515966879355,4466.40052,1758456515,816,0x86392dC19c0b719886221c78AB11eb8Cf5c52812,36893488147419103743,0.9987955506130878,1758392975,64356,142956.08007506558,
2025-09-22,2025-09-22T12:24:47.000000Z,23418549,0x6486bf4f0be77f0cb367ff3a6d313f354d9bc1b796da58f691fd7a8ee8e2a4b1,21,mint_to_agent,0x0000000000000000000000000000000000000000,0x3e40d73eb977dc6a537af587d48316fee66e9c8c,True,32813279961699153506,32.81327996169915,0x5f4eC3Df9cbd43714FE2740f5E3616155c5b8419,129127208515966879394,4178.8029,1758543167,720,0x86392dC19c0b719886221c78AB11eb8Cf5c52812,36893488147419103744,0.99882229,1758479387,64500,136958.74159702004,
2025-09-23,2025-09-23T12:23:23.000000Z,23425705,0xf228f08ef4beeafd5d8e0b44a850bc1328f12120ff6bb8dda8829e6823a001fa,19,mint_to_agent,0x0000000000000000000000000000000000000000,0x3e40d73eb977dc6a537af587d48316fee66e9c8c,True,33339378818484078792,33.33937881848408,0x5f4eC3Df9cbd43714FE2740f5E3616155c5b8419,129127208515966879427,4193.69,1758628271,1932,0x86392dC19c0b719886221c78AB11eb8Cf5c52812,36893488147419103745,0.9990632275883222,1758565799,64404,139684.04470422902,
2025-09-24,2025-09-24T12:18:47.000000Z,23432849,0x279756fbd9752cd2f0b210d13cbbeaae88ade9e1cdbe284b0a7b90d8885ec499,19,mint_to_agent,0x0000000000000000000000000000000000000000,0x3e40d73eb977dc6a537af587d48316fee66e9c8c,True,33339723285903358281,33.33972328590336,0x5f4eC3Df9cbd43714FE2740f5E3616155c5b8419,129127208515966879463,4183.17,1758715307,1020,0x86392dC19c0b719886221c78AB11eb8Cf5c52812,36893488147419103746,0.9993095544454292,1758652235,64092,139369.43676442083,
2025-09-25,2025-09-25T12:21:59.000000Z,23440021,0xcc38360eecf44a9c9d5a0a818e6b0aaa110a31883fe91e3c10f61c84c56333f1,19,mint_to_agent,0x0000000000000000000000000000000000000000,0x3e40d73eb977dc6a537af587d48316fee66e9c8c,True,32284935619215912328,32.284935619215915,0x5f4eC3Df9cbd43714FE2740f5E3616155c5b8419,129127208515966879507,4001.47798414,1758801191,1728,0x86392dC19c0b719886221c78AB11eb8Cf5c52812,36893488147419103747,0.9991591258093163,1758738647,64272,129078.82869955286,
2025-09-26,2025-09-26T12:22:11.000000Z,23447158,0x3b69f042a20ed943a8c7bb5d8b5b7a925170c1a0bfbd00831a17fc12b9567870,26,mint_to_agent,0x0000000000000000000000000000000000000000,0x3e40d73eb977dc6a537af587d48316fee66e9c8c,True,32636536917669507082,32.63653691766951,0x5f4eC3Df9cbd43714FE2740f5E3616155c5b8419,129127208515966879575,3883.402,1758888791,540,0x86392dC19c0b719886221c78AB11eb8Cf5c52812,36893488147419103748,0.99871171,1758825047,64284,126577.5138432737,
2025-09-27,2025-09-27T17:14:11.000000Z,23455760,0xcbff8935f6b2b92d6f4352da12fffebf243d0acde6b9e1dcfe17670a44067706,19,mint_to_agent,0x0000000000000000000000000000000000000000,0x3e40d73eb977dc6a537af587d48316fee66e9c8c,True,31965920400242868059,31.96592040024287,0x5f4eC3Df9cbd43714FE2740f5E3616155c5b8419,129127208515966879616,3994.12183358,1758992567,684,0x86392dC19c0b719886221c78AB11eb8Cf5c52812,36893488147419103749,0.9991743374121138,1758911471,81780,127570.36348566887,
2025-09-28,2025-09-28T12:22:23.000000Z,23461465,0x5bebf5d026bfecd3c8324aba663aef687f6c0e2dc006e4691fee245e4784c474,19,mint_to_agent,0x0000000000000000000000000000000000000000,0x3e40d73eb977dc6a537af587d48316fee66e9c8c,True,32141981605950709987,32.14198160595071,0x5f4eC3Df9cbd43714FE2740f5E3616155c5b8419,129127208515966879635,3993.06747812,1759060979,1164,0x86392dC19c0b719886221c78AB11eb8Cf5c52812,36893488147419103750,0.9995484523757571,1758997895,64248,128287.14750741771,
2025-09-29,2025-09-29T12:23:35.000000Z,23468624,0x034a9668158bb36adf8beabc5ba9ac4fc2550b84a1caf682bd4550543eaa12f5,19,mint_to_agent,0x0000000000000000000000000000000000000000,0x3e40d73eb977dc6a537af587d48316fee66e9c8c,True,32054464793416693834,32.0544647934167,0x5f4eC3Df9cbd43714FE2740f5E3616155c5b8419,129127208515966879667,4112.23,1759148111,504,0x86392dC19c0b719886221c78AB11eb8Cf5c52812,36893488147419103751,0.9997393306233494,1759084307,64308,131780.97153706974,
2025-09-30,2025-09-30T12:21:59.000000Z,23475775,0xdeaff9a871918a47116dba9f683099cba89bcf9f16f36b10dbffc1b33f167ca0,26,mint_to_agent,0x0000000000000000000000000000000000000000,0x3e40d73eb977dc6a537af587d48316fee66e9c8c,True,32706353134102056700,32.70635313410206,0x5f4eC3Df9cbd43714FE2740f5E3616155c5b8419,129127208515966879697,4166.66,1759232855,2064,0x86392dC19c0b719886221c78AB11eb8Cf5c52812,36893488147419103752,0.9999388909929117,1759170731,64188,136267.92564320576,
2025-10-01,2025-10-01T12:23:35.000000Z,23482927,0x3c1efbf043b3f1290a37214d1bc6c55d6a80938863a9bcba39daff7578893b7b,19,mint_to_agent,0x0000000000000000000000000000000000000000,0x3e40d73eb977dc6a537af587d48316fee66e9c8c,True,32177130331242284615,32.17713033124228,0x5f4eC3Df9cbd43714FE2740f5E3616155c5b8419,129127208515966879735,4302.817715,1759318415,3000,0x86392dC19c0b719886221c78AB11eb8Cf5c52812,36893488147419103753,0.99975755,1759257143,64272,138418.7586405957,
2025-10-02,2025-10-02T12:23:11.000000Z,23490073,0x567050fdbb72066c8ba39fa645cc7dbd49962ff49b58d3f4f6e74f7b3f36586e,31,mint_to_agent,0x0000000000000000000000000000000000000000,0x3e40d73eb977dc6a537af587d48316fee66e9c8c,True,32367026891935519530,32.36702689193552,0x5f4eC3Df9cbd43714FE2740f5E3616155c5b8419,129127208515966879767,4384.70093,1759406519,1272,0x86392dC19c0b719886221c78AB11eb8Cf5c52812,36893488147419103754,0.9993911833639643,1759343567,64224,141833.32982002464,
2025-10-03,2025-10-03T12:22:59.000000Z,23497226,0x1b95cced5ae97b134bf4d4b5e0c606dd3fdec4317af99b1418d37a2045a53c9b,19,mint_to_agent,0x0000000000000000000000000000000000000000,0x3e40d73eb977dc6a537af587d48316fee66e9c8c,True,32305574595576042320,32.30557459557604,0x5f4eC3Df9cbd43714FE2740f5E3616155c5b8419,129127208515966879803,4481.512578,1759492739,1440,0x86392dC19c0b719886221c78AB11eb8Cf5c52812,36893488147419103755,0.9995387821768325,1759429979,64200,144711.06476989572,
2025-10-04,2025-10-04T12:22:11.000000Z,23504385,0x78eccf3c653059b4eec59ecc92dca19d746d02bc923712f91f4d30bcab42d929,19,mint_to_agent,0x0000000000000000000000000000000000000000,0x3e40d73eb977dc6a537af587d48316fee66e9c8c,True,32452248399988889544,32.45224839998889,0x5f4eC3Df9cbd43714FE2740f5E3616155c5b8419,129127208515966879843,4485.25407714,1759579319,1212,0x86392dC19c0b719886221c78AB11eb8Cf5c52812,36893488147419103756,0.9994740346648753,1759516403,64128,145480.02173332102,
2025-10-05,2025-10-05T12:23:23.000000Z,23511543,0xbabfe5da8ba6389d4388587b75ef8cfd360c0a6fb4fce19329f57057bccc48a5,19,mint_to_agent,0x0000000000000000000000000000000000000000,0x3e40d73eb977dc6a537af587d48316fee66e9c8c,True,32208556573253899470,32.2085565732539,0x5f4eC3Df9cbd43714FE2740f5E3616155c5b8419,129127208515966879879,4541.00623926,1759665935,1068,0x86392dC19c0b719886221c78AB11eb8Cf5c52812,36893488147419103757,0.9993435738100526,1759602827,64176,146163.24795030986,
2025-10-06,2025-10-06T12:23:47.000000Z,23518706,0xc4b01c04c73847f4c1c14a635daa5421f28696e9c4659a182c23127bfb400dc1,25,mint_to_agent,0x0000000000000000000000000000000000000000,0x3e40d73eb977dc6a537af587d48316fee66e9c8c,True,32056025680805393086,32.05602568080539,0x5f4eC3Df9cbd43714FE2740f5E3616155c5b8419,129127208515966879912,4588.592806,1759750187,3240,0x86392dC19c0b719886221c78AB11eb8Cf5c52812,36893488147419103758,0.9990558202345382,1759689239,64188,146953.16749173123,
2025-10-07,2025-10-07T12:24:35.000000Z,23525859,0x6c06ec4967ef5d7434a51d0db9d9ae669098eeb5db07ffb5773cb1476c9efded,125,mint_to_agent,0x0000000000000000000000000000000000000000,0x3e40d73eb977dc6a537af587d48316fee66e9c8c,True,39588377075646159604,39.588377075646164,0x5f4eC3Df9cbd43714FE2740f5E3616155c5b8419,129127208515966879945,4707.77,1759839107,768,0x86392dC19c0b719886221c78AB11eb8Cf5c52812,36893488147419103759,0.99907117,1759775651,64224,186199.86513602504,
2025-10-08,2025-10-08T12:22:59.000000Z,23533003,0xaac319db13bb30b14525fd0520700d71bccd0baf10381ff38bf67f6c04ed5b2b,19,mint_to_agent,0x0000000000000000000000000000000000000000,0x3e40d73eb977dc6a537af587d48316fee66e9c8c,True,32802688095913755141,32.80268809591375,0x5f4eC3Df9cbd43714FE2740f5E3616155c5b8419,129127208515966879984,4485.799751,1759923695,2484,0x86392dC19c0b719886221c78AB11eb8Cf5c52812,36893488147419103760,0.999541103634274,1759862087,64092,147078.7651950269,
2025-10-09,2025-10-09T12:22:23.000000Z,23540147,0xab0df185bc2be4d5cd38b9a4fbee2b377df9e43f0aba055f21714bf674f08114,24,mint_to_agent,0x0000000000000000000000000000000000000000,0x3e40d73eb977dc6a537af587d48316fee66e9c8c,True,32445558216768502242,32.445558216768504,0x5f4eC3Df9cbd43714FE2740f5E3616155c5b8419,129127208515966880022,4371.84,1760009039,3504,0x86392dC19c0b719886221c78AB11eb8Cf5c52812,36893488147419103761,0.9994177849806968,1759948499,64044,141764.20390326504,
2025-10-10,2025-10-10T12:21:59.000000Z,23547301,0x076db67c664b4db068dea1093629a6aa7ed57fbe0d1ed078ffe2382d1dbe7788,19,mint_to_agent,0x0000000000000000000000000000000000000000,0x3e40d73eb977dc6a537af587d48316fee66e9c8c,True,33080890069792953478,33.08089006979295,0x5f4eC3Df9cbd43714FE2740f5E3616155c5b8419,129127208515966880055,4341.195768,1760097059,1860,0x86392dC19c0b719886221c78AB11eb8Cf5c52812,36893488147419103762,0.9996673844645363,1760034911,64008,143562.8528493979,
2025-10-11,2025-10-11T12:23:23.000000Z,23554461,0x317c67ce48dbd1bc640f3025dd3114caedc914cdfc597d5a9f84a932a6243d89,26,mint_to_agent,0x0000000000000000000000000000000000000000,0x3e40d73eb977dc6a537af587d48316fee66e9c8c,True,88175062127038499311,88.1750621270385,0x5f4eC3Df9cbd43714FE2740f5E3616155c5b8419,129127208515966880202,3830.30179462,1760182031,3372,0x86392dC19c0b719886221c78AB11eb8Cf5c52812,36893488147419103785,0.99512518,1760134031,51372,336090.69114241196,
2025-10-12,2025-10-12T12:21:59.000000Z,23561613,0x98d172dd2b84a8d467cd89de3d588959ef811a206c372112ef0d9e90e7f21124,19,mint_to_agent,0x0000000000000000000000000000000000000000,0x3e40d73eb977dc6a537af587d48316fee66e9c8c,True,32818067575404284464,32.818067575404285,0x5f4eC3Df9cbd43714FE2740f5E3616155c5b8419,129127208515966880262,3841.21274841,1760271251,468,0x86392dC19c0b719886221c78AB11eb8Cf5c52812,36893488147419103786,0.9993005092857892,1760220443,51276,125973.00092430692,
2025-10-13,2025-10-13T12:21:59.000000Z,23568760,0x62c6c11a516a8c83811d7fc7318d058df3cfbe73d903094e8ba9d6bd7500db5e,19,mint_to_agent,0x0000000000000000000000000000000000000000,0x3e40d73eb977dc6a537af587d48316fee66e9c8c,True,33448837799523277208,33.44883779952328,0x5f4eC3Df9cbd43714FE2740f5E3616155c5b8419,129127208515966880334,4101.26,1760357459,660,0x86392dC19c0b719886221c78AB11eb8Cf5c52812,36893488147419103787,0.999463354088462,1760306855,51264,137108.76215003515,
2025-10-14,2025-10-14T12:22:11.000000Z,23575913,0xe5f3180f774083eed786e727fd9570e9d107452edaad395725e583664485b375,19,mint_to_agent,0x0000000000000000000000000000000000000000,0x3e40d73eb977dc6a537af587d48316fee66e9c8c,True,33237748991094454378,33.237748991094456,0x5f4eC3Df9cbd43714FE2740f5E3616155c5b8419,129127208515966880403,3965.0496358,1760443499,1032,0x86392dC19c0b719886221c78AB11eb8Cf5c52812,36893488147419103788,0.9991369824773423,1760393267,51264,131675.5880355806,
2025-10-15,2025-10-15T12:22:47.000000Z,23583066,0x33e077fe895fb26f50aed2d46f7fd82af43795f130a6b8fa9d47f8c2927f2d10,19,mint_to_agent,0x0000000000000000000000000000000000000000,0x3e40d73eb977dc6a537af587d48316fee66e9c8c,True,32899065995153439713,32.89906599515344,0x5f4eC3Df9cbd43714FE2740f5E3616155c5b8419,129127208515966880476,4101.80004523,1760530751,216,0x86392dC19c0b719886221c78AB11eb8Cf5c52812,36893488147419103789,0.99926716,1760479691,51276,134846.497007054,
2025-10-16,2025-10-16T12:24:47.000000Z,23590206,0xb4a15aabe1c139f03f6b98470870f93f469eb451a9a45f1fc4a1b58c5a4fb55c,19,mint_to_agent,0x0000000000000000000000000000000000000000,0x3e40d73eb977dc6a537af587d48316fee66e9c8c,True,32433988816842934663,32.433988816842934,0x5f4eC3Df9cbd43714FE2740f5E3616155c5b8419,129127208515966880535,4067.22028269,1760616131,1356,0x86392dC19c0b719886221c78AB11eb8Cf5c52812,36893488147419103790,0.9994585738360656,1760566103,51384,131844.75429464123,
2025-10-17,2025-10-17T12:23:23.000000Z,23597356,0x32ef4814305d2b8b77516a6d2fd14202c32afe30b2ec1f8f935e26a4445a1ac1,19,mint_to_agent,0x0000000000000000000000000000000000000000,0x3e40d73eb977dc6a537af587d48316fee66e9c8c,True,33388314516219898366,33.3883145162199,0x5f4eC3Df9cbd43714FE2740f5E3616155c5b8419,129127208515966880606,3786.64,1760700983,2820,0x86392dC19c0b719886221c78AB11eb8Cf5c52812,36893488147419103791,0.9992851099233574,1760652539,51264,126339.14406525204,
2025-10-18,2025-10-18T12:22:11.000000Z,23604503,0xdef44c9aa66024d0682a2aec0ed3465f2340f3b39eecb2b5fb2d0f0cf59dd21a,36,mint_to_agent,0x0000000000000000000000000000000000000000,0x3e40d73eb977dc6a537af587d48316fee66e9c8c,True,32427469332410010190,32.42746933241001,0x5f4eC3Df9cbd43714FE2740f5E3616155c5b8419,129127208515966880654,3883.23398,1760788859,1272,0x86392dC19c0b719886221c78AB11eb8Cf5c52812,36893488147419103792,0.9993410025512098,1760738951,51180,125840.46756420439,
2025-10-19,2025-10-19T12:22:35.000000Z,23611654,0x4d63abc443a2a506a15ee0d464bb48e75d6177a70843c8107f794a6f3b4fcabe,19,mint_to_agent,0x0000000000000000000000000000000000000000,0x3e40d73eb977dc6a537af587d48316fee66e9c8c,True,32145958981309699209,32.1459589813097,0x5f4eC3Df9cbd43714FE2740f5E3616155c5b8419,129127208515966880690,3924.152988,1760874287,2268,0x86392dC19c0b719886221c78AB11eb8Cf5c52812,36893488147419103793,0.9992001432556502,1760825363,51192,126044.76253091966,
2025-10-20,2025-10-20T12:23:23.000000Z,23618788,0xc208c07461df0f68b3189aa11567acf1a4842ec9f2b99eac3b51ff70245b9b8b,19,mint_to_agent,0x0000000000000000000000000000000000000000,0x3e40d73eb977dc6a537af587d48316fee66e9c8c,True,32108326929213536894,32.10832692921354,0x5f4eC3Df9cbd43714FE2740f5E3616155c5b8419,129127208515966880730,4038.9151483,1760961047,1956,0x86392dC19c0b719886221c78AB11eb8Cf5c52812,36893488147419103794,0.999072215503744,1760911775,51228,129562.49032225659,
2025-10-21,2025-10-21T12:21:59.000000Z,23625907,0xbc8156cbdb6076b8283b31ff14715e1e878d4338ab23347e0cff44f391eabe33,355,mint_to_agent,0x0000000000000000000000000000000000000000,0x3e40d73eb977dc6a537af587d48316fee66e9c8c,True,32152607097731144228,32.15260709773115,0x5f4eC3Df9cbd43714FE2740f5E3616155c5b8419,129127208515966880763,3893.744628,1761047435,1884,0x86392dC19c0b719886221c78AB11eb8Cf5c52812,36893488147419103795,0.9991502488087055,1760998199,51120,125087.6573773641,
2025-10-22,2025-10-22T12:22:11.000000Z,23633036,0xba7a58e869a3b664e84f9130459750682415c7d8242a303fa912685ab1f1a550,19,mint_to_agent,0x0000000000000000000000000000000000000000,0x3e40d73eb977dc6a537af587d48316fee66e9c8c,True,33167107417234993329,33.167107417234995,0x5f4eC3Df9cbd43714FE2740f5E3616155c5b8419,129127208515966880829,3839.163007,1761132107,3624,0x86392dC19c0b719886221c78AB11eb8Cf5c52812,36893488147419103796,0.99927671,1761084635,51096,127241.83248587941,eth_usd_age_over_heartbeat
2025-10-23,2025-10-23T12:21:59.000000Z,23640169,0x88044a835cd918a6661fbc75ff7ba74cabf191a224cc9cecc40b936843daad5c,19,mint_to_agent,0x0000000000000000000000000000000000000000,0x3e40d73eb977dc6a537af587d48316fee66e9c8c,True,31968352373765525100,31.968352373765526,0x5f4eC3Df9cbd43714FE2740f5E3616155c5b8419,129127208515966880876,3853.06,1761220979,1140,0x86392dC19c0b719886221c78AB11eb8Cf5c52812,36893488147419103797,0.9993538105244273,1761171059,51060,123096.38477547264,
2025-10-24,2025-10-24T12:22:11.000000Z,23647295,0xff4c9df6ee1dc3eb642b9c3f5408513549e04576627845c0c420f94bb6f7fa92,19,mint_to_agent,0x0000000000000000000000000000000000000000,0x3e40d73eb977dc6a537af587d48316fee66e9c8c,True,32009422403103226349,32.00942240310323,0x5f4eC3Df9cbd43714FE2740f5E3616155c5b8419,129127208515966880917,3955.78410294,1761307547,984,0x86392dC19c0b719886221c78AB11eb8Cf5c52812,36893488147419103798,0.9997031345124869,1761257483,51048,126584.77447658329,
2025-10-25,2025-10-25T12:22:23.000000Z,23654442,0x634e1ac45ed98c74bdafa2d23a87de3d1a7d71009ba67a47643617d3d33f0b80,19,mint_to_agent,0x0000000000000000000000000000000000000000,0x3e40d73eb977dc6a537af587d48316fee66e9c8c,True,32182541408450500903,32.182541408450504,0x5f4eC3Df9cbd43714FE2740f5E3616155c5b8419,129127208515966880948,3940.922924,1761393635,1308,0x86392dC19c0b719886221c78AB11eb8Cf5c52812,36893488147419103799,0.9998076719715464,1761343907,51036,126804.52243393262,
2025-10-26,2025-10-26T12:23:23.000000Z,23661608,0x8f8d0d47e71cbb2692e1933da093bbb513594b91bd10d5ec5b4f6f6cb11fad0d,19,mint_to_agent,0x0000000000000000000000000000000000000000,0x3e40d73eb977dc6a537af587d48316fee66e9c8c,True,31731218716438829494,31.731218716438832,0x5f4eC3Df9cbd43714FE2740f5E3616155c5b8419,129127208515966880976,4042.6182,1761479015,2388,0x86392dC19c0b719886221c78AB11eb8Cf5c52812,36893488147419103800,0.9998535781713116,1761430319,51084,128258.41970871775,
2025-10-27,2025-10-27T12:22:23.000000Z,23668750,0xa5518e14ab7e54054563ee556f423713e1692be7fdf94c76e9b283abf264d761,29,mint_to_agent,0x0000000000000000000000000000000000000000,0x3e40d73eb977dc6a537af587d48316fee66e9c8c,True,32628926751733559367,32.62892675173356,0x5f4eC3Df9cbd43714FE2740f5E3616155c5b8419,129127208515966881009,4163.87,1761565451,2292,0x86392dC19c0b719886221c78AB11eb8Cf5c52812,36893488147419103801,0.9992098393497244,1761516803,50940,135755.25594608055,
2025-10-28,2025-10-28T12:22:11.000000Z,23675891,0x629a084b73882ef05d7f81013a33597279562432bfcda4ef80dafb71ad81e92e,19,mint_to_agent,0x0000000000000000000000000000000000000000,0x3e40d73eb977dc6a537af587d48316fee66e9c8c,True,31990672906965697028,31.990672906965695,0x5f4eC3Df9cbd43714FE2740f5E3616155c5b8419,129127208515966881042,4120.24,1761651047,3084,0x86392dC19c0b719886221c78AB11eb8Cf5c52812,36893488147419103802,0.9997228886287489,1761603215,50916,131772.72429614695,
2025-10-29,2025-10-29T12:23:11.000000Z,23683025,0x4057fc66dc28791d210a1368646052ebee63a32a3fbf5a4d882cb2046bcbc62a,24,mint_to_agent,0x0000000000000000000000000000000000000000,0x3e40d73eb977dc6a537af587d48316fee66e9c8c,True,31983240233918377945,31.983240233918377,0x5f4eC3Df9cbd43714FE2740f5E3616155c5b8419,129127208515966881084,4014.34235885,1761740159,432,0x86392dC19c0b719886221c78AB11eb8Cf5c52812,36893488147419103803,0.999964332203019,1761689615,50976,128387.09659605892,
2025-10-30,2025-10-30T12:21:59.000000Z,23690170,0xcc355c59f86df39630e42d26395d044b2cc855895e1417986afa0c3b678d2f3c,19,mint_to_agent,0x0000000000000000000000000000000000000000,0x3e40d73eb977dc6a537af587d48316fee66e9c8c,True,32486257620669977961,32.486257620669974,0x5f4eC3Df9cbd43714FE2740f5E3616155c5b8419,129127208515966881144,3876.6139,1761826451,468,0x86392dC19c0b719886221c78AB11eb8Cf5c52812,36893488147419103804,0.9999719913366333,1761776027,50892,125933.15053325467,
2025-10-31,2025-10-31T12:21:35.000000Z,23697302,0x97b5192d15359a1a20df0450f8f8245263650155f108c471c751e6eef4b13d2b,19,mint_to_agent,0x0000000000000000000000000000000000000000,0x3e40d73eb977dc6a537af587d48316fee66e9c8c,True,32379462382245481147,32.379462382245485,0x5f4eC3Df9cbd43714FE2740f5E3616155c5b8419,129127208515966881185,3876.66201798,1761911639,1656,0x86392dC19c0b719886221c78AB11eb8Cf5c52812,36893488147419103805,0.9999783795437324,1761862463,50832,125521.51808869524,
2025-11-01,2025-11-01T12:20:23.000000Z,23704449,0x6b9962fb9117554b60f6cbc43d57b715d2f79a89c0d1168ca4195a714d180013,26,mint_to_agent,0x0000000000000000000000000000000000000000,0x3e40d73eb977dc6a537af587d48316fee66e9c8c,True,32019546071924737605,32.01954607192474,0x5f4eC3Df9cbd43714FE2740f5E3616155c5b8419,129127208515966881220,3876.45782274,1761998483,1140,0x86392dC19c0b719886221c78AB11eb8Cf5c52812,36893488147419103806,0.9996928991140818,1761948887,50736,124084.30174599789,
2025-11-02,2025-11-02T12:22:11.000000Z,23711612,0x437bd10ae7d387cf9a3faf6e3cf44a0897e3318c25370e6e65fc32ae0fa9e3df,26,mint_to_agent,0x0000000000000000000000000000000000000000,0x3e40d73eb977dc6a537af587d48316fee66e9c8c,True,31547516438155480915,31.54751643815548,0x5f4eC3Df9cbd43714FE2740f5E3616155c5b8419,129127208515966881246,3879.645261,1762082879,3252,0x86392dC19c0b719886221c78AB11eb8Cf5c52812,36893488147419103807,0.99969084,1762035311,50820,122355.33357235439,
2025-11-03,2025-11-03T12:22:11.000000Z,23718769,0xbcbcf2f52d825db02f8b28e32f15b6eec7a98493528c484cf245126e04a68e6b,19,mint_to_agent,0x0000000000000000000000000000000000000000,0x3e40d73eb977dc6a537af587d48316fee66e9c8c,True,35199876336852689493,35.19987633685269,0x5f4eC3Df9cbd43714FE2740f5E3616155c5b8419,129127208515966881284,3719.415592,1762171931,600,0x86392dC19c0b719886221c78AB11eb8Cf5c52812,36893488147419103808,0.999679406494145,1762121747,50784,130880.99583017034,
2025-11-04,2025-11-04T12:23:11.000000Z,23725935,0x58a76cd471d4073adfb848fcb8c0567bb66e820bbb1c3501f2a92b4c383b3438,171,mint_to_agent,0x0000000000000000000000000000000000000000,0x3e40d73eb977dc6a537af587d48316fee66e9c8c,True,33770163693305500303,33.7701636933055,0x5f4eC3Df9cbd43714FE2740f5E3616155c5b8419,129127208515966881357,3509.127566,1762258775,216,0x86392dC19c0b719886221c78AB11eb8Cf5c52812,36893488147419103809,0.9996518212142419,1762208183,50808,118462.55181102785,
2025-11-05,2025-11-05T12:23:23.000000Z,23733075,0x1f38131cd9c8fde0a0da31c1f8f181b9d3a6c28b63ce5714210f9799d5cc91e9,19,mint_to_agent,0x0000000000000000000000000000000000000000,0x3e40d73eb977dc6a537af587d48316fee66e9c8c,True,37528428856476652073,37.52842885647666,0x5f4eC3Df9cbd43714FE2740f5E3616155c5b8419,129127208515966881488,3330.47869017,1762345271,132,0x86392dC19c0b719886221c78AB11eb8Cf5c52812,36893488147419103810,0.9985962062065015,1762294595,50808,124812.17571917364,
2025-11-06,2025-11-06T12:22:11.000000Z,23740210,0xf30511f9c4fdffbea3f1d0909b9d32de013e5647dcba4f28566cce6a0535da39,41,mint_to_agent,0x0000000000000000000000000000000000000000,0x3e40d73eb977dc6a537af587d48316fee66e9c8c,True,32484538692063385834,32.48453869206339,0x5f4eC3Df9cbd43714FE2740f5E3616155c5b8419,129127208515966881542,3387.8,1762431347,384,0x86392dC19c0b719886221c78AB11eb8Cf5c52812,36893488147419103811,0.9989481079766334,1762381019,50712,109935.35828549143,
2025-11-07,2025-11-07T12:22:59.000000Z,23747363,0xd5b3044ee33f2d7070228a62b455186d1deaf445536e64f3046ca2a325224566,19,mint_to_agent,0x0000000000000000000000000000000000000000,0x3e40d73eb977dc6a537af587d48316fee66e9c8c,True,33671180487682364539,33.67118048768236,0x5f4eC3Df9cbd43714FE2740f5E3616155c5b8419,129127208515966881615,3236.43,1762517987,192,0x86392dC19c0b719886221c78AB11eb8Cf5c52812,36893488147419103812,0.9991896601448699,1762467431,50748,108886.11235111533,
2025-11-08,2025-11-08T12:21:59.000000Z,23754509,0x09cd0b253e668cabc60faae1747cb00b4488515295d039c312b49b7b3db57fca,19,mint_to_agent,0x0000000000000000000000000000000000000000,0x3e40d73eb977dc6a537af587d48316fee66e9c8c,True,32981426530958940652,32.98142653095894,0x5f4eC3Df9cbd43714FE2740f5E3616155c5b8419,129127208515966881669,3408.10129798,1762602899,1620,0x86392dC19c0b719886221c78AB11eb8Cf5c52812,36893488147419103813,0.999140841511058,1762553843,50676,112307.46968202827,
2025-11-09,2025-11-09T12:21:59.000000Z,23761669,0xf4ac1c8da6305b2e9343a0cbeffc7a88ab270c039fe6e6fd9f1b1e2cf5db5f36,19,mint_to_agent,0x0000000000000000000000000000000000000000,0x3e40d73eb977dc6a537af587d48316fee66e9c8c,True,31853065538470184807,31.853065538470183,0x5f4eC3Df9cbd43714FE2740f5E3616155c5b8419,129127208515966881705,3448.13982186,1762690751,168,0x86392dC19c0b719886221c78AB11eb8Cf5c52812,36893488147419103814,0.9992047153768254,1762640255,50664,109746.47458039735,
2025-11-10,2025-11-10T12:21:59.000000Z,23768831,0xbfefffbc1c568f5123ff95d69a553a69df9b639ffdd15f48c95b4dbc14613612,19,mint_to_agent,0x0000000000000000000000000000000000000000,0x3e40d73eb977dc6a537af587d48316fee66e9c8c,True,32768099507736053176,32.76809950773605,0x5f4eC3Df9cbd43714FE2740f5E3616155c5b8419,129127208515966881751,3590.74,1762776347,972,0x86392dC19c0b719886221c78AB11eb8Cf5c52812,36893488147419103815,0.999259029538848,1762726679,50640,117574.54176331082,
2025-11-11,2025-11-11T12:21:59.000000Z,23775961,0xd934cc2668efb5617cce6d2c776402e1410040ecf4c0a78b9b3d25687da95fe7,26,mint_to_agent,0x0000000000000000000000000000000000000000,0x3e40d73eb977dc6a537af587d48316fee66e9c8c,True,33292882962818697407,33.2928829628187,0x5f4eC3Df9cbd43714FE2740f5E3616155c5b8419,129127208515966881803,3577.97,1762860083,3636,0x86392dC19c0b719886221c78AB11eb8Cf5c52812,36893488147419103816,0.9995265106794747,1762813091,50628,119064.53396321426,eth_usd_age_over_heartbeat
2025-11-12,2025-11-12T12:22:35.000000Z,23783118,0xf99cba8140ace6567d2c440553a867e0a9bfdbbbb9d304c304da25c982eab9ff,23,mint_to_agent,0x0000000000000000000000000000000000000000,0x3e40d73eb977dc6a537af587d48316fee66e9c8c,True,32156402661957745640,32.15640266195775,0x5f4eC3Df9cbd43714FE2740f5E3616155c5b8419,129127208515966881850,3561.8545,1762950047,108,0x86392dC19c0b719886221c78AB11eb8Cf5c52812,36893488147419103817,0.99946047,1762899503,50652,114474.63168656347,
2025-11-13,2025-11-13T12:23:23.000000Z,23790262,0x80922c9910ed93ba7d0fe5e38d4be4022b1d4f10c2bfd04830078c43f616a54c,19,mint_to_agent,0x0000000000000000000000000000000000000000,0x3e40d73eb977dc6a537af587d48316fee66e9c8c,True,32374609689038414849,32.374609689038415,0x5f4eC3Df9cbd43714FE2740f5E3616155c5b8419,129127208515966881907,3488.3,1763035703,900,0x86392dC19c0b719886221c78AB11eb8Cf5c52812,36893488147419103818,0.99984186,1762985915,50688,112914.491856289,
2025-11-14,2025-11-14T12:22:59.000000Z,23797400,0x714e2f1d67e91f4237605142216b3c7c5f5fd095eec941e06b88611f5d703dcf,19,mint_to_agent,0x0000000000000000000000000000000000000000,0x3e40d73eb977dc6a537af587d48316fee66e9c8c,True,35088404196126747457,35.088404196126746,0x5f4eC3Df9cbd43714FE2740f5E3616155c5b8419,129127208515966882010,3115.97109183,1763122415,564,0x86392dC19c0b719886221c78AB11eb8Cf5c52812,36893488147419103819,0.9993258619151075,1763072327,50652,109260.74661472919,
2025-11-15,2025-11-15T12:22:11.000000Z,23804561,0xfff7ef4ac0aa8fd927157c89a41a2e192e36ba66092bbaa2c4d28510a022ea33,28,mint_to_agent,0x0000000000000000000000000000000000000000,0x3e40d73eb977dc6a537af587d48316fee66e9c8c,True,33200003231058954988,33.20000323105896,0x5f4eC3Df9cbd43714FE2740f5E3616155c5b8419,129127208515966882084,3159.852684,1763207015,2316,0x86392dC19c0b719886221c78AB11eb8Cf5c52812,36893488147419103820,0.999255364228902,1763158739,50592,104829.00172478295,
2025-11-16,2025-11-16T12:23:23.000000Z,23811723,0x3dcac05f55ab3387b6ba3a09296d3a9762bd0923a1481ea534453bc3c8f7ef32,19,mint_to_agent,0x0000000000000000000000000000000000000000,0x3e40d73eb977dc6a537af587d48316fee66e9c8c,True,32328583053593363192,32.32858305359336,0x5f4eC3Df9cbd43714FE2740f5E3616155c5b8419,129127208515966882120,3178.144265,1763295515,288,0x86392dC19c0b719886221c78AB11eb8Cf5c52812,36893488147419103821,0.999980057916025,1763245151,50652,102742.85187991362,
2025-11-17,2025-11-17T12:21:59.000000Z,23818863,0x30f33d35f3b7e08abde88d0a6641e336d9a8b045a30ad91d1ea56b353f8c48e6,19,mint_to_agent,0x0000000000000000000000000000000000000000,0x3e40d73eb977dc6a537af587d48316fee66e9c8c,True,33764727354784785401,33.76472735478478,0x5f4eC3Df9cbd43714FE2740f5E3616155c5b8419,129127208515966882184,3196.193107,1763379983,2136,0x86392dC19c0b719886221c78AB11eb8Cf5c52812,36893488147419103822,0.9995495826574557,1763331563,50556,107869.98042710504,
2025-11-18,2025-11-18T12:23:23.000000Z,23825980,0x81a3c1a95de78b604e66376c421b9e13c304b50007f0bf0b53087028703889ea,19,mint_to_agent,0x0000000000000000000000000000000000000000,0x3e40d73eb977dc6a537af587d48316fee66e9c8c,True,35163179669629088161,35.16317966962909,0x5f4eC3Df9cbd43714FE2740f5E3616155c5b8419,129127208515966882281,3044.4039,1763467451,1152,0x86392dC19c0b719886221c78AB11eb8Cf5c52812,36893488147419103823,0.9995726311079037,1763417975,50628,107005.17108897597,
2025-11-19,2025-11-19T12:21:59.000000Z,23833095,0x269ff2ea106bb4b5f7667e41f383011ce6fe46db2a5bc6d3e3d301eed99881be,19,mint_to_agent,0x0000000000000000000000000000000000000000,0x3e40d73eb977dc6a537af587d48316fee66e9c8c,True,32994986733009406399,32.994986733009405,0x5f4eC3Df9cbd43714FE2740f5E3616155c5b8419,129127208515966882333,3087.365,1763553947,972,0x86392dC19c0b719886221c78AB11eb8Cf5c52812,36893488147419103824,0.9991297116901688,1763504399,50520,101778.91306205945,
2025-11-20,2025-11-20T12:21:59.000000Z,23840220,0x1211df5ef49eae769b0f4cba2b397469bb3531c8a2e6b5b144c63539ff58476c,19,mint_to_agent,0x0000000000000000000000000000000000000000,0x3e40d73eb977dc6a537af587d48316fee66e9c8c,True,37910147090331106068,37.91014709033111,0x5f4eC3Df9cbd43714FE2740f5E3616155c5b8419,129127208515966882403,3019.0826,1763639015,2304,0x86392dC19c0b719886221c78AB11eb8Cf5c52812,36893488147419103825,0.9994345805520606,1763590811,50508,114389.15100244549,
2025-11-21,2025-11-21T12:23:59.000000Z,23847364,0x1e2ddb8bbca276dcaad66c84d83d43cb45244d910752f7e7e5ac0970023c3ae1,48,mint_to_agent,0x0000000000000000000000000000000000000000,0x3e40d73eb977dc6a537af587d48316fee66e9c8c,True,44323808764487539641,44.32380876448754,0x5f4eC3Df9cbd43714FE2740f5E3616155c5b8419,129127208515966882523,2653.85,1763727731,108,0x86392dC19c0b719886221c78AB11eb8Cf5c52812,36893488147419103826,0.9986725043801723,1763677235,50604,117472.5882526659,
2025-11-22,2025-11-22T12:23:23.000000Z,23854463,0x6883cf3b80abb8ed146d903a5c46acb8a53373679c8794787ce5fe92a0fe1630,26,mint_to_agent,0x0000000000000000000000000000000000000000,0x3e40d73eb977dc6a537af587d48316fee66e9c8c,True,34193524436257235447,34.193524436257235,0x5f4eC3Df9cbd43714FE2740f5E3616155c5b8419,129127208515966882616,2720.55,1763813399,804,0x86392dC19c0b719886221c78AB11eb8Cf5c52812,36893488147419103827,0.9989435695889388,1763763659,50544,92926.91826227988,
2025-11-23,2025-11-23T12:22:11.000000Z,23861558,0x04685919ff0c61a50c1600af0afc04ff56bbe6215a803a620413c490f4a441cb,26,mint_to_agent,0x0000000000000000000000000000000000000000,0x3e40d73eb977dc6a537af587d48316fee66e9c8c,True,32237751369425299036,32.2377513694253,0x5f4eC3Df9cbd43714FE2740f5E3616155c5b8419,129127208515966882655,2835.05,1763900231,300,0x86392dC19c0b719886221c78AB11eb8Cf5c52812,36893488147419103828,0.9994184789384072,1763850071,50460,91342.48853202444,
2025-11-24,2025-11-24T12:22:11.000000Z,23868688,0x6328458624c41725cf765be7833d72bdc3b9bc252ddfc09204706125baf6bf05,19,mint_to_agent,0x0000000000000000000000000000000000000000,0x3e40d73eb977dc6a537af587d48316fee66e9c8c,True,32304676811170108439,32.304676811170104,0x5f4eC3Df9cbd43714FE2740f5E3616155c5b8419,129127208515966882703,2795.52,1763983367,3564,0x86392dC19c0b719886221c78AB11eb8Cf5c52812,36893488147419103829,0.9993219508459038,1763936483,50448,90247.13660519515,
2025-11-25,2025-11-25T12:23:47.000000Z,23875789,0x3608be88d8b901d97cd7d435c8a68e3615ba7a5f0079d0943a1b3af6b9c02e1e,34,mint_to_agent,0x0000000000000000000000000000000000000000,0x3e40d73eb977dc6a537af587d48316fee66e9c8c,True,32386933501323271036,32.38693350132327,0x5f4eC3Df9cbd43714FE2740f5E3616155c5b8419,129127208515966882756,2928.2402,1764073271,156,0x86392dC19c0b719886221c78AB11eb8Cf5c52812,36893488147419103830,0.9984893403017548,1764022895,50532,94693.4546215271,
2025-11-26,2025-11-26T12:21:59.000000Z,23882886,0xd0074f5c4a53be8b54ef0c99d6a945a2d4375e6c79bc30e198e5dcb202f8eaa3,19,mint_to_agent,0x0000000000000000000000000000000000000000,0x3e40d73eb977dc6a537af587d48316fee66e9c8c,True,32391784432944316085,32.39178443294432,0x5f4eC3Df9cbd43714FE2740f5E3616155c5b8419,129127208515966882807,2895.08011956,1764158723,996,0x86392dC19c0b719886221c78AB11eb8Cf5c52812,36893488147419103831,0.9991059448575322,1764109307,50412,93692.96950863829,
2025-11-27,2025-11-27T12:23:59.000000Z,23890027,0xad0f50c3659ec62762009f8fd7a4032913b9b478cc0de14b0aa8fbab3172f9a4,19,mint_to_agent,0x0000000000000000000000000000000000000000,0x3e40d73eb977dc6a537af587d48316fee66e9c8c,True,33603389188366829777,33.60338918836683,0x5f4eC3Df9cbd43714FE2740f5E3616155c5b8419,129127208515966882847,3012.1597883,1764246167,72,0x86392dC19c0b719886221c78AB11eb8Cf5c52812,36893488147419103832,0.9988770482258362,1764195719,50520,101105.11385783729,
2025-11-28,2025-11-28T12:22:35.000000Z,23897146,0x0ea3640c1d07b27aab2f41af0795c94de56a03e7c2aa5c50e0ac91e468058453,19,mint_to_agent,0x0000000000000000000000000000000000000000,0x3e40d73eb977dc6a537af587d48316fee66e9c8c,True,32632021959244617368,32.63202195924462,0x5f4eC3Df9cbd43714FE2740f5E3616155c5b8419,129127208515966882878,3036.52975857,1764331007,1548,0x86392dC19c0b719886221c78AB11eb8Cf5c52812,36893488147419103833,0.9992661265678734,1764282155,50400,99015.38763329783,
2025-11-29,2025-11-29T12:22:11.000000Z,23904290,0x6c8ba7ff7724c032617fba1e79d82229181d5c909bbce09b2fca78e236907ad3,19,mint_to_agent,0x0000000000000000000000000000000000000000,0x3e40d73eb977dc6a537af587d48316fee66e9c8c,True,32527697337904650562,32.527697337904655,0x5f4eC3Df9cbd43714FE2740f5E3616155c5b8419,129127208515966882912,3001.12,1764417755,1176,0x86392dC19c0b719886221c78AB11eb8Cf5c52812,36893488147419103834,0.9995714701191778,1764368567,50364,97577.69015216042,
2025-11-30,2025-11-30T12:22:11.000000Z,23911447,0xd3e86dbf9f2f4e9f795fbfc0e2f92f8cb54996e024f46c419aa6bb9844e4636f,19,mint_to_agent,0x0000000000000000000000000000000000000000,0x3e40d73eb977dc6a537af587d48316fee66e9c8c,True,32095623899929887278,32.09562389992988,0x5f4eC3Df9cbd43714FE2740f5E3616155c5b8419,129127208515966882938,3003.46,1764504119,1212,0x86392dC19c0b719886221c78AB11eb8Cf5c52812,36893488147419103835,0.9995350321795575,1764454979,50352,96353.1006265362,
2025-12-01,2025-12-01T12:22:11.000000Z,23918599,0x7333d489f487093fa917a989afa6cd19b1f6469ec3feab07c9630f786d081344,26,mint_to_agent,0x0000000000000000000000000000000000000000,0x3e40d73eb977dc6a537af587d48316fee66e9c8c,True,33151145425333346025,33.15114542533335,0x5f4eC3Df9cbd43714FE2740f5E3616155c5b8419,129127208515966882978,2821.602427,1764591131,600,0x86392dC19c0b719886221c78AB11eb8Cf5c52812,36893488147419103836,0.9997,1764541391,50340,93511.29058423353,
2025-12-02,2025-12-02T12:22:23.000000Z,23925750,0x13058f3b02b1087deaa0930bf95a0dd481a84dd75ae47b12e0e26a53effb563b,23,mint_to_agent,0x0000000000000000000000000000000000000000,0x3e40d73eb977dc6a537af587d48316fee66e9c8c,True,33173838223732245902,33.17383822373225,0x5f4eC3Df9cbd43714FE2740f5E3616155c5b8419,129127208515966883025,2824.16841126,1764676343,1800,0x86392dC19c0b719886221c78AB11eb8Cf5c52812,36893488147419103837,0.9995433017017135,1764627803,50340,93645.71861045873,
2025-12-03,2025-12-03T12:22:23.000000Z,23932889,0x9109d5574f0a8b709dc22f730ceabe669e14d23840928a17956d9989c61bbcfd,19,mint_to_agent,0x0000000000000000000000000000000000000000,0x3e40d73eb977dc6a537af587d48316fee66e9c8c,True,33759049668097900591,33.7590496680979,0x5f4eC3Df9cbd43714FE2740f5E3616155c5b8419,129127208515966883067,3074.91061006,1764762623,1920,0x86392dC19c0b719886221c78AB11eb8Cf5c52812,36893488147419103838,0.99955133,1764714227,50316,103759.48534503208,
2025-12-04,2025-12-04T12:23:47.000000Z,23939667,0x26cc6200e91575673d5072b396517e1861a0caff58cd6f990554f98f420bed26,19,mint_to_agent,0x0000000000000000000000000000000000000000,0x3e40d73eb977dc6a537af587d48316fee66e9c8c,True,30089536583979324252,30.089536583979324,0x5f4eC3Df9cbd43714FE2740f5E3616155c5b8419,129127208515966883120,3185.15638479,1764848075,2952,0x86392dC19c0b719886221c78AB11eb8Cf5c52812,36893488147419103839,0.9998025081301339,1764800639,50388,95820.95196881084,
2025-12-05,2025-12-05T12:21:59.000000Z,23946717,0x39f8edc41c5554f14329d3387e52096a29ec62f4c173252b0a4c116fc96e7205,19,mint_to_agent,0x0000000000000000000000000000000000000000,0x3e40d73eb977dc6a537af587d48316fee66e9c8c,True,32427109170088147241,32.42710917008815,0x5f4eC3Df9cbd43714FE2740f5E3616155c5b8419,129127208515966883173,3120.2443,1764937259,60,0x86392dC19c0b719886221c78AB11eb8Cf5c52812,36893488147419103840,0.9993581756800262,1764887111,50208,101115.56244619931,
2025-12-06,2025-12-06T12:21:59.000000Z,23953807,0x19f71dbea4c7cfa3f1c6c4e02d6c02c692cb4edf18b313febf4ff25b6411a2e8,32,mint_to_agent,0x0000000000000000000000000000000000000000,0x3e40d73eb977dc6a537af587d48316fee66e9c8c,True,32102059416557615787,32.102059416557616,0x5f4eC3Df9cbd43714FE2740f5E3616155c5b8419,129127208515966883221,3037.9346,1765020503,3216,0x86392dC19c0b719886221c78AB11eb8Cf5c52812,36893488147419103841,0.9996471578460384,1764973535,50184,97489.54646975388,
2025-12-07,2025-12-07T12:21:59.000000Z,23960925,0xe63a6d36a7ac59e2c73054eb19619bcf52166d2263d779155e904bfa701a234a,19,mint_to_agent,0x0000000000000000000000000000000000000000,0x3e40d73eb977dc6a537af587d48316fee66e9c8c,True,32123796929607143038,32.123796929607146,0x5f4eC3Df9cbd43714FE2740f5E3616155c5b8419,129127208515966883246,3035.63136926,1765108967,1152,0x86392dC19c0b719886221c78AB11eb8Cf5c52812,36893488147419103842,0.9997355199180399,1765059959,50160,97490.21461808436,
2025-12-08,2025-12-08T12:23:23.000000Z,23968059,0x876a50d50a2d8dda436d86e882ee8f68fffa6d5d335af79acee307ada0eade33,24,mint_to_agent,0x0000000000000000000000000000000000000000,0x3e40d73eb977dc6a537af587d48316fee66e9c8c,True,32893751471707367578,32.89375147170737,0x5f4eC3Df9cbd43714FE2740f5E3616155c5b8419,129127208515966883305,3147.54,1765193567,3036,0x86392dC19c0b719886221c78AB11eb8Cf5c52812,36893488147419103843,0.99957429,1765146407,50196,103490.32287846928,
2025-12-09,2025-12-09T12:22:11.000000Z,23975190,0xc89891c3b6aa54839dd6a42b72d91cc7431b096cc71469027285dfcc5d230533,26,mint_to_agent,0x0000000000000000000000000000000000000000,0x3e40d73eb977dc6a537af587d48316fee66e9c8c,True,32440332152582144773,32.440332152582144,0x5f4eC3Df9cbd43714FE2740f5E3616155c5b8419,129127208515966883350,3123.87,1765282703,228,0x86392dC19c0b719886221c78AB11eb8Cf5c52812,36893488147419103844,0.99954079,1765232831,50100,101292.8443446126,
2025-12-10,2025-12-10T12:22:23.000000Z,23982279,0x539f833ef0f741498f8baccb16b77bc46ccc06329f7fe23750b5c2616f444802,19,mint_to_agent,0x0000000000000000000000000000000000000000,0x3e40d73eb977dc6a537af587d48316fee66e9c8c,True,32806908014394157121,32.80690801439416,0x5f4eC3Df9cbd43714FE2740f5E3616155c5b8419,129127208515966883402,3316.16999999,1765367639,1704,0x86392dC19c0b719886221c78AB11eb8Cf5c52812,36893488147419103845,0.9995772852263652,1765319267,50076,108747.29562128308,
2025-12-11,2025-12-11T12:22:47.000000Z,23989407,0x2656b06ad3d78b82d8f53d97ffbe49b1b2f2a9a4439b5e3eccaa0375e84989f3,19,mint_to_agent,0x0000000000000000000000000000000000000000,0x3e40d73eb977dc6a537af587d48316fee66e9c8c,True,32528185394127211752,32.52818539412721,0x5f4eC3Df9cbd43714FE2740f5E3616155c5b8419,129127208515966883470,3197.0719,1765454051,1716,0x86392dC19c0b719886221c78AB11eb8Cf5c52812,36893488147419103846,0.9996909406602763,1765405679,50088,103962.80687175128,
2025-12-12,2025-12-12T12:22:11.000000Z,23996514,0x28acb02c39c4fde4c6aac3c19790baa976e13d51e49384694046eff6dbfa1d25,19,mint_to_agent,0x0000000000000000000000000000000000000000,0x3e40d73eb977dc6a537af587d48316fee66e9c8c,True,32471158574670193524,32.47115857467019,0x5f4eC3Df9cbd43714FE2740f5E3616155c5b8419,129127208515966883517,3239.607212,1765540919,1212,0x86392dC19c0b719886221c78AB11eb8Cf5c52812,36893488147419103847,0.9992799089795102,1765492115,50016,105118.05039006569,
2025-12-13,2025-12-13T12:23:59.000000Z,24003662,0x08f88c4ee0f13d5230bb79ad48393c1db6f0154424e29c48599e7da3683997db,19,mint_to_agent,0x0000000000000000000000000000000000000000,0x3e40d73eb977dc6a537af587d48316fee66e9c8c,True,32627516421981281600,32.627516421981284,0x5f4eC3Df9cbd43714FE2740f5E3616155c5b8419,129127208515966883564,3123.05,1765628363,276,0x86392dC19c0b719886221c78AB11eb8Cf5c52812,36893488147419103848,0.9996826283214556,1765578587,50052,101865.02582384806,
2025-12-14,2025-12-14T12:23:11.000000Z,24010817,0xd760cb3621ae8eacbaaa10c1847030e71d2784b79e7977904685121853dd320f,19,mint_to_agent,0x0000000000000000000000000000000000000000,0x3e40d73eb977dc6a537af587d48316fee66e9c8c,True,32199829882518139838,32.19982988251814,0x5f4eC3Df9cbd43714FE2740f5E3616155c5b8419,129127208515966883593,3099.7957,1765714823,168,0x86392dC19c0b719886221c78AB11eb8Cf5c52812,36893488147419103849,0.9998346748085591,1765664999,49992,99796.3926247176,
2025-12-15,2025-12-15T12:21:59.000000Z,24017970,0xbe6532e8d2e18d7a55c8bf1f0f09b786b73dfc894b29d6b5bc8b9b682f877018,24,mint_to_agent,0x0000000000000000000000000000000000000000,0x3e40d73eb977dc6a537af587d48316fee66e9c8c,True,32292941512280368007,32.292941512280365,0x5f4eC3Df9cbd43714FE2740f5E3616155c5b8419,129127208515966883632,3148.829225,1765799087,2232,0x86392dC19c0b719886221c78AB11eb8Cf5c52812,36893488147419103850,0.9999748362739533,1765751399,49920,101682.39922265806,
2025-12-16,2025-12-16T12:22:35.000000Z,24025139,0x49b5f549764b38d65843d2beb0aef428120b1fac408baab0ea596145766aea0a,19,mint_to_agent,0x0000000000000000000000000000000000000000,0x3e40d73eb977dc6a537af587d48316fee66e9c8c,True,33146220556276779955,33.14622055627678,0x5f4eC3Df9cbd43714FE2740f5E3616155c5b8419,129127208515966883692,2952.233946,1765885283,2472,0x86392dC19c0b719886221c78AB11eb8Cf5c52812,36893488147419103851,0.9995109715701596,1765837811,49944,97807.54343644863,
2025-12-17,2025-12-17T12:21:59.000000Z,24032304,0xd00c654ef8731a214143c212bd39bb25ee0f31c5da38e295b8b70253b1e25f12,19,mint_to_agent,0x0000000000000000000000000000000000000000,0x3e40d73eb977dc6a537af587d48316fee66e9c8c,True,32713407162154008415,32.713407162154006,0x5f4eC3Df9cbd43714FE2740f5E3616155c5b8419,129127208515966883740,2926.98,1765970999,3120,0x86392dC19c0b719886221c78AB11eb8Cf5c52812,36893488147419103852,0.9995109747416873,1765924223,49896,95704.6635990862,
2025-12-18,2025-12-18T12:21:59.000000Z,24039457,0x242914ffea55633e41be438ec2294b89c5915755247d26f10f9eb3269c019149,25,mint_to_agent,0x0000000000000000000000000000000000000000,0x3e40d73eb977dc6a537af587d48316fee66e9c8c,True,33087962247745962467,33.08796224774596,0x5f4eC3Df9cbd43714FE2740f5E3616155c5b8419,129127208515966883796,2853.022784,1766058335,2184,0x86392dC19c0b719886221c78AB11eb8Cf5c52812,36893488147419103853,0.999838695634342,1766010635,49884,94385.48292227963,
2025-12-19,2025-12-19T12:23:35.000000Z,24046616,0xa4f0d8826710dc14fc0d619d6998e9d0f1d2a672631ae8695d20a235c5ae30b4,19,mint_to_agent,0x0000000000000000000000000000000000000000,0x3e40d73eb977dc6a537af587d48316fee66e9c8c,True,35822207032998019952,35.822207032998016,0x5f4eC3Df9cbd43714FE2740f5E3616155c5b8419,129127208515966883879,2964.25735551,1766146511,504,0x86392dC19c0b719886221c78AB11eb8Cf5c52812,36893488147419103854,0.999917090479809,1766097047,49968,106177.43683790007,
2025-12-20,2025-12-20T12:25:47.000000Z,24053800,0x026cb71e5cfa2b279e72f2422efe86eaa5fa445fc392061ac547795872b8a26c,19,mint_to_agent,0x0000000000000000000000000000000000000000,0x3e40d73eb977dc6a537af587d48316fee66e9c8c,True,33002686531104695011,33.00268653110469,0x5f4eC3Df9cbd43714FE2740f5E3616155c5b8419,129127208515966883919,2986.2233,1766232131,1416,0x86392dC19c0b719886221c78AB11eb8Cf5c52812,36893488147419103855,0.99955707,1766183459,50088,98509.73922809199,
2025-12-21,2025-12-21T13:22:23.000000Z,24061250,0x0349ad5d54af749cf8ee412f1880814a5f5c1e8de4a9658dd5dd06ab156770c7,19,mint_to_agent,0x0000000000000000000000000000000000000000,0x3e40d73eb977dc6a537af587d48316fee66e9c8c,True,32578835527277330681,32.57883552727733,0x5f4eC3Df9cbd43714FE2740f5E3616155c5b8419,129127208515966883946,2969.31659152,1766322359,984,0x86392dC19c0b719886221c78AB11eb8Cf5c52812,36893488147419103856,0.99960303,1766269871,53472,96698.47522553727,
2025-12-22,2025-12-22T12:23:11.000000Z,24068125,0x116056c24d65a4b46fb77108c7af0e38509f834a2ce28661e81fd18548290075,19,mint_to_agent,0x0000000000000000000000000000000000000000,0x3e40d73eb977dc6a537af587d48316fee66e9c8c,True,32916480647971774243,32.916480647971774,0x5f4eC3Df9cbd43714FE2740f5E3616155c5b8419,129127208515966883977,3052.2338,1766404319,1872,0x86392dC19c0b719886221c78AB11eb8Cf5c52812,36893488147419103857,1.0000040331456748,1766356295,49896,100469.2000160706,
2025-12-23,2025-12-23T12:22:11.000000Z,24075283,0xc0fb9c26708d55ff2355abaa5dc1db27c572804eb30752a213dc43c80bb691bf,19,mint_to_agent,0x0000000000000000000000000000000000000000,0x3e40d73eb977dc6a537af587d48316fee66e9c8c,True,33052588791014568062,33.05258879101457,0x5f4eC3Df9cbd43714FE2740f5E3616155c5b8419,129127208515966884011,2968.86055854,1766491343,1188,0x86392dC19c0b719886221c78AB11eb8Cf5c52812,36893488147419103858,0.9994272911064271,1766442707,49824,98072.32813903276,
2025-12-24,2025-12-24T12:22:11.000000Z,24082447,0xe8b70bb2dc5c7f0c4cf5a3b10a5c507d4bd569b5006c63932381813d0fa3da74,19,mint_to_agent,0x0000000000000000000000000000000000000000,0x3e40d73eb977dc6a537af587d48316fee66e9c8c,True,32792580635380841328,32.792580635380844,0x5f4eC3Df9cbd43714FE2740f5E3616155c5b8419,129127208515966884052,2922.2008,1766577719,1212,0x86392dC19c0b719886221c78AB11eb8Cf5c52812,36893488147419103859,0.99921166,1766529143,49788,95750.96149953356,
2025-12-25,2025-12-25T12:29:47.000000Z,24089645,0xc79165e96f1d3267ef86f0c3d0156a2d060167f76c2549072b670eea9d16cc72,20,fee_distributor_to_agent,0x23ed611be0e1a820978875c0122f92260804cddf,0x3e40d73eb977dc6a537af587d48316fee66e9c8c,True,42273679553300266242,42.27367955330027,0x5f4eC3Df9cbd43714FE2740f5E3616155c5b8419,129127208515966884081,2923.91711336,1766665535,252,0x86392dC19c0b719886221c78AB11eb8Cf5c52812,36893488147419103860,0.99939224,1766615555,50232,123529.61307679272,
2025-12-26,2025-12-26T12:29:59.000000Z,24096812,0x2bdaacc8b7ad21d2dd75d067982c003689fbb0743b7b31e9618079088d44cf4f,20,fee_distributor_to_agent,0x23ed611be0e1a820978875c0122f92260804cddf,0x3e40d73eb977dc6a537af587d48316fee66e9c8c,True,42296468894270660275,42.29646889427066,0x5f4eC3Df9cbd43714FE2740f5E3616155c5b8419,129127208515966884113,2964.375744,1766750531,1668,0x86392dC19c0b719886221c78AB11eb8Cf5c52812,36893488147419103861,0.999296242341003,1766701967,50232,125294.38746335918,
2025-12-27,2025-12-27T12:29:35.000000Z,24103973,0x14e2cb8e5fe25223d698c90b24f26c189ab36883398c96af2af8b5340c4ff771,20,fee_distributor_to_agent,0x23ed611be0e1a820978875c0122f92260804cddf,0x3e40d73eb977dc6a537af587d48316fee66e9c8c,True,41899647967163270882,41.89964796716327,0x5f4eC3Df9cbd43714FE2740f5E3616155c5b8419,129127208515966884143,2927.5626,1766835671,2904,0x86392dC19c0b719886221c78AB11eb8Cf5c52812,36893488147419103862,0.9992938037599178,1766788379,50196,122577.2175975774,
2025-12-28,2025-12-28T12:28:59.000000Z,24111133,0xa143cc9920dcb9d3667f39245bae57fc4cb80beaf146110e48578f0f55947496,64,fee_distributor_to_agent,0x23ed611be0e1a820978875c0122f92260804cddf,0x3e40d73eb977dc6a537af587d48316fee66e9c8c,True,41934538939708352471,41.934538939708354,0x5f4eC3Df9cbd43714FE2740f5E3616155c5b8419,129127208515966884170,2942.47760807,1766923331,1608,0x86392dC19c0b719886221c78AB11eb8Cf5c52812,36893488147419103863,0.99929708,1766874815,50124,123304.70752253676,
2025-12-29,2025-12-29T12:33:11.000000Z,24118328,0xb1168ee90b001b3e04e76618a085c9dbb7eddb1415f462c839c6728110a4b86f,20,fee_distributor_to_agent,0x23ed611be0e1a820978875c0122f92260804cddf,0x3e40d73eb977dc6a537af587d48316fee66e9c8c,True,42187588931025743970,42.18758893102575,0x5f4eC3Df9cbd43714FE2740f5E3616155c5b8419,129127208515966884206,2926.85947125,1767011123,468,0x86392dC19c0b719886221c78AB11eb8Cf5c52812,36893488147419103864,0.9992202229933114,1766961227,50364,123380.85959405071,
2025-12-30,2025-12-30T12:29:59.000000Z,24125456,0x3f37a485b9011f639f56577063b5bdb60046ebcbccfd290e88485c1d56a446b2,20,fee_distributor_to_agent,0x23ed611be0e1a820978875c0122f92260804cddf,0x3e40d73eb977dc6a537af587d48316fee66e9c8c,True,42210430022446931531,42.21043002244693,0x5f4eC3Df9cbd43714FE2740f5E3616155c5b8419,129127208515966884239,2979.36271822,1767097403,396,0x86392dC19c0b719886221c78AB11eb8Cf5c52812,36893488147419103865,0.999118306967191,1767047639,50160,125649.29965305372,
2025-12-31,2025-12-31T12:29:59.000000Z,24132616,0xf7f80f8b3b3390283048dc6618651bdd6a281983c8db2dcdceeb43e1d02d174e,20,fee_distributor_to_agent,0x23ed611be0e1a820978875c0122f92260804cddf,0x3e40d73eb977dc6a537af587d48316fee66e9c8c,True,42704791977353469244,42.70479197735347,0x5f4eC3Df9cbd43714FE2740f5E3616155c5b8419,129127208515966884270,2993.48277154,1767181355,2844,0x86392dC19c0b719886221c78AB11eb8Cf5c52812,36893488147419103866,0.99936828,1767134051,50148,127755.30245118644,
2026-01-01,2026-01-01T12:27:35.000000Z,24139778,0xce9729671f91ec799317cb70a3168b687d0891d0130f505f9efae2a8f8464938,20,fee_distributor_to_agent,0x23ed611be0e1a820978875c0122f92260804cddf,0x3e40d73eb977dc6a537af587d48316fee66e9c8c,True,42324076130519187981,42.32407613051919,0x5f4eC3Df9cbd43714FE2740f5E3616155c5b8419,129127208515966884299,2983.79,1767268955,1500,0x86392dC19c0b719886221c78AB11eb8Cf5c52812,36893488147419103867,0.9988194074409004,1767220463,49992,126137.06262243284,
2026-01-02,2026-01-02T12:24:11.000000Z,24146929,0xd180092f3c202ba2445c2a0cea39f17f88a71139402c2b8cfd213c266f32c881,20,fee_distributor_to_agent,0x23ed611be0e1a820978875c0122f92260804cddf,0x3e40d73eb977dc6a537af587d48316fee66e9c8c,True,42384127486890503884,42.3841274868905,0x5f4eC3Df9cbd43714FE2740f5E3616155c5b8419,129127208515966884326,3043.11020742,1767355607,1044,0x86392dC19c0b719886221c78AB11eb8Cf5c52812,36893488147419103868,0.9993643308920147,1767306875,49776,128897.58265910881,
2026-01-03,2026-01-03T12:23:23.000000Z,24154094,0x6505d8a3a5d1017785dc4ca8576808abe4f988a50272e373cefb9aae873a24e5,20,fee_distributor_to_agent,0x23ed611be0e1a820978875c0122f92260804cddf,0x3e40d73eb977dc6a537af587d48316fee66e9c8c,True,42497265696107161382,42.497265696107156,0x5f4eC3Df9cbd43714FE2740f5E3616155c5b8419,129127208515966884364,3096.0237057,1767441695,1308,0x86392dC19c0b719886221c78AB11eb8Cf5c52812,36893488147419103869,0.9998269674644923,1767393287,49716,131549.7756920298,
2026-01-04,2026-01-04T12:21:59.000000Z,24161266,0xa994773053130e8230c801ef711a6b9ba060e2de3c78c3db5fdba09948a6c36e,20,fee_distributor_to_agent,0x23ed611be0e1a820978875c0122f92260804cddf,0x3e40d73eb977dc6a537af587d48316fee66e9c8c,True,41766077736018007972,41.76607773601801,0x5f4eC3Df9cbd43714FE2740f5E3616155c5b8419,129127208515966884389,3137.53363899,1767528119,1200,0x86392dC19c0b719886221c78AB11eb8Cf5c52812,36893488147419103870,0.998268709164398,1767479699,49620,130815.60123134998,
2026-01-05,2026-01-05T12:21:59.000000Z,24168429,0x51e0bc27ea1d9e1b8cd2d75ceb7a442e4865786dc21448b361639bc898c200bd,20,fee_distributor_to_agent,0x23ed611be0e1a820978875c0122f92260804cddf,0x3e40d73eb977dc6a537af587d48316fee66e9c8c,True,41926644917696861007,41.92664491769686,0x5f4eC3Df9cbd43714FE2740f5E3616155c5b8419,129127208515966884417,3177.4688,1767614543,1176,0x86392dC19c0b719886221c78AB11eb8Cf5c52812,36893488147419103871,0.99941278,1767566111,49608,133142.3763103377,
2026-01-06,2026-01-06T12:22:23.000000Z,24175603,0x724d8314a922d1a892b7ac51648ce9c01b76b2e579e86dfd272f58056b0c2046,20,fee_distributor_to_agent,0x23ed611be0e1a820978875c0122f92260804cddf,0x3e40d73eb977dc6a537af587d48316fee66e9c8c,True,42437356757352126976,42.43735675735213,0x5f4eC3Df9cbd43714FE2740f5E3616155c5b8419,129127208515966884453,3238.73557051,1767700967,1176,0x86392dC19c0b719886221c78AB11eb8Cf5c52812,36893488147419103872,0.9995383942464569,1767652523,49620,137379.9321949196,
2026-01-07,2026-01-07T12:22:23.000000Z,24182771,0x637bac6ff9e9c85ee3e6830c9e1c7099d9ce92eef732404b35b61da1a6f5507c,63,fee_distributor_to_agent,0x23ed611be0e1a820978875c0122f92260804cddf,0x3e40d73eb977dc6a537af587d48316fee66e9c8c,True,42512486116492738579,42.51248611649274,0x5f4eC3Df9cbd43714FE2740f5E3616155c5b8419,129127208515966884494,3220.14152989,1767785603,2940,0x86392dC19c0b719886221c78AB11eb8Cf5c52812,36893488147419103873,0.9999978,1767738935,49608,136895.92091090174,
2026-01-08,2026-01-08T12:24:35.000000Z,24189935,0x77d0b095697eccc3be207e8dd4927e968fa93aeac25596fc533099bac30f265c,20,fee_distributor_to_agent,0x23ed611be0e1a820978875c0122f92260804cddf,0x3e40d73eb977dc6a537af587d48316fee66e9c8c,True,42102509199443906985,42.10250919944391,0x5f4eC3Df9cbd43714FE2740f5E3616155c5b8419,129127208515966884532,3095.80277495,1767874343,732,0x86392dC19c0b719886221c78AB11eb8Cf5c52812,36893488147419103874,0.999935259907258,1767825359,49716,130332.62651937235,
2026-01-09,2026-01-09T12:23:11.000000Z,24197100,0x4d276520e927f7a181b79365d7ab2f545ee070aaa7072da17beb7d5f2833f4df,28,fee_distributor_to_agent,0x23ed611be0e1a820978875c0122f92260804cddf,0x3e40d73eb977dc6a537af587d48316fee66e9c8c,True,41992959295018762260,41.992959295018764,0x5f4eC3Df9cbd43714FE2740f5E3616155c5b8419,129127208515966884571,3088.67718542,1767960179,1212,0x86392dC19c0b719886221c78AB11eb8Cf5c52812,36893488147419103875,0.9992523930706655,1767911771,49620,129605.7286890185,
2026-01-10,2026-01-10T12:22:11.000000Z,24204267,0xd1049129a3515d16f99ec28f08b461dc2ff1f89d58ea74a63cf139c585e6bbd0,20,fee_distributor_to_agent,0x23ed611be0e1a820978875c0122f92260804cddf,0x3e40d73eb977dc6a537af587d48316fee66e9c8c,True,42087688676824161297,42.087688676824165,0x5f4eC3Df9cbd43714FE2740f5E3616155c5b8419,129127208515966884605,3094.34,1768046543,1188,0x86392dC19c0b719886221c78AB11eb8Cf5c52812,36893488147419103876,0.999964290142708,1767998183,49548,130228.96795630996,
2026-01-11,2026-01-11T12:23:47.000000Z,24211444,0x90058f3299c5e21846c89616b1757592c0c2cb0fddcefd52f94bcc397266dfe5,20,fee_distributor_to_agent,0x23ed611be0e1a820978875c0122f92260804cddf,0x3e40d73eb977dc6a537af587d48316fee66e9c8c,True,41432806048405188625,41.43280604840519,0x5f4eC3Df9cbd43714FE2740f5E3616155c5b8419,129127208515966884629,3101.16871253,1768132919,1308,0x86392dC19c0b719886221c78AB11eb8Cf5c52812,36893488147419103877,0.9997448946421212,1768084595,49632,128457.34327113489,
2026-01-12,2026-01-12T12:22:23.000000Z,24218603,0x5b939229ef2694acba30e8b522ebf0d90c7b4f61b5b6460c41eb1731429f401b,20,fee_distributor_to_agent,0x23ed611be0e1a820978875c0122f92260804cddf,0x3e40d73eb977dc6a537af587d48316fee66e9c8c,True,41476768252180875865,41.476768252180875,0x5f4eC3Df9cbd43714FE2740f5E3616155c5b8419,129127208515966884661,3111.13729961,1768217963,2580,0x86392dC19c0b719886221c78AB11eb8Cf5c52812,36893488147419103878,0.9998000482016464,1768171007,49536,129014.11901242108,
2026-01-13,2026-01-13T12:22:11.000000Z,24225764,0x8a0da1703750935a5aacadc227b6005ff8431fa1d9e02aa946f4bd407dcbd26d,20,fee_distributor_to_agent,0x23ed611be0e1a820978875c0122f92260804cddf,0x3e40d73eb977dc6a537af587d48316fee66e9c8c,True,41652532352259018921,41.65253235225902,0x5f4eC3Df9cbd43714FE2740f5E3616155c5b8419,129127208515966884697,3129.10820757,1768305179,1752,0x86392dC19c0b719886221c78AB11eb8Cf5c52812,36893488147419103879,0.9996723921416205,1768257419,49512,130292.58198729825,
2026-01-14,2026-01-14T12:22:23.000000Z,24232910,0xeda61df81a3016a72e48a6b69c3915c5dc19701b96ad723ee46b637532985d6a,20,fee_distributor_to_agent,0x23ed611be0e1a820978875c0122f92260804cddf,0x3e40d73eb977dc6a537af587d48316fee66e9c8c,True,41932852813267311538,41.93285281326731,0x5f4eC3Df9cbd43714FE2740f5E3616155c5b8419,129127208515966884739,3291.4,1768393235,108,0x86392dC19c0b719886221c78AB11eb8Cf5c52812,36893488147419103880,1.001215989749538,1768343831,49512,138185.61996960943,
2026-01-15,2026-01-15T12:25:59.000000Z,24240099,0x928651654b32cb7488bf39d5444d919bd2c66c4bdf524c98ca1b6fe8cdce70e4,28,fee_distributor_to_agent,0x23ed611be0e1a820978875c0122f92260804cddf,0x3e40d73eb977dc6a537af587d48316fee66e9c8c,True,41716912127601267139,41.71691212760127,0x5f4eC3Df9cbd43714FE2740f5E3616155c5b8419,129127208515966884778,3348.788726,1768476911,3048,0x86392dC19c0b719886221c78AB11eb8Cf5c52812,36893488147419103881,0.9994263974989838,1768430243,49716,139620.9921017396,
2026-01-16,2026-01-16T12:22:11.000000Z,24247258,0x7930795a4379ba9f2dcaa4e55a309219b5584b0bf92cb3389d4ac77534e0df19,35,fee_distributor_to_agent,0x23ed611be0e1a820978875c0122f92260804cddf,0x3e40d73eb977dc6a537af587d48316fee66e9c8c,True,41516300560519146220,41.51630056051914,0x5f4eC3Df9cbd43714FE2740f5E3616155c5b8419,129127208515966884817,3302.13,1768564979,1152,0x86392dC19c0b719886221c78AB11eb8Cf5c52812,36893488147419103882,0.99980626,1768516667,49464,137065.66132290012,
2026-01-17,2026-01-17T12:24:35.000000Z,24254444,0x490eb24bfc744997bca5f5bc5baa935d7b3ea11e187aadd2f25359a610cbacf9,20,fee_distributor_to_agent,0x23ed611be0e1a820978875c0122f92260804cddf,0x3e40d73eb977dc6a537af587d48316fee66e9c8c,True,41432359757631330197,41.43235975763133,0x5f4eC3Df9cbd43714FE2740f5E3616155c5b8419,129127208515966884844,3300.639592,1768651343,1332,0x86392dC19c0b719886221c78AB11eb8Cf5c52812,36893488147419103883,0.9997909668370116,1768603103,49572,136724.7010338936,
2026-01-18,2026-01-18T12:24:59.000000Z,24261623,0x2360e5453cbed97860f44fed34459137293c9cd556bd98c4de4b206173a5793b,20,fee_distributor_to_agent,0x23ed611be0e1a820978875c0122f92260804cddf,0x3e40d73eb977dc6a537af587d48316fee66e9c8c,True,41337782310312234845,41.33778231031223,0x5f4eC3Df9cbd43714FE2740f5E3616155c5b8419,129127208515966884869,3320.91214136,1768737695,1404,0x86392dC19c0b719886221c78AB11eb8Cf5c52812,36893488147419103884,1.0002793204073552,1768689527,49572,137317.48803740446,
2026-01-19,2026-01-19T12:22:11.000000Z,24268789,0x0eac65758fd699b1407763fd91e3e7db7b9c43687a6ea53f3f529fed449319a6,20,fee_distributor_to_agent,0x23ed611be0e1a820978875c0122f92260804cddf,0x3e40d73eb977dc6a537af587d48316fee66e9c8c,True,42392587666590826337,42.39258766659083,0x5f4eC3Df9cbd43714FE2740f5E3616155c5b8419,129127208515966884907,3228.6389913,1768823183,2148,0x86392dC19c0b719886221c78AB11eb8Cf5c52812,36893488147419103885,0.9999376873358439,1768775963,49368,136861.83272559065,
2026-01-20,2026-01-20T12:22:59.000000Z,24275961,0xe4b1f149fd60a4556131549b11ee7d26eb3c77a2c566de2d89159fcb464f0a57,20,fee_distributor_to_agent,0x23ed611be0e1a820978875c0122f92260804cddf,0x3e40d73eb977dc6a537af587d48316fee66e9c8c,True,41777138654605153422,41.77713865460515,0x5f4eC3Df9cbd43714FE2740f5E3616155c5b8419,129127208515966884940,3110.76469867,1768911383,396,0x86392dC19c0b719886221c78AB11eb8Cf5c52812,36893488147419103886,0.9998116564098434,1768862375,49404,129934.37122215664,
2026-01-21,2026-01-21T12:24:35.000000Z,24283145,0xce782243690312b12341c022f266b2c177ed368ae46c010f14600f02a6fefc69,20,fee_distributor_to_agent,0x23ed611be0e1a820978875c0122f92260804cddf,0x3e40d73eb977dc6a537af587d48316fee66e9c8c,True,42336692809627588745,42.33669280962759,0x5f4eC3Df9cbd43714FE2740f5E3616155c5b8419,129127208515966884984,2906.92620862,1768997915,360,0x86392dC19c0b719886221c78AB11eb8Cf5c52812,36893488147419103887,0.99968954,1768948787,49488,123031.43371357155,
2026-01-22,2026-01-22T12:21:11.000000Z,24290286,0x3b87af78404dcf06f851c10a3b563bbc06c43479a9f21e55c558722084f3dfff,27,fee_distributor_to_agent,0x23ed611be0e1a820978875c0122f92260804cddf,0x3e40d73eb977dc6a537af587d48316fee66e9c8c,True,42055854073478787450,42.05585407347879,0x5f4eC3Df9cbd43714FE2740f5E3616155c5b8419,129127208515966885040,2982.238829,1769081771,2700,0x86392dC19c0b719886221c78AB11eb8Cf5c52812,36893488147419103888,1.000305544821096,1769035211,49260,125458.922619782,
2026-01-23,2026-01-23T12:21:59.000000Z,24297454,0xfa44376f1c9723aa9a78dc6186c13bef178d4708a522c3abd0258d8320047d91,105,fee_distributor_to_agent,0x23ed611be0e1a820978875c0122f92260804cddf,0x3e40d73eb977dc6a537af587d48316fee66e9c8c,True,41661292804507234684,41.66129280450724,0x5f4eC3Df9cbd43714FE2740f5E3616155c5b8419,129127208515966885077,2933.28739233,1769170475,444,0x86392dC19c0b719886221c78AB11eb8Cf5c52812,36893488147419103889,0.9998318003771756,1769121635,49284,122183.9901732647,
2026-01-24,2026-01-24T12:23:23.000000Z,24304631,0xd0a0a75362129f92169ca9529b6a66ff012534cccda3525660fb5be4baa580b1,20,fee_distributor_to_agent,0x23ed611be0e1a820978875c0122f92260804cddf,0x3e40d73eb977dc6a537af587d48316fee66e9c8c,True,41232803554820533740,41.23280355482053,0x5f4eC3Df9cbd43714FE2740f5E3616155c5b8419,129127208515966885114,2956.17777111,1769256131,1272,0x86392dC19c0b719886221c78AB11eb8Cf5c52812,36893488147419103890,1.0010153,1769208071,49332,122015.25374652396,
2026-01-25,2026-01-25T12:21:59.000000Z,24311794,0xfda5ce185311e48ab1addee193e68cda7effea990a26792ea8f0ae85b867abb3,809,fee_distributor_to_agent,0x23ed611be0e1a820978875c0122f92260804cddf,0x3e40d73eb977dc6a537af587d48316fee66e9c8c,True,41534444427245826726,41.53444442724583,0x5f4eC3Df9cbd43714FE2740f5E3616155c5b8419,129127208515966885138,2933.55506823,1769341391,2328,0x86392dC19c0b719886221c78AB11eb8Cf5c52812,36893488147419103891,0.99986887,1769294495,49224,121827.60260702469,
2026-01-26,2026-01-26T12:24:23.000000Z,24318985,0x1620f2b31ab3ec3db2c168a92761636dcbcb2d8a748872159ff65ba285689da7,20,fee_distributor_to_agent,0x23ed611be0e1a820978875c0122f92260804cddf,0x3e40d73eb977dc6a537af587d48316fee66e9c8c,True,42466354549786509752,42.46635454978651,0x5f4eC3Df9cbd43714FE2740f5E3616155c5b8419,129127208515966885180,2910.6751,1769429807,456,0x86392dC19c0b719886221c78AB11eb8Cf5c52812,36893488147419103892,0.9997443774948228,1769380931,49332,123574.16436161145,
2026-01-27,2026-01-27T12:23:11.000000Z,24326144,0xe03e129a4c2fd352643450f0ca4da1a0456283a76c7a479c73cca50f1f4c9b9d,31,fee_distributor_to_agent,0x23ed611be0e1a820978875c0122f92260804cddf,0x3e40d73eb977dc6a537af587d48316fee66e9c8c,True,42085968430711856173,42.08596843071186,0x5f4eC3Df9cbd43714FE2740f5E3616155c5b8419,129127208515966885215,2914.50442072,1769514203,2388,0x86392dC19c0b719886221c78AB11eb8Cf5c52812,36893488147419103893,0.9997989817723023,1769467343,49248,122635.08419783803,
2026-01-28,2026-01-28T12:19:35.000000Z,24333294,0xd293952d2a280c55e7dc986fa24d546d807434094ac486fc50b874faf37f336b,20,fee_distributor_to_agent,0x23ed611be0e1a820978875c0122f92260804cddf,0x3e40d73eb977dc6a537af587d48316fee66e9c8c,True,41469332465326225132,41.469332465326225,0x5f4eC3Df9cbd43714FE2740f5E3616155c5b8419,129127208515966885256,3034.68642992,1769601023,1752,0x86392dC19c0b719886221c78AB11eb8Cf5c52812,36893488147419103894,0.9999123404754389,1769553755,49020,125835.38885297849,
2026-01-29,2026-01-29T12:21:47.000000Z,24340476,0xcbce7dd16eb45b801c04ef17e7c7ed72c804bc1fdeaf80cab75cac0f9f04ff6c,20,fee_distributor_to_agent,0x23ed611be0e1a820978875c0122f92260804cddf,0x3e40d73eb977dc6a537af587d48316fee66e9c8c,True,41468858022065901636,41.46885802206591,0x5f4eC3Df9cbd43714FE2740f5E3616155c5b8419,129127208515966885292,2928.10711775,1769689091,216,0x86392dC19c0b719886221c78AB11eb8Cf5c52812,36893488147419103895,0.9991097540443625,1769640167,49140,121317.1599942265,
2026-01-30,2026-01-30T12:22:11.000000Z,24347653,0xb5d0034db1e4c89be550ddbce1ad5f875aebc082d36508a95564269f0f40c347,86,fee_distributor_to_agent,0x23ed611be0e1a820978875c0122f92260804cddf,0x3e40d73eb977dc6a537af587d48316fee66e9c8c,True,44007326749132457915,44.00732674913245,0x5f4eC3Df9cbd43714FE2740f5E3616155c5b8419,129127208515966885353,2755.4861,1769774075,1656,0x86392dC19c0b719886221c78AB11eb8Cf5c52812,36893488147419103896,0.9998495903590862,1769726591,49140,121243.33824511609,
2026-01-31,2026-01-31T12:21:59.000000Z,24354825,0x2f5c12ae181e1ce3b789a113ce8ec8afabba17628d56e0d44dff3a6892c2d478,20,fee_distributor_to_agent,0x23ed611be0e1a820978875c0122f92260804cddf,0x3e40d73eb977dc6a537af587d48316fee66e9c8c,True,42984188848728498707,42.9841888487285,0x5f4eC3Df9cbd43714FE2740f5E3616155c5b8419,129127208515966885417,2636.15536675,1769859923,2196,0x86392dC19c0b719886221c78AB11eb8Cf5c52812,36893488147419103897,0.999770419883183,1769813027,49092,113286.98570716695,
2026-02-01,2026-02-01T12:26:11.000000Z,24362004,0x4fd07057b2eb52bc2877c0fd2c654f463843f75b0cc79fb5c03e10f4ec616cc7,26,fee_distributor_to_agent,0x23ed611be0e1a820978875c0122f92260804cddf,0x3e40d73eb977dc6a537af587d48316fee66e9c8c,True,65322658610099636576,65.32265861009964,0x5f4eC3Df9cbd43714FE2740f5E3616155c5b8419,129127208515966885530,2383.95648485,1769948687,84,0x86392dC19c0b719886221c78AB11eb8Cf5c52812,36893488147419103898,0.9994605637061104,1769899451,49320,155642.37114227455,
2026-02-02,2026-02-02T12:24:35.000000Z,24369155,0x3a2b9f3c05c171ee5373b5ac81f731b2136408dfb68a4896798b7fc550c694ef,20,fee_distributor_to_agent,0x23ed611be0e1a820978875c0122f92260804cddf,0x3e40d73eb977dc6a537af587d48316fee66e9c8c,True,46380937717211498986,46.380937717211495,0x5f4eC3Df9cbd43714FE2740f5E3616155c5b8419,129127208515966885701,2306.9,1770034691,384,0x86392dC19c0b719886221c78AB11eb8Cf5c52812,36893488147419103899,0.9995304253888521,1769985875,49200,106945.94252776628,
2026-02-03,2026-02-03T12:22:11.000000Z,24376298,0x4a4d6e4fbf32b2d99fdd2dbe87a50c737c43bbd424c321e4892b1da6f413c631,24,fee_distributor_to_agent,0x23ed611be0e1a820978875c0122f92260804cddf,0x3e40d73eb977dc6a537af587d48316fee66e9c8c,True,42053840808305346303,42.053840808305345,0x5f4eC3Df9cbd43714FE2740f5E3616155c5b8419,129127208515966885769,2293.6845,1770120827,504,0x86392dC19c0b719886221c78AB11eb8Cf5c52812,36893488147419103900,0.9995333913185575,1770072299,49032,96413.23457397745,
2026-02-04,2026-02-04T12:24:23.000000Z,24383469,0xb2f404e5c2be50dbb38d652ead42d79f76a71dbd1987a60ac4967e5b9c51a24d,99,fee_distributor_to_agent,0x23ed611be0e1a820978875c0122f92260804cddf,0x3e40d73eb977dc6a537af587d48316fee66e9c8c,True,44290844115199726481,44.29084411519973,0x5f4eC3Df9cbd43714FE2740f5E3616155c5b8419,129127208515966885869,2260.40841826,1770205055,2808,0x86392dC19c0b719886221c78AB11eb8Cf5c52812,36893488147419103901,0.9989861474008191,1770158723,49140,100013.89463448407,
2026-02-05,2026-02-05T12:25:47.000000Z,24390617,0x35d29fb036c020ceafcc38cf01fc429de67bfc1da97994d075903747020db3e1,181,fee_distributor_to_agent,0x23ed611be0e1a820978875c0122f92260804cddf,0x3e40d73eb977dc6a537af587d48316fee66e9c8c,True,46479101105603715026,46.47910110560372,0x5f4eC3Df9cbd43714FE2740f5E3616155c5b8419,129127208515966886046,2049.2265,1770294023,324,0x86392dC19c0b719886221c78AB11eb8Cf5c52812,36893488147419103902,0.99943181,1770245147,49200,95192.08774017612,
2026-02-06,2026-02-06T12:23:35.000000Z,24397761,0xb8f5c9abea2760cd843cd807834482591b6e0b53aa2bcab97ad3816dacf14964,20,fee_distributor_to_agent,0x23ed611be0e1a820978875c0122f92260804cddf,0x3e40d73eb977dc6a537af587d48316fee66e9c8c,True,69874556063689828579,69.87455606368982,0x5f4eC3Df9cbd43714FE2740f5E3616155c5b8419,129127208515966886300,1918.0759,1770379787,828,0x86392dC19c0b719886221c78AB11eb8Cf5c52812,36893488147419103903,0.99909088,1770318851,61764,133902.85747187195,
2026-02-07,2026-02-07T12:24:11.000000Z,24404923,0xf699a1b1ce48502186f0906f6e07b897da858ae18c52e4032e708b8f3c7498fe,117,fee_distributor_to_agent,0x23ed611be0e1a820978875c0122f92260804cddf,0x3e40d73eb977dc6a537af587d48316fee66e9c8c,True,44206331613946514521,44.20633161394651,0x5f4eC3Df9cbd43714FE2740f5E3616155c5b8419,129127208515966886395,2063.27,1770466823,228,0x86392dC19c0b719886221c78AB11eb8Cf5c52812,36893488147419103904,0.9989028484160534,1770405263,61788,91109.52707437809,
2026-02-08,2026-02-08T12:24:23.000000Z,24412045,0x41d12dab81873a33d30d0592d2a6da549972dbd1b82fb8a075c3fd84c8c78318,32,fee_distributor_to_agent,0x23ed611be0e1a820978875c0122f92260804cddf,0x3e40d73eb977dc6a537af587d48316fee66e9c8c,True,44214328529489220511,44.21432852948922,0x5f4eC3Df9cbd43714FE2740f5E3616155c5b8419,129127208515966886456,2122.78032713,1770550331,3132,0x86392dC19c0b719886221c78AB11eb8Cf5c52812,36893488147419103905,0.9986318300893859,1770491675,61788,93728.8940366352,
2026-02-09,2026-02-09T12:22:59.000000Z,24419180,0x932b65b4829608ea86db1c472e77b016ff1676f22f0ad5e933253bc703e0f60c,86,fee_distributor_to_agent,0x23ed611be0e1a820978875c0122f92260804cddf,0x3e40d73eb977dc6a537af587d48316fee66e9c8c,True,41661606122636844484,41.66160612263685,0x5f4eC3Df9cbd43714FE2740f5E3616155c5b8419,129127208515966886512,2027.5203,1770638507,1272,0x86392dC19c0b719886221c78AB11eb8Cf5c52812,36893488147419103906,0.998610051941466,1770578111,61668,84352.34357625275,
2026-02-10,2026-02-10T12:22:23.000000Z,24426344,0xe235967f8e11420022ffa6216ec0265df28baba97e0465226d995671a8b322d7,20,fee_distributor_to_agent,0x23ed611be0e1a820978875c0122f92260804cddf,0x3e40d73eb977dc6a537af587d48316fee66e9c8c,True,41651553908304499185,41.6515539083045,0x5f4eC3Df9cbd43714FE2740f5E3616155c5b8419,129127208515966886576,2014.29811578,1770725183,960,0x86392dC19c0b719886221c78AB11eb8Cf5c52812,36893488147419103907,0.9988463473168581,1770664547,61596,83801.85665809462,
2026-02-11,2026-02-11T12:22:47.000000Z,24433502,0x93fc570b692799de5d1e417f83dfe6cf28b227a639db544d5033e31737177346,20,fee_distributor_to_agent,0x23ed611be0e1a820978875c0122f92260804cddf,0x3e40d73eb977dc6a537af587d48316fee66e9c8c,True,41313201609086183153,41.31320160908618,0x5f4eC3Df9cbd43714FE2740f5E3616155c5b8419,129127208515966886629,1960.621327,1770811703,864,0x86392dC19c0b719886221c78AB11eb8Cf5c52812,36893488147419103908,0.9988279486850357,1770750983,61584,80904.60853917917,
2026-02-12,2026-02-12T12:22:35.000000Z,24440668,0x4223bb176b65de92edc6e2df9622142486e8d02a66ce1bf5b8498056b2c46282,94,fee_distributor_to_agent,0x23ed611be0e1a820978875c0122f92260804cddf,0x3e40d73eb977dc6a537af587d48316fee66e9c8c,True,42635769045571786972,42.63576904557179,0x5f4eC3Df9cbd43714FE2740f5E3616155c5b8419,129127208515966886688,1988.56,1770897539,1416,0x86392dC19c0b719886221c78AB11eb8Cf5c52812,36893488147419103909,0.9989538,1770837407,61548,84695.0840975069,
2026-02-13,2026-02-13T12:25:47.000000Z,24447849,0x849f9625d852670816fc7c8226c893362a8a117ded385fa1bafe350e1b91629e,27,fee_distributor_to_agent,0x23ed611be0e1a820978875c0122f92260804cddf,0x3e40d73eb977dc6a537af587d48316fee66e9c8c,True,41705744242183969026,41.70574424218397,0x5f4eC3Df9cbd43714FE2740f5E3616155c5b8419,129127208515966886739,1959.26673541,1770982967,2580,0x86392dC19c0b719886221c78AB11eb8Cf5c52812,36893488147419103910,0.9994434,1770923855,61692,81667.19609300447,
2026-02-14,2026-02-14T12:23:11.000000Z,24455004,0x7c230f373b1a27cdc8f95509ebe455be2f1782eefcefbc58530cebf1f1f7ba2b,54,fee_distributor_to_agent,0x23ed611be0e1a820978875c0122f92260804cddf,0x3e40d73eb977dc6a537af587d48316fee66e9c8c,True,41714823925304852044,41.714823925304856,0x5f4eC3Df9cbd43714FE2740f5E3616155c5b8419,129127208515966886785,2096.47990302,1771071779,12,0x86392dC19c0b719886221c78AB11eb8Cf5c52812,36893488147419103911,0.9989669288000399,1771010279,61512,87363.94350908956,
2026-02-15,2026-02-15T12:19:47.000000Z,24462161,0x196fc838324a3c2b90adb55f5bebef4e95ef223b78d0a3ad8a5e40b94fa940be,21,fee_distributor_to_agent,0x23ed611be0e1a820978875c0122f92260804cddf,0x3e40d73eb977dc6a537af587d48316fee66e9c8c,True,40518791614437373400,40.518791614437376,0x5f4eC3Df9cbd43714FE2740f5E3616155c5b8419,129127208515966886827,2059.05,1771157351,636,0x86392dC19c0b719886221c78AB11eb8Cf5c52812,36893488147419103912,0.99938335,1771096703,61284,83378.77062985547,
2026-02-16,2026-02-16T12:20:11.000000Z,24469340,0x60194c4d936eea47cc572e1f8b15962b73517c080e47076a1a99cdcde9e07e93,20,fee_distributor_to_agent,0x23ed611be0e1a820978875c0122f92260804cddf,0x3e40d73eb977dc6a537af587d48316fee66e9c8c,True,42633077150766479752,42.63307715076648,0x5f4eC3Df9cbd43714FE2740f5E3616155c5b8419,129127208515966886872,1970.25971,1771241327,3084,0x86392dC19c0b719886221c78AB11eb8Cf5c52812,36893488147419103913,0.9997603549378856,1771183115,61296,83978.10446141881,
2026-02-17,2026-02-17T12:20:23.000000Z,24476513,0x4f9ba2bc897eadea99f5f5c8d918551f84a22de7f64e15734d2550c681c0394f,20,fee_distributor_to_agent,0x23ed611be0e1a820978875c0122f92260804cddf,0x3e40d73eb977dc6a537af587d48316fee66e9c8c,True,41090807209985555231,41.090807209985556,0x5f4eC3Df9cbd43714FE2740f5E3616155c5b8419,129127208515966886919,1967.12277561,1771328315,2508,0x86392dC19c0b719886221c78AB11eb8Cf5c52812,36893488147419103914,0.99951207,1771269539,61284,80791.22302569586,
2026-02-18,2026-02-18T12:21:59.000000Z,24483688,0xc3d6a4fd5079ab49de3b7b69b8a4f0b0262aee42f729a222bd752eff35644b7c,20,fee_distributor_to_agent,0x23ed611be0e1a820978875c0122f92260804cddf,0x3e40d73eb977dc6a537af587d48316fee66e9c8c,True,41271864770062453396,41.27186477006245,0x5f4eC3Df9cbd43714FE2740f5E3616155c5b8419,129127208515966886967,1982.44838132,1771416611,708,0x86392dC19c0b719886221c78AB11eb8Cf5c52812,36893488147419103915,0.9991595309704618,1771355963,61356,81750.57488491399,
2026-02-19,2026-02-19T12:22:23.000000Z,24490863,0xffbd274e2ba63867f9ec87e606bf2945c396c53f4fba62ee917c217c4876a84a,162,fee_distributor_to_agent,0x23ed611be0e1a820978875c0122f92260804cddf,0x3e40d73eb977dc6a537af587d48316fee66e9c8c,True,41016228169758396773,41.0162281697584,0x5f4eC3Df9cbd43714FE2740f5E3616155c5b8419,129127208515966887011,1944.88806149,1771502927,816,0x86392dC19c0b719886221c78AB11eb8Cf5c52812,36893488147419103916,0.9990927747328225,1771442387,61356,79699.60134565315,
2026-02-20,2026-02-20T12:22:23.000000Z,24498033,0x07ea05cbb56c1cbee24351d18cf5283619e9a7a35f99f65cb37c3b66e0a2369e,20,fee_distributor_to_agent,0x23ed611be0e1a820978875c0122f92260804cddf,0x3e40d73eb977dc6a537af587d48316fee66e9c8c,True,41686501891649496655,41.68650189164949,0x5f4eC3Df9cbd43714FE2740f5E3616155c5b8419,129127208515966887054,1946.239639,1771587815,2328,0x86392dC19c0b719886221c78AB11eb8Cf5c52812,36893488147419103917,0.9990480821024451,1771528799,61344,81054.69146378801,
2026-02-21,2026-02-21T12:22:11.000000Z,24505208,0x48452e910fa09cb37dee723355ecb7a7031c314966481371f5051f1ef22ef62b,20,fee_distributor_to_agent,0x23ed611be0e1a820978875c0122f92260804cddf,0x3e40d73eb977dc6a537af587d48316fee66e9c8c,True,41054284164835096762,41.054284164835096,0x5f4eC3Df9cbd43714FE2740f5E3616155c5b8419,129127208515966887094,1975.29,1771675619,912,0x86392dC19c0b719886221c78AB11eb8Cf5c52812,36893488147419103918,0.998905129540014,1771615223,61308,81005.32941481024,
2026-02-22,2026-02-22T12:21:59.000000Z,24512378,0x2bd555307a899b4c62c4ac2c80812190f4c88907f67be19a31ae9507cc0a7485,20,fee_distributor_to_agent,0x23ed611be0e1a820978875c0122f92260804cddf,0x3e40d73eb977dc6a537af587d48316fee66e9c8c,True,40977630456586612538,40.97763045658661,0x5f4eC3Df9cbd43714FE2740f5E3616155c5b8419,129127208515966887118,1980.5,1771761755,1164,0x86392dC19c0b719886221c78AB11eb8Cf5c52812,36893488147419103919,0.99891617,1771701635,61284,81068.23759814599,
2026-02-23,2026-02-23T12:23:11.000000Z,24519563,0x666d2e0b04bd0aa3498b109614b2d723ee4ef78f39f339f2907995974502154b,32,fee_distributor_to_agent,0x23ed611be0e1a820978875c0122f92260804cddf,0x3e40d73eb977dc6a537af587d48316fee66e9c8c,True,40658804453370209691,40.65880445337021,0x5f4eC3Df9cbd43714FE2740f5E3616155c5b8419,129127208515966887164,1912.95885354,1771846811,2580,0x86392dC19c0b719886221c78AB11eb8Cf5c52812,36893488147419103920,0.9989596356665377,1771788071,61320,77697.70185132067,
2026-02-24,2026-02-24T12:20:59.000000Z,24526724,0xd435a4d390e0bdc34f723d953e488aa11b1d647f628162f7b24010ad298f4d40,27,fee_distributor_to_agent,0x23ed611be0e1a820978875c0122f92260804cddf,0x3e40d73eb977dc6a537af587d48316fee66e9c8c,True,42037104009755032209,42.03710400975503,0x5f4eC3Df9cbd43714FE2740f5E3616155c5b8419,129127208515966887223,1826.00526134,1771934435,1224,0x86392dC19c0b719886221c78AB11eb8Cf5c52812,36893488147419103921,0.99881916,1771874507,61152,76669.331846682,
2026-02-25,2026-02-25T12:21:59.000000Z,24533899,0x23ecac3ed2834936d10acdd89bfbf5de450d08482c547934086a365bce8fa21f,83,fee_distributor_to_agent,0x23ed611be0e1a820978875c0122f92260804cddf,0x3e40d73eb977dc6a537af587d48316fee66e9c8c,True,41338948761844672625,41.33894876184467,0x5f4eC3Df9cbd43714FE2740f5E3616155c5b8419,129127208515966887268,1937.36456802,1772022047,72,0x86392dC19c0b719886221c78AB11eb8Cf5c52812,36893488147419103922,0.9986669354030913,1771960955,61164,79981.85131363953,
2026-02-26,2026-02-26T12:21:47.000000Z,24541060,0x9e366f96f0ad1477b6defa3f36d24d5ecfaf43c00f5236706cf9d87da1d22955,163,fee_distributor_to_agent,0x23ed611be0e1a820978875c0122f92260804cddf,0x3e40d73eb977dc6a537af587d48316fee66e9c8c,True,42338810726416418916,42.33881072641642,0x5f4eC3Df9cbd43714FE2740f5E3616155c5b8419,129127208515966887329,2059.76999999,1772105459,3048,0x86392dC19c0b719886221c78AB11eb8Cf5c52812,36893488147419103923,0.9987529777579887,1772047379,61128,87099.46158926592,
2026-02-27,2026-02-27T12:21:35.000000Z,24548231,0x61bd57b591869848d695d55d79cc2e3f648c87c54079323e53e25109fbb6d373,196,fee_distributor_to_agent,0x23ed611be0e1a820978875c0122f92260804cddf,0x3e40d73eb977dc6a537af587d48316fee66e9c8c,True,41195304391825770387,41.19530439182577,0x5f4eC3Df9cbd43714FE2740f5E3616155c5b8419,129127208515966887381,1958.64230684,1772192543,2352,0x86392dC19c0b719886221c78AB11eb8Cf5c52812,36893488147419103924,0.9988319240041141,1772133815,61080,80592.61763359456,
2026-02-28,2026-02-28T12:23:11.000000Z,24555407,0xcab02cc6d7fcdc58bbe87abf8aaf1ac7a0a826d1e7b9c0511edba3771a2b5558,20,fee_distributor_to_agent,0x23ed611be0e1a820978875c0122f92260804cddf,0x3e40d73eb977dc6a537af587d48316fee66e9c8c,True,41833109150029530886,41.83310915002953,0x5f4eC3Df9cbd43714FE2740f5E3616155c5b8419,129127208515966887443,1873.1835,1772281283,108,0x86392dC19c0b719886221c78AB11eb8Cf5c52812,36893488147419103925,0.9994587210288725,1772220251,61140,78318.67460346363,
2026-03-01,2026-03-01T12:21:59.000000Z,24562561,0x6890d02944f8be969d28a6b3780a815dc8711c4cbbebaeb7d9d68732ca078d18,27,fee_distributor_to_agent,0x23ed611be0e1a820978875c0122f92260804cddf,0x3e40d73eb977dc6a537af587d48316fee66e9c8c,True,41462722404257086442,41.462722404257086,0x5f4eC3Df9cbd43714FE2740f5E3616155c5b8419,129127208515966887504,1985.44,1772365499,2220,0x86392dC19c0b719886221c78AB11eb8Cf5c52812,36893488147419103926,0.9989683018894029,1772306663,61056,82236.81637887885,
2026-03-02,2026-03-02T12:23:23.000000Z,24569736,0x9a8b656955c67462ae89ceea40f35ebd844011148907607e53b1c3c954ba95a8,20,fee_distributor_to_agent,0x23ed611be0e1a820978875c0122f92260804cddf,0x3e40d73eb977dc6a537af587d48316fee66e9c8c,True,41885193397900926367,41.88519339790093,0x5f4eC3Df9cbd43714FE2740f5E3616155c5b8419,129127208515966887570,1943.382612,1772453867,336,0x86392dC19c0b719886221c78AB11eb8Cf5c52812,36893488147419103927,0.99912295,1772393087,61116,81327.56559489592,
2026-03-03,2026-03-03T12:21:59.000000Z,24576900,0x21e2939dd0395a676ce1d426c6ef8b72acc3cfa270a4ad1d2ff1e2cc4f7a7fee,20,fee_distributor_to_agent,0x23ed611be0e1a820978875c0122f92260804cddf,0x3e40d73eb977dc6a537af587d48316fee66e9c8c,True,41232645802311017715,41.23264580231102,0x5f4eC3Df9cbd43714FE2740f5E3616155c5b8419,129127208515966887648,1978.05708143,1772540135,384,0x86392dC19c0b719886221c78AB11eb8Cf5c52812,36893488147419103928,0.9992963111391231,1772479523,60996,81503.13378100832,
2026-03-04,2026-03-04T12:23:11.000000Z,24584070,0x953f277cdd45893f5445ae253eb32df4dbbcec36b3e16d63022ae969e0531462,29,fee_distributor_to_agent,0x23ed611be0e1a820978875c0122f92260804cddf,0x3e40d73eb977dc6a537af587d48316fee66e9c8c,True,42198485023971208467,42.1984850239712,0x5f4eC3Df9cbd43714FE2740f5E3616155c5b8419,129127208515966887732,2046.57577379,1772626643,348,0x86392dC19c0b719886221c78AB11eb8Cf5c52812,36893488147419103929,0.9992162378738733,1772565935,61056,86294.7095646992,
2026-03-05,2026-03-05T12:21:59.000000Z,24591237,0x7cf81f8ccf67f7f0b3bc08fe403ea9024220eab722ef4405f80a4f68275dcddc,30,fee_distributor_to_agent,0x23ed611be0e1a820978875c0122f92260804cddf,0x3e40d73eb977dc6a537af587d48316fee66e9c8c,True,41774396446882654956,41.774396446882655,0x5f4eC3Df9cbd43714FE2740f5E3616155c5b8419,129127208515966887799,2126.435619,1772713091,228,0x86392dC19c0b719886221c78AB11eb8Cf5c52812,36893488147419103930,0.9992560278414729,1772652359,60960,88764.47710001431,
2026-03-06,2026-03-06T12:21:59.000000Z,24598384,0xc602cb07bbd4d01718eba8f34c033760ad1634cc04f3434a2c5e0eec84307a81,20,fee_distributor_to_agent,0x23ed611be0e1a820978875c0122f92260804cddf,0x3e40d73eb977dc6a537af587d48316fee66e9c8c,True,40502429816380306862,40.50242981638031,0x5f4eC3Df9cbd43714FE2740f5E3616155c5b8419,129127208515966887847,2051.35071097,1772799551,168,0x86392dC19c0b719886221c78AB11eb8Cf5c52812,36893488147419103931,0.99919438,1772738783,60936,83017.7535133367,
2026-03-07,2026-03-07T12:21:11.000000Z,24605538,0x799173eb73c324ff6da70167a5315a6eb6ebbfe9780f6efb9a555d49db97c2f3,27,fee_distributor_to_agent,0x23ed611be0e1a820978875c0122f92260804cddf,0x3e40d73eb977dc6a537af587d48316fee66e9c8c,True,40444456861686726373,40.444456861686724,0x5f4eC3Df9cbd43714FE2740f5E3616155c5b8419,129127208515966887889,1988.8201916,1772885927,144,0x86392dC19c0b719886221c78AB11eb8Cf5c52812,36893488147419103932,0.99958475,1772825195,60876,80403.35108336502,
2026-03-08,2026-03-08T12:20:59.000000Z,24612709,0x4cfb06f6681018c702bf22bea6c0c77a44cad6db2afb6b714c818c3adbcce6c9,277,fee_distributor_to_agent,0x23ed611be0e1a820978875c0122f92260804cddf,0x3e40d73eb977dc6a537af587d48316fee66e9c8c,True,40559667292870404516,40.5596672928704,0x5f4eC3Df9cbd43714FE2740f5E3616155c5b8419,129127208515966887922,1939.5491,1772972459,0,0x86392dC19c0b719886221c78AB11eb8Cf5c52812,36893488147419103933,0.9994951742142703,1772911619,60840,78627.75282875336,
2026-03-09,2026-03-09T12:21:59.000000Z,24619885,0x0168150861d6cef3af9385e14893511dfd3ea4dc1b0930cf6a9f7adc01de9cd6,20,fee_distributor_to_agent,0x23ed611be0e1a820978875c0122f92260804cddf,0x3e40d73eb977dc6a537af587d48316fee66e9c8c,True,41070198228019011066,41.07019822801901,0x5f4eC3Df9cbd43714FE2740f5E3616155c5b8419,129127208515966887978,1997.165681,1773057779,1140,0x86392dC19c0b719886221c78AB11eb8Cf5c52812,36893488147419103934,0.999760619811202,1772998031,60888,82004.35549455558,
2026-03-10,2026-03-10T12:23:23.000000Z,24627045,0xac522eea9d33b494c17cd1cacf2155aced15f2c59c4652334d68732efe5b28a3,27,fee_distributor_to_agent,0x23ed611be0e1a820978875c0122f92260804cddf,0x3e40d73eb977dc6a537af587d48316fee66e9c8c,True,41206133181453525983,41.206133181453524,0x5f4eC3Df9cbd43714FE2740f5E3616155c5b8419,129127208515966888021,2059.08469628,1773145391,12,0x86392dC19c0b719886221c78AB11eb8Cf5c52812,36893488147419103935,0.9996877067861454,1773084455,60948,84820.42111002776,
2026-03-11,2026-03-11T12:23:11.000000Z,24634202,0x9eb8d14961cc7ee08eec95f17073da85ef74b6ed2112dbf54e46b1d559aa864f,42,fee_distributor_to_agent,0x23ed611be0e1a820978875c0122f92260804cddf,0x3e40d73eb977dc6a537af587d48316fee66e9c8c,True,41752332887888133428,41.75233288788814,0x5f4eC3Df9cbd43714FE2740f5E3616155c5b8419,129127208515966888064,2013.94383,1773230855,936,0x86392dC19c0b719886221c78AB11eb8Cf5c52812,36893488147419103936,0.9995366282431809,1773170879,60912,84047.88973477216,
2026-03-12,2026-03-12T12:21:59.000000Z,24641356,0x22f1d9504a25506a91713d4b3c91cad0ca5b6c90563bbb73d2760fe0f2724f86,25,fee_distributor_to_agent,0x23ed611be0e1a820978875c0122f92260804cddf,0x3e40d73eb977dc6a537af587d48316fee66e9c8c,True,42251196390839607169,42.25119639083961,0x5f4eC3Df9cbd43714FE2740f5E3616155c5b8419,129127208515966888114,2059.500321,1773316655,1464,0x86392dC19c0b719886221c78AB11eb8Cf5c52812,36893488147419103937,0.9996123805916194,1773257315,60804,86982.62330248127,
2026-03-13,2026-03-13T12:23:11.000000Z,24648519,0x0d9fbdbd243698902ddccc1d0b3277e8c2d662026dade35ad89a61c3f767d5f9,24,fee_distributor_to_agent,0x23ed611be0e1a820978875c0122f92260804cddf,0x3e40d73eb977dc6a537af587d48316fee66e9c8c,True,78857138534701179204,78.85713853470119,0x5f4eC3Df9cbd43714FE2740f5E3616155c5b8419,129127208515966888167,2128.32771098,1773403487,1104,0x86392dC19c0b719886221c78AB11eb8Cf5c52812,36893488147419103938,0.9995969509778425,1773343739,60852,167766.1878896565,
2026-03-14,2026-03-14T12:19:59.000000Z,24655680,0xe9f60665465f78af74eefdec94d9b929f2b156d9e8eb4d12eb740ff3b42c5cb3,20,fee_distributor_to_agent,0x23ed611be0e1a820978875c0122f92260804cddf,0x3e40d73eb977dc6a537af587d48316fee66e9c8c,True,41467176932235820314,41.46717693223582,0x5f4eC3Df9cbd43714FE2740f5E3616155c5b8419,129127208515966888209,2076.705377,1773488891,1908,0x86392dC19c0b719886221c78AB11eb8Cf5c52812,36893488147419103939,0.9994989064331713,1773430163,60636,86071.95757690544,
2026-03-15,2026-03-15T12:19:59.000000Z,24662848,0xed01cf15bddd4c3b4e2f1c87a036e18aa92c1fc989343bc8e912f4f3a532075f,20,fee_distributor_to_agent,0x23ed611be0e1a820978875c0122f92260804cddf,0x3e40d73eb977dc6a537af587d48316fee66e9c8c,True,40831821769910486466,40.83182176991048,0x5f4eC3Df9cbd43714FE2740f5E3616155c5b8419,129127208515966888235,2118.4006,1773576155,1044,0x86392dC19c0b719886221c78AB11eb8Cf5c52812,36893488147419103940,0.9995859626788854,1773516587,60612,86462.34227178895,
2026-03-16,2026-03-16T12:20:23.000000Z,24670020,0x11841e75f63b9b9fea11e2ade579dd6fa0f7f2276f1915c38d72ecaa0e7e2efb,287,fee_distributor_to_agent,0x23ed611be0e1a820978875c0122f92260804cddf,0x3e40d73eb977dc6a537af587d48316fee66e9c8c,True,43334953040998827719,43.334953040998826,0x5f4eC3Df9cbd43714FE2740f5E3616155c5b8419,129127208515966888284,2283.88591,1773662687,936,0x86392dC19c0b719886221c78AB11eb8Cf5c52812,36893488147419103941,0.999659097843325,1773603023,60600,98938.34886237376,
2026-03-17,2026-03-17T12:22:11.000000Z,24677188,0x984724240834ebbf5900367dba8186b54b34a9d4c0892658f9e861914826f8dc,24,fee_distributor_to_agent,0x23ed611be0e1a820978875c0122f92260804cddf,0x3e40d73eb977dc6a537af587d48316fee66e9c8c,True,40912153472366479716,40.91215347236648,0x5f4eC3Df9cbd43714FE2740f5E3616155c5b8419,129127208515966888351,2325.77718042,1773749771,360,0x86392dC19c0b719886221c78AB11eb8Cf5c52812,36893488147419103942,0.99958936,1773689435,60696,95113.47950352832,
2026-03-18,2026-03-18T12:22:11.000000Z,24684338,0x9adb89b5c01c73b0035cb93b5ffbd8861a70df83814984949287773ab414dd4b,43,fee_distributor_to_agent,0x23ed611be0e1a820978875c0122f92260804cddf,0x3e40d73eb977dc6a537af587d48316fee66e9c8c,True,41102789010791975096,41.10278901079197,0x5f4eC3Df9cbd43714FE2740f5E3616155c5b8419,129127208515966888387,2267.6,1773833891,2640,0x86392dC19c0b719886221c78AB11eb8Cf5c52812,36893488147419103943,0.9997060156333227,1773775847,60684,93177.2836407687,
2026-03-19,2026-03-19T12:22:11.000000Z,24691504,0xbdde648850f324d5ac3894642e5cea1446723c97a53f8d267f99e6cc4472062d,27,fee_distributor_to_agent,0x23ed611be0e1a820978875c0122f92260804cddf,0x3e40d73eb977dc6a537af587d48316fee66e9c8c,True,42308997786814726125,42.30899778681473,0x5f4eC3Df9cbd43714FE2740f5E3616155c5b8419,129127208515966888444,2157.41265424,1773922007,924,0x86392dC19c0b719886221c78AB11eb8Cf5c52812,36893488147419103944,0.99976691,1773862259,60672,91256.69123210845,
2026-03-20,2026-03-20T12:21:59.000000Z,24698680,0xc2664bbf2a7699ab469f216a0cada56f2351d48f94545663bab79d0a958247f0,20,fee_distributor_to_agent,0x23ed611be0e1a820978875c0122f92260804cddf,0x3e40d73eb977dc6a537af587d48316fee66e9c8c,True,42201412149485899155,42.2014121494859,0x5f4eC3Df9cbd43714FE2740f5E3616155c5b8419,129127208515966888489,2150.37941839,1774008467,852,0x86392dC19c0b719886221c78AB11eb8Cf5c52812,36893488147419103945,0.9999155647695258,1773948683,60636,90741.3856964554,
2026-03-21,2026-03-21T12:21:59.000000Z,24705850,0xaf1ae7e9769355b537e4674cb38d4ac394f0481cd904ade72ad54e76121b28f2,20,fee_distributor_to_agent,0x23ed611be0e1a820978875c0122f92260804cddf,0x3e40d73eb977dc6a537af587d48316fee66e9c8c,True,41032131857485774868,41.03213185748577,0x5f4eC3Df9cbd43714FE2740f5E3616155c5b8419,129127208515966888526,2158.005,1774094567,1152,0x86392dC19c0b719886221c78AB11eb8Cf5c52812,36893488147419103946,0.9999033637678548,1774035119,60600,88538.98880793057,
2026-03-22,2026-03-22T12:23:11.000000Z,24713026,0x15f35e23159041dd0b7597d8ce215526a2fd7c8ad215ce8035a4326785edb292,20,fee_distributor_to_agent,0x23ed611be0e1a820978875c0122f92260804cddf,0x3e40d73eb977dc6a537af587d48316fee66e9c8c,True,50416435766490942524,50.41643576649094,0x5f4eC3Df9cbd43714FE2740f5E3616155c5b8419,129127208515966888564,2076.40997,1774178795,3396,0x86392dC19c0b719886221c78AB11eb8Cf5c52812,36893488147419103947,1.0000947244111837,1774121531,60660,104695.10612037718,
2026-03-23,2026-03-23T12:21:59.000000Z,24720188,0x6cdceda87b45158d60196e0f41d218ce7dcff27f5a690e299b5be5e4b472e207,20,fee_distributor_to_agent,0x23ed611be0e1a820978875c0122f92260804cddf,0x3e40d73eb977dc6a537af587d48316fee66e9c8c,True,43014244496157095856,43.0142444961571,0x5f4eC3Df9cbd43714FE2740f5E3616155c5b8419,129127208515966888626,2123.00034568,1774267499,1020,0x86392dC19c0b719886221c78AB11eb8Cf5c52812,36893488147419103948,0.9999156221407058,1774207955,60564,91311.55061117746,
2026-03-24,2026-03-24T12:23:23.000000Z,24727368,0xf9cd1ba0a800d2969b70e14a56ea2a9f8818ce9ca7b2368ff5075f86244bd140,54,fee_distributor_to_agent,0x23ed611be0e1a820978875c0122f92260804cddf,0x3e40d73eb977dc6a537af587d48316fee66e9c8c,True,41960556653194521739,41.960556653194516,0x5f4eC3Df9cbd43714FE2740f5E3616155c5b8419,129127208515966888670,2160.3159,1774353263,1740,0x86392dC19c0b719886221c78AB11eb8Cf5c52812,36893488147419103949,0.9997493029101039,1774294367,60636,90625.3325064741,
2026-03-25,2026-03-25T12:23:47.000000Z,24734547,0x62b3ab13f44ffbb5730f28eb8cd396624b68f73d7a6cd59815e6145bda2244ea,20,fee_distributor_to_agent,0x23ed611be0e1a820978875c0122f92260804cddf,0x3e40d73eb977dc6a537af587d48316fee66e9c8c,True,41669898225348558572,41.66989822534856,0x5f4eC3Df9cbd43714FE2740f5E3616155c5b8419,129127208515966888710,2172.43334868,1774441319,108,0x86392dC19c0b719886221c78AB11eb8Cf5c52812,36893488147419103950,0.99998941,1774380791,60636,90524.1178802882,
2026-03-26,2026-03-26T12:21:59.000000Z,24741701,0x465b5bfe6127baefe40fb33436d1c73a7a0e5580be48e9417fce9749d962a9cd,20,fee_distributor_to_agent,0x23ed611be0e1a820978875c0122f92260804cddf,0x3e40d73eb977dc6a537af587d48316fee66e9c8c,True,42204536492878566322,42.20453649287857,0x5f4eC3Df9cbd43714FE2740f5E3616155c5b8419,129127208515966888742,2068.33,1774524287,3432,0x86392dC19c0b719886221c78AB11eb8Cf5c52812,36893488147419103951,0.9997,1774467203,60516,87266.72109162624,
2026-03-27,2026-03-27T12:22:47.000000Z,24748872,0xb8b67fedaaf892c3de59498fa2e52929d3e6dad126d8ed2b2e4c72da65cd4b91,27,fee_distributor_to_agent,0x23ed611be0e1a820978875c0122f92260804cddf,0x3e40d73eb977dc6a537af587d48316fee66e9c8c,True,42410658499614462498,42.41065849961446,0x5f4eC3Df9cbd43714FE2740f5E3616155c5b8419,129127208515966888778,1991.9184,1774612523,1644,0x86392dC19c0b719886221c78AB11eb8Cf5c52812,36893488147419103954,1.000374206764418,1774608239,5928,84510.18347422306,
2026-03-28,2026-03-28T12:22:35.000000Z,24756040,0x1f72b2c40934cb9497db903820875cc85e521ac949312ee6fdd300e9acbda342,27,fee_distributor_to_agent,0x23ed611be0e1a820978875c0122f92260804cddf,0x3e40d73eb977dc6a537af587d48316fee66e9c8c,True,41399211977398420251,41.39921197739842,0x5f4eC3Df9cbd43714FE2740f5E3616155c5b8419,129127208515966888809,1996.62084796,1774699355,1200,0x86392dC19c0b719886221c78AB11eb8Cf5c52812,36893488147419103955,0.9996957115931515,1774694651,5904,82633.37769086713,
2026-03-29,2026-03-29T12:23:11.000000Z,24763216,0x0a86fb9953d43de4a9da9417206291cded0a7ec72ea65b4884b950c82a3e8ea3,20,fee_distributor_to_agent,0x23ed611be0e1a820978875c0122f92260804cddf,0x3e40d73eb977dc6a537af587d48316fee66e9c8c,True,41074002075083773393,41.074002075083776,0x5f4eC3Df9cbd43714FE2740f5E3616155c5b8419,129127208515966888838,2006.25377593,1774784819,2172,0x86392dC19c0b719886221c78AB11eb8Cf5c52812,36893488147419103956,0.99992201,1774781063,5928,82398.44499974526,
2026-03-30,2026-03-30T12:21:59.000000Z,24770385,0x9b32dd5016b8cb4c5a8992ab8f28f2b67d2de8cb4a9df1b154cb7dd7860fdcff,27,fee_distributor_to_agent,0x23ed611be0e1a820978875c0122f92260804cddf,0x3e40d73eb977dc6a537af587d48316fee66e9c8c,True,41526698747612025876,41.52669874761203,0x5f4eC3Df9cbd43714FE2740f5E3616155c5b8419,129127208515966888878,2072.88169875,1774871447,1872,0x86392dC19c0b719886221c78AB11eb8Cf5c52812,36893488147419103957,0.9998,1774867487,5832,86062.71785666085,
2026-03-31,2026-03-31T12:23:11.000000Z,24777563,0x9d16010927022ce0e38d4c4411d3fc9e3930453b74d0796434037455359ee010,20,fee_distributor_to_agent,0x23ed611be0e1a820978875c0122f92260804cddf,0x3e40d73eb977dc6a537af587d48316fee66e9c8c,True,41750062857789749752,41.75006285778975,0x5f4eC3Df9cbd43714FE2740f5E3616155c5b8419,129127208515966888916,2043.53111,1774959647,144,0x86392dC19c0b719886221c78AB11eb8Cf5c52812,36893488147419103958,0.99972555,1774953899,5892,85294.13689212166,
2026-04-01,2026-04-01T12:21:59.000000Z,24784715,0x227dc2092f3688b700e613ca5a1e9f4b684c2309045d4d6608975aff4991964e,20,fee_distributor_to_agent,0x23ed611be0e1a820978875c0122f92260804cddf,0x3e40d73eb977dc6a537af587d48316fee66e9c8c,True,42058826179491782106,42.05882617949178,0x5f4eC3Df9cbd43714FE2740f5E3616155c5b8419,129127208515966888959,2131.73726571,1775044967,1152,0x86392dC19c0b719886221c78AB11eb8Cf5c52812,36893488147419103959,0.9992979850425593,1775040311,5808,89595.42560406483,
2026-04-02,2026-04-02T12:21:59.000000Z,24791893,0x6babe9f968aaaf68736d251784e42a406fb0876f223b1c40fc818c9fd5e436fa,172,fee_distributor_to_agent,0x23ed611be0e1a820978875c0122f92260804cddf,0x3e40d73eb977dc6a537af587d48316fee66e9c8c,True,43667472229312299987,43.6674722293123,0x5f4eC3Df9cbd43714FE2740f5E3616155c5b8419,129127208515966889004,2026.80789711,1775132219,300,0x86392dC19c0b719886221c78AB11eb8Cf5c52812,36893488147419103960,0.9997666704877956,1775126735,5784,88484.92659796207,
2026-04-03,2026-04-03T12:22:11.000000Z,24799072,0x0f37efa63ff9b0a42c1b17d8ef9ee2b71bbdcee4d36e683fb544d53b52ef6742,20,fee_distributor_to_agent,0x23ed611be0e1a820978875c0122f92260804cddf,0x3e40d73eb977dc6a537af587d48316fee66e9c8c,True,41781407250134066917,41.781407250134066,0x5f4eC3Df9cbd43714FE2740f5E3616155c5b8419,129127208515966889038,2062.93708663,1775217839,1092,0x86392dC19c0b719886221c78AB11eb8Cf5c52812,36893488147419103961,0.9996493214827799,1775213159,5772,86162.18871976386,
2026-04-04,2026-04-04T12:21:59.000000Z,24806251,0x2e57150348cd3f56bd3ed77d3a4fd62b60ac334b0f8864af59afdabb9fbc1913,183,fee_distributor_to_agent,0x23ed611be0e1a820978875c0122f92260804cddf,0x3e40d73eb977dc6a537af587d48316fee66e9c8c,True,41142064947934065829,41.14206494793407,0x5f4eC3Df9cbd43714FE2740f5E3616155c5b8419,129127208515966889066,2052.073,1775304107,1212,0x86392dC19c0b719886221c78AB11eb8Cf5c52812,36893488147419103962,0.99975877,1775299583,5736,84406.15443432698,
2026-04-05,2026-04-05T12:23:11.000000Z,24813433,0x05ac2813eabfe27586b5beef1aa84b4ce85f3ef00a78d6011cf9ac2caac7ba30,21,fee_distributor_to_agent,0x23ed611be0e1a820978875c0122f92260804cddf,0x3e40d73eb977dc6a537af587d48316fee66e9c8c,True,41224905416263611148,41.22490541626362,0x5f4eC3Df9cbd43714FE2740f5E3616155c5b8419,129127208515966889092,2040.95,1775390531,1260,0x86392dC19c0b719886221c78AB11eb8Cf5c52812,36893488147419103963,0.9999922973392844,1775386019,5772,84137.32262308156,
2026-04-06,2026-04-06T12:22:11.000000Z,24820602,0xac74029da012d1e59f232f168f8dfcb957a40d34f82ccff33906f3fc57d5f947,27,fee_distributor_to_agent,0x23ed611be0e1a820978875c0122f92260804cddf,0x3e40d73eb977dc6a537af587d48316fee66e9c8c,True,41614030628315348973,41.61403062831535,0x5f4eC3Df9cbd43714FE2740f5E3616155c5b8419,129127208515966889129,2150.17478643,1775475731,2400,0x86392dC19c0b719886221c78AB11eb8Cf5c52812,36893488147419103964,1.0001188390306055,1775472431,5700,89488.07283089102,
2026-04-07,2026-04-07T12:22:11.000000Z,24827780,0x7003990cb02faad1115b23d1c757ed0c8fc314f4adfa74f6a5c4dd46116e421d,77,fee_distributor_to_agent,0x23ed611be0e1a820978875c0122f92260804cddf,0x3e40d73eb977dc6a537af587d48316fee66e9c8c,True,41983892860621233872,41.98389286062123,0x5f4eC3Df9cbd43714FE2740f5E3616155c5b8419,129127208515966889172,2077.71515863,1775563655,876,0x86392dC19c0b719886221c78AB11eb8Cf5c52812,36893488147419103965,0.99995797,1775558843,5688,87226.90431392762,
2026-04-08,2026-04-08T12:21:59.000000Z,24834958,0x68f8f0d7c2e5a6bec4b5d66328059dd566f10c8546f72ffef69248f776ba8e34,20,fee_distributor_to_agent,0x23ed611be0e1a820978875c0122f92260804cddf,0x3e40d73eb977dc6a537af587d48316fee66e9c8c,True,42452150347486377735,42.45215034748638,0x5f4eC3Df9cbd43714FE2740f5E3616155c5b8419,129127208515966889227,2251.59,1775650031,888,0x86392dC19c0b719886221c78AB11eb8Cf5c52812,36893488147419103966,0.9998571233793341,1775645267,5652,95571.18036237071,
2026-04-09,2026-04-09T12:23:11.000000Z,24842131,0x517ff4df40d51853187f30c8551dcf5c1fb4bb9e58766cf4728ba2a93b8cf30c,26,fee_distributor_to_agent,0x23ed611be0e1a820978875c0122f92260804cddf,0x3e40d73eb977dc6a537af587d48316fee66e9c8c,True,41489273798974878019,41.489273798974885,0x5f4eC3Df9cbd43714FE2740f5E3616155c5b8419,129127208515966889261,2181.15,1775733839,3552,0x86392dC19c0b719886221c78AB11eb8Cf5c52812,36893488147419103967,0.999940157341675,1775731703,5688,90488.91412539066,
2026-04-10,2026-04-10T12:21:59.000000Z,24849293,0x47e53b58b8cef7602e5425d9401a41044524f130b4b08af8f7efe30c59680ef5,20,fee_distributor_to_agent,0x23ed611be0e1a820978875c0122f92260804cddf,0x3e40d73eb977dc6a537af587d48316fee66e9c8c,True,41864028158532848705,41.86402815853285,0x5f4eC3Df9cbd43714FE2740f5E3616155c5b8419,129127208515966889305,2224.06,1775821727,1992,0x86392dC19c0b719886221c78AB11eb8Cf5c52812,36893488147419103968,0.9997977070924221,1775818115,5604,93089.27535588125,
2026-04-11,2026-04-11T12:21:59.000000Z,24856465,0x2e231ea3465e79ff4c25d5ffedb48aeadb80c96862f55fae84265cd1dc491630,20,fee_distributor_to_agent,0x23ed611be0e1a820978875c0122f92260804cddf,0x3e40d73eb977dc6a537af587d48316fee66e9c8c,True,41705107719973794843,41.705107719973796,0x5f4eC3Df9cbd43714FE2740f5E3616155c5b8419,129127208515966889338,2244.88389327,1775909939,180,0x86392dC19c0b719886221c78AB11eb8Cf5c52812,36893488147419103969,1.0004749584983585,1775904539,5580,93667.5916863253,
2026-04-12,2026-04-12T12:22:23.000000Z,24863642,0x02bc7eb2a482b537728821b204e35392bbaf17cabd7e079b4357bc2e8637f083,20,fee_distributor_to_agent,0x23ed611be0e1a820978875c0122f92260804cddf,0x3e40d73eb977dc6a537af587d48316fee66e9c8c,True,41594466246163846075,41.59446624616385,0x5f4eC3Df9cbd43714FE2740f5E3616155c5b8419,129127208515966889373,2205.62599887,1775995007,1536,0x86392dC19c0b719886221c78AB11eb8Cf5c52812,36893488147419103970,0.9999845297614876,1775990999,5544,91740.41689357263,
2026-04-13,2026-04-13T12:21:59.000000Z,24870820,0x8109fdd6597d30554a45b35779c70e19444fcbf3f5791400106d3983fd5e39d5,20,fee_distributor_to_agent,0x23ed611be0e1a820978875c0122f92260804cddf,0x3e40d73eb977dc6a537af587d48316fee66e9c8c,True,42166052413396647150,42.16605241339665,0x5f4eC3Df9cbd43714FE2740f5E3616155c5b8419,129127208515966889402,2184.72387,1776081719,1200,0x86392dC19c0b719886221c78AB11eb8Cf5c52812,36893488147419103971,1.000109824209083,1776077423,5496,92131.29834708507,
2026-04-14,2026-04-14T12:21:59.000000Z,24878001,0x67641088b72372be8a085b79957685c81cfbfabeed039856405f1b799799f2be,27,fee_distributor_to_agent,0x23ed611be0e1a820978875c0122f92260804cddf,0x3e40d73eb977dc6a537af587d48316fee66e9c8c,True,42352456824882885634,42.352456824882886,0x5f4eC3Df9cbd43714FE2740f5E3616155c5b8419,129127208515966889444,2373.54195047,1776165791,3528,0x86392dC19c0b719886221c78AB11eb8Cf5c52812,36893488147419103972,0.9999522154855667,1776163835,5484,100520.52942510432,
2026-04-15,2026-04-15T12:22:11.000000Z,24885185,0x5a210f5aca8336f1acba65cf4e947c1dd2b928d4dc7a09d17d8cd04eacac7019,35,fee_distributor_to_agent,0x23ed611be0e1a820978875c0122f92260804cddf,0x3e40d73eb977dc6a537af587d48316fee66e9c8c,True,41614704615976804532,41.614704615976805,0x5f4eC3Df9cbd43714FE2740f5E3616155c5b8419,129127208515966889483,2330.1038,1776253571,2160,0x86392dC19c0b719886221c78AB11eb8Cf5c52812,36893488147419103974,1.0001709,1776250355,5376,96983.15295031978,
2026-04-16,2026-04-16T12:23:11.000000Z,24892361,0xb2778b554886a164a80baced091e46b1be14e7cbbd220984992b9c64e30506a3,27,fee_distributor_to_agent,0x23ed611be0e1a820978875c0122f92260804cddf,0x3e40d73eb977dc6a537af587d48316fee66e9c8c,True,41621931644908063630,41.62193164490806,0x5f4eC3Df9cbd43714FE2740f5E3616155c5b8419,129127208515966889515,2340.94391108,1776341003,1188,0x86392dC19c0b719886221c78AB11eb8Cf5c52812,36893488147419103975,0.99988119,1776336779,5412,97423.03124582417,
2026-04-17,2026-04-17T12:21:59.000000Z,24899541,0xe572680a09b7074748c4237ba4c8c6b7091776d0cb671ac483bef25ab673f845,54,fee_distributor_to_agent,0x23ed611be0e1a820978875c0122f92260804cddf,0x3e40d73eb977dc6a537af587d48316fee66e9c8c,True,42968038738156900785,42.968038738156906,0x5f4eC3Df9cbd43714FE2740f5E3616155c5b8419,129127208515966889551,2352.8252,1776425375,3144,0x86392dC19c0b719886221c78AB11eb8Cf5c52812,36893488147419103976,0.9998282310087886,1776423191,5328,101078.91913093586,
2026-04-18,2026-04-18T12:23:35.000000Z,24906731,0xe358b395b7bfa2d51460e306870e69d59c443e6bffb0787194b544a668488739,20,fee_distributor_to_agent,0x23ed611be0e1a820978875c0122f92260804cddf,0x3e40d73eb977dc6a537af587d48316fee66e9c8c,True,43219686439393228251,43.21968643939323,0x5f4eC3Df9cbd43714FE2740f5E3616155c5b8419,129127208515966889595,2358.68134001,1776513755,1260,0x86392dC19c0b719886221c78AB11eb8Cf5c52812,36893488147419103977,0.99981938,1776509663,5352,101923.05525774331,
2026-04-19,2026-04-19T12:21:59.000000Z,24913902,0xcd0244dc901d372a4d0bd62097de9ffaf1d1e27a70f9f62c19e7de7f4734959a,130,fee_distributor_to_agent,0x23ed611be0e1a820978875c0122f92260804cddf,0x3e40d73eb977dc6a537af587d48316fee66e9c8c,True,46898434804829557124,46.89843480482956,0x5f4eC3Df9cbd43714FE2740f5E3616155c5b8419,129127208515966889621,2328.80731478,1776600071,1248,0x86392dC19c0b719886221c78AB11eb8Cf5c52812,36893488147419103978,0.9947332031868489,1776548963,52356,108642.1920760242,
2026-04-20,2026-04-20T12:22:47.000000Z,24921082,0xe6f5f5bb80fb2bbaf9cfdbd9089ae4164fc9f3f9ea268bfbd4dd146a314129d6,20,fee_distributor_to_agent,0x23ed611be0e1a820978875c0122f92260804cddf,0x3e40d73eb977dc6a537af587d48316fee66e9c8c,True,49528188081627346383,49.52818808162735,0x5f4eC3Df9cbd43714FE2740f5E3616155c5b8419,129127208515966889658,2309.9167,1776686219,1548,0x86392dC19c0b719886221c78AB11eb8Cf5c52812,36893488147419103979,0.9925193454543003,1776635399,52368,113550.15709054073,
2026-04-21,2026-04-21T12:22:11.000000Z,24928264,0x170d004066363d70a01f4ebc87743926bdeba3d7215f6f37da56dca1c13163c0,20,fee_distributor_to_agent,0x23ed611be0e1a820978875c0122f92260804cddf,0x3e40d73eb977dc6a537af587d48316fee66e9c8c,True,45048883197416577353,45.04888319741658,0x5f4eC3Df9cbd43714FE2740f5E3616155c5b8419,129127208515966889691,2317.9947,1776773603,528,0x86392dC19c0b719886221c78AB11eb8Cf5c52812,36893488147419103980,0.9936354603349679,1776721811,52320,103758.46770570746,
2026-04-22,2026-04-22T12:22:11.000000Z,24935438,0xc8cdd56f84c7ea88713179b391b3c25574393aa040d83fdaaafab4a77770dd23,24,fee_distributor_to_agent,0x23ed611be0e1a820978875c0122f92260804cddf,0x3e40d73eb977dc6a537af587d48316fee66e9c8c,True,45236814291538372747,45.23681429153837,0x5f4eC3Df9cbd43714FE2740f5E3616155c5b8419,129127208515966889735,2399.47925409,1776859343,1188,0x86392dC19c0b719886221c78AB11eb8Cf5c52812,36893488147419103981,0.9960709968056554,1776808235,52296,108118.32455790055,
2026-04-23,2026-04-23T12:23:35.000000Z,24942621,0xd38ef9aa54b63a9b4988d92d3022544f92338590426da325b6012f5729ba1748,20,fee_distributor_to_agent,0x23ed611be0e1a820978875c0122f92260804cddf,0x3e40d73eb977dc6a537af587d48316fee66e9c8c,True,45468370861234221375,45.46837086123423,0x5f4eC3Df9cbd43714FE2740f5E3616155c5b8419,129127208515966889767,2330.0018505,1776944891,2124,0x86392dC19c0b719886221c78AB11eb8Cf5c52812,36893488147419103982,0.9975576608513265,1776894647,52368,105682.64344591825,
2026-04-24,2026-04-24T12:21:59.000000Z,24949793,0xbec0d3b857eaba97b05485b7c0d4924d1ec3c5412f5f965f74f5ad5bd64b2ae9,20,fee_distributor_to_agent,0x23ed611be0e1a820978875c0122f92260804cddf,0x3e40d73eb977dc6a537af587d48316fee66e9c8c,True,46050982538341043993,46.05098253834104,0x5f4eC3Df9cbd43714FE2740f5E3616155c5b8419,129127208515966889798,2329.89533499,1777032491,828,0x86392dC19c0b719886221c78AB11eb8Cf5c52812,36893488147419103983,0.997478023716074,1776981083,52236,107023.37654158245,
2026-04-25,2026-04-25T12:22:35.000000Z,24956984,0x343bb37a5cca528ab559d8f647e5056669c7336c2723a1f0ee527e2f0e9178b9,25,fee_distributor_to_agent,0x23ed611be0e1a820978875c0122f92260804cddf,0x3e40d73eb977dc6a537af587d48316fee66e9c8c,True,43310348960807343226,43.310348960807346,0x5f4eC3Df9cbd43714FE2740f5E3616155c5b8419,129127208515966889826,2314.28118711,1777118519,1236,0x86392dC19c0b719886221c78AB11eb8Cf5c52812,36893488147419103984,0.9969095269226238,1777067495,52260,99922.56050277573,
2026-04-26,2026-04-26T12:21:59.000000Z,24964164,0xb1abe5542c0fb6dc53d87623ee236968aab78d72b77aa99c2cccf905aa0f4fdf,28,fee_distributor_to_agent,0x23ed611be0e1a820978875c0122f92260804cddf,0x3e40d73eb977dc6a537af587d48316fee66e9c8c,True,44033368163305773286,44.033368163305774,0x5f4eC3Df9cbd43714FE2740f5E3616155c5b8419,129127208515966889851,2337.0410884,1777204883,1236,0x86392dC19c0b719886221c78AB11eb8Cf5c52812,36893488147419103985,0.9969635540867986,1777153919,52200,102595.31671790908,
2026-04-27,2026-04-27T12:23:11.000000Z,24971354,0x2daca77f3091fe76270e20aaf155856700748633e8c034c29e16e2d28e18c675,35,fee_distributor_to_agent,0x23ed611be0e1a820978875c0122f92260804cddf,0x3e40d73eb977dc6a537af587d48316fee66e9c8c,True,43799829917246177421,43.79982991724618,0x5f4eC3Df9cbd43714FE2740f5E3616155c5b8419,129127208515966889884,2316.7946,1777291427,1164,0x86392dC19c0b719886221c78AB11eb8Cf5c52812,36893488147419103986,0.9973073579685057,1777240331,52260,101201.9730191199,
2026-04-28,2026-04-28T12:21:59.000000Z,24978528,0x8316f8cea8e00fde3ede8392e69fc345e6de2cccb333f66197ceb25c7dd2b74c,27,fee_distributor_to_agent,0x23ed611be0e1a820978875c0122f92260804cddf,0x3e40d73eb977dc6a537af587d48316fee66e9c8c,True,42903114118695371181,42.90311411869537,0x5f4eC3Df9cbd43714FE2740f5E3616155c5b8419,129127208515966889915,2271.45,1777376423,2496,0x86392dC19c0b719886221c78AB11eb8Cf5c52812,36893488147419103987,0.997731794860022,1777326731,52188,97231.23680576708,
2026-04-29,2026-04-29T12:20:47.000000Z,24985705,0xd5942e4990ad20f06ac185026d7c3ec39a6982e5a0b82edfcc90e34a4babe916,281,fee_distributor_to_agent,0x23ed611be0e1a820978875c0122f92260804cddf,0x3e40d73eb977dc6a537af587d48316fee66e9c8c,True,42416276769094784043,42.416276769094786,0x5f4eC3Df9cbd43714FE2740f5E3616155c5b8419,129127208515966889946,2330.98,1777463435,1812,0x86392dC19c0b719886221c78AB11eb8Cf5c52812,36893488147419103988,0.9974578860407067,1777413167,52080,98620.15022114248,
2026-04-30,2026-04-30T12:20:47.000000Z,24992886,0x399ac9d244dd4b7be856b0d2ea1a23d41bba6ce89f69b25ed6ed41164020b931,35,fee_distributor_to_agent,0x23ed611be0e1a820978875c0122f92260804cddf,0x3e40d73eb977dc6a537af587d48316fee66e9c8c,True,41595543821011608964,41.59554382101161,0x5f4eC3Df9cbd43714FE2740f5E3616155c5b8419,129127208515966889983,2259.61480207,1777549307,2340,0x86392dC19c0b719886221c78AB11eb8Cf5c52812,36893488147419103989,0.9985824448633577,1777499603,52044,93856.67064333189,
2026-05-01,2026-05-01T12:20:35.000000Z,25000056,0xb59639f6568fa03e94c45ea64a8614823e20ae0a8939eeb40ec03292b71abce0,20,fee_distributor_to_agent,0x23ed611be0e1a820978875c0122f92260804cddf,0x3e40d73eb977dc6a537af587d48316fee66e9c8c,True,41555370108413317648,41.55537010841332,0x5f4eC3Df9cbd43714FE2740f5E3616155c5b8419,129127208515966890014,2285.77572402,1777636943,1092,0x86392dC19c0b719886221c78AB11eb8Cf5c52812,36893488147419103990,0.9985601441263846,1777586015,52020,94849.48967758028,
2026-05-02,2026-05-02T12:21:59.000000Z,25007252,0xba6d01f6d01cd54360df2ab41ea6a958ff9e86855c1069f8a9fdd12cb2dedfde,20,fee_distributor_to_agent,0x23ed611be0e1a820978875c0122f92260804cddf,0x3e40d73eb977dc6a537af587d48316fee66e9c8c,True,40463777313158831573,40.46377731315883,0x5f4eC3Df9cbd43714FE2740f5E3616155c5b8419,129127208515966890042,2301.42927,1777723379,1140,0x86392dC19c0b719886221c78AB11eb8Cf5c52812,36893488147419103991,0.99871351334882,1777672439,52080,93004.71802947993,
2026-05-03,2026-05-03T12:21:59.000000Z,25014435,0xd35d48af51b6272d0eddc2ab6a62ac97fe28a9797e8579737520deaed2e0c5ec,20,fee_distributor_to_agent,0x23ed611be0e1a820978875c0122f92260804cddf,0x3e40d73eb977dc6a537af587d48316fee66e9c8c,True,39958131770221128135,39.95813177022112,0x5f4eC3Df9cbd43714FE2740f5E3616155c5b8419,129127208515966890070,2331.4,1777810439,480,0x86392dC19c0b719886221c78AB11eb8Cf5c52812,36893488147419103992,0.9985116074177974,1777758863,52056,93019.73215481549,
2026-05-04,2026-05-04T12:23:11.000000Z,25021603,0x836e79f31529652281c88b8033aa8ab738e714752d0bd4b6946045907f4f353a,56,fee_distributor_to_agent,0x23ed611be0e1a820978875c0122f92260804cddf,0x3e40d73eb977dc6a537af587d48316fee66e9c8c,True,40351707950521553120,40.35170795052156,0x5f4eC3Df9cbd43714FE2740f5E3616155c5b8419,129127208515966890109,2335.901,1777894403,2988,0x86392dC19c0b719886221c78AB11eb8Cf5c52812,36893488147419103993,0.9978653526194431,1777845275,52116,94056.38822516652,
2026-05-05,2026-05-05T12:21:59.000000Z,25028772,0xbdc4bebb0276f7981e029da9018d4c0bc9d48d299cbc41d657351ed8d3380a59,27,fee_distributor_to_agent,0x23ed611be0e1a820978875c0122f92260804cddf,0x3e40d73eb977dc6a537af587d48316fee66e9c8c,True,40389058794135182893,40.38905879413518,0x5f4eC3Df9cbd43714FE2740f5E3616155c5b8419,129127208515966890142,2382.065,1777983323,396,0x86392dC19c0b719886221c78AB11eb8Cf5c52812,36893488147419103994,0.9984033620524781,1777931699,52020,96055.75181604172,
2026-05-06,2026-05-06T12:23:23.000000Z,25035963,0x10f5dcf8f292a67d33ad46107cbe7a74b069ecce5ef766d9964cb5e11dde89d2,26,fee_distributor_to_agent,0x23ed611be0e1a820978875c0122f92260804cddf,0x3e40d73eb977dc6a537af587d48316fee66e9c8c,True,39490543094258126332,39.49054309425812,0x5f4eC3Df9cbd43714FE2740f5E3616155c5b8419,129127208515966890170,2412.20134321,1778067743,2460,0x86392dC19c0b719886221c78AB11eb8Cf5c52812,36893488147419103995,0.9981749,1778018111,52092,95085.28363764739,
2026-05-07,2026-05-07T12:20:59.000000Z,25043124,0x83dde7976cea99160ca50706123d0224a43f5a8276b71e1f9f7e573f7925628f,20,fee_distributor_to_agent,0x23ed611be0e1a820978875c0122f92260804cddf,0x3e40d73eb977dc6a537af587d48316fee66e9c8c,True,40446507971632674543,40.44650797163268,0x5f4eC3Df9cbd43714FE2740f5E3616155c5b8419,129127208515966890201,2330.60219626,1778154503,1956,0x86392dC19c0b719886221c78AB11eb8Cf5c52812,36893488147419103996,0.9989082001949385,1778104523,51936,94161.80210647636,
2026-05-08,2026-05-08T12:20:59.000000Z,25050305,0x71b04ce0d26a1461e99ab95c25915020d9d3479a88dbc007e0cf18f9acc3a84e,65,fee_distributor_to_agent,0x23ed611be0e1a820978875c0122f92260804cddf,0x3e40d73eb977dc6a537af587d48316fee66e9c8c,True,41514755249555165597,41.51475524955517,0x5f4eC3Df9cbd43714FE2740f5E3616155c5b8419,129127208515966890231,2295.92,1778241755,1104,0x86392dC19c0b719886221c78AB11eb8Cf5c52812,36893488147419103997,0.9997823345807738,1778190935,51924,95293.81018957868,
2026-05-09,2026-05-09T12:21:23.000000Z,25057489,0xd9921af9265e48afef3c0228b136446959ab3e59711a74f4a9781e92c8906e87,31,fee_distributor_to_agent,0x23ed611be0e1a820978875c0122f92260804cddf,0x3e40d73eb977dc6a537af587d48316fee66e9c8c,True,39947952301763476742,39.94795230176348,0x5f4eC3Df9cbd43714FE2740f5E3616155c5b8419,129127208515966890259,2315.3739,1778328167,1116,0x86392dC19c0b719886221c78AB11eb8Cf5c52812,36893488147419103998,0.99945985,1778277347,51936,92444.48524287749,
2026-05-10,2026-05-10T12:18:59.000000Z,25064646,0xdcceb72f6eeb842577e6538aa6beb07983662de2447b887c0c74929adb772dfb,20,fee_distributor_to_agent,0x23ed611be0e1a820978875c0122f92260804cddf,0x3e40d73eb977dc6a537af587d48316fee66e9c8c,True,39452242023160431337,39.45224202316043,0x5f4eC3Df9cbd43714FE2740f5E3616155c5b8419,129127208515966890283,2322.35628863,1778414519,1020,0x86392dC19c0b719886221c78AB11eb8Cf5c52812,36893488147419103999,0.9995011140286254,1778363771,51768,91576.45335156946,
2026-05-11,2026-05-11T12:22:11.000000Z,25071833,0x209711bb4213ce31d82f9bf6ab8bdd5309c7cd7cc64ff6b1fa55229c0e50e5a2,20,fee_distributor_to_agent,0x23ed611be0e1a820978875c0122f92260804cddf,0x3e40d73eb977dc6a537af587d48316fee66e9c8c,True,40504513637472079551,40.50451363747207,0x5f4eC3Df9cbd43714FE2740f5E3616155c5b8419,129127208515966890313,2335.513,1778500979,1152,0x86392dC19c0b719886221c78AB11eb8Cf5c52812,36893488147419104000,0.9998763468743888,1778450195,51936,94587.12071944882,
2026-05-12,2026-05-12T12:22:11.000000Z,25079007,0xf648379a9ff7c15af5265008188cd8bb4b3158c589777c1e5c2221378909f7b7,27,fee_distributor_to_agent,0x23ed611be0e1a820978875c0122f92260804cddf,0x3e40d73eb977dc6a537af587d48316fee66e9c8c,True,40831682987780331114,40.83168298778033,0x5f4eC3Df9cbd43714FE2740f5E3616155c5b8419,129127208515966890341,2285.80574699,1778587331,1200,0x86392dC19c0b719886221c78AB11eb8Cf5c52812,36893488147419104001,0.9997144537504181,1778536619,51912,93306.64466021306,
2026-05-13,2026-05-13T12:22:11.000000Z,25086185,0xbe94276568c9a57e327c891e5464e0f397e49622ff3852e694b0618d7940f140,27,fee_distributor_to_agent,0x23ed611be0e1a820978875c0122f92260804cddf,0x3e40d73eb977dc6a537af587d48316fee66e9c8c,True,39942729673607655334,39.94272967360765,0x5f4eC3Df9cbd43714FE2740f5E3616155c5b8419,129127208515966890368,2300.82999637,1778671763,3168,0x86392dC19c0b719886221c78AB11eb8Cf5c52812,36893488147419104002,0.999723765916067,1778623043,51888,91876.04426244898,
2026-05-14,2026-05-14T12:21:59.000000Z,25093343,0x0614f16d2f11d58cae478a7c95dd40010fd51894b99f66985e1235904cfa13b4,20,fee_distributor_to_agent,0x23ed611be0e1a820978875c0122f92260804cddf,0x3e40d73eb977dc6a537af587d48316fee66e9c8c,True,40166437582949647261,40.16643758294965,0x5f4eC3Df9cbd43714FE2740f5E3616155c5b8419,129127208515966890402,2256.15262399,1778758667,2652,0x86392dC19c0b719886221c78AB11eb8Cf5c52812,36893488147419104003,0.99986962,1778709455,51864,90609.79830312787,
2026-05-15,2026-05-15T12:23:11.000000Z,25100521,0x43bf8ce6ed230fa5fc08fb8e0efd1cb4b8060a8007d51af219b6f1e74f45c81c,27,fee_distributor_to_agent,0x23ed611be0e1a820978875c0122f92260804cddf,0x3e40d73eb977dc6a537af587d48316fee66e9c8c,True,39329062320408229884,39.329062320408234,0x5f4eC3Df9cbd43714FE2740f5E3616155c5b8419,129127208515966890437,2259.05792011,1778844755,3036,0x86392dC19c0b719886221c78AB11eb8Cf5c52812,36893488147419104004,0.9999303280080866,1778795879,51912,88840.43960375022,
2026-05-16,2026-05-16T12:21:23.000000Z,25107695,0x94fa089102df7bced81be7358f7eeeb906638cdf17c713447ba98f5791b46081,20,fee_distributor_to_agent,0x23ed611be0e1a820978875c0122f92260804cddf,0x3e40d73eb977dc6a537af587d48316fee66e9c8c,True,39627972281691341182,39.62797228169134,0x5f4eC3Df9cbd43714FE2740f5E3616155c5b8419,129127208515966890466,2173.3263,1778934059,24,0x86392dC19c0b719886221c78AB11eb8Cf5c52812,36893488147419104005,0.9999620646879867,1778882303,51780,86121.24721514598,
2026-05-17,2026-05-17T12:22:47.000000Z,25114880,0x01ac92a0ccb0f1bcfc8f4167adfe91b8f085fdb16ebd91a1d9124d614ca0dda5,134,fee_distributor_to_agent,0x23ed611be0e1a820978875c0122f92260804cddf,0x3e40d73eb977dc6a537af587d48316fee66e9c8c,True,39030243446314830684,39.03024344631483,0x5f4eC3Df9cbd43714FE2740f5E3616155c5b8419,129127208515966890490,2190.84480557,1779019355,1212,0x86392dC19c0b719886221c78AB11eb8Cf5c52812,36893488147419104006,0.999950119603877,1778968727,51840,85504.94088141824,
2026-05-18,2026-05-18T12:22:11.000000Z,25122058,0xb2f1638bb2ea3b5031164cfaee6e9ac84c79da8bde4fa7b626b3d63d868802f4,27,fee_distributor_to_agent,0x23ed611be0e1a820978875c0122f92260804cddf,0x3e40d73eb977dc6a537af587d48316fee66e9c8c,True,40022081545903827998,40.02208154590382,0x5f4eC3Df9cbd43714FE2740f5E3616155c5b8419,129127208515966890521,2141.34759212,1779105719,1212,0x86392dC19c0b719886221c78AB11eb8Cf5c52812,36893488147419104007,0.9999522061241485,1779055151,51780,85697.09195801424,
2026-05-19,2026-05-19T12:21:59.000000Z,25129236,0x614ead334c84922d932325a3673a05bb504f889135a841cd3c31d6b53becaaa7,20,fee_distributor_to_agent,0x23ed611be0e1a820978875c0122f92260804cddf,0x3e40d73eb977dc6a537af587d48316fee66e9c8c,True,39430491269250543098,39.43049126925054,0x5f4eC3Df9cbd43714FE2740f5E3616155c5b8419,129127208515966890554,2112.40123338,1779190067,3252,0x86392dC19c0b719886221c78AB11eb8Cf5c52812,36893488147419104008,0.99971195559532,1779141563,51756,83269.02630204803,
2026-05-20,2026-05-20T12:21:59.000000Z,25136415,0x49e602fb3829919245927e0ff73f590a52807bc6cd4c036b7f592827eb805e9f,20,fee_distributor_to_agent,0x23ed611be0e1a820978875c0122f92260804cddf,0x3e40d73eb977dc6a537af587d48316fee66e9c8c,True,39179166487786110600,39.17916648778611,0x5f4eC3Df9cbd43714FE2740f5E3616155c5b8419,129127208515966890586,2126.906,1779278543,1176,0x86392dC19c0b719886221c78AB11eb8Cf5c52812,36893488147419104009,1.0003598,1779227975,51744,83360.38655733038,
2026-05-21,2026-05-21T12:22:11.000000Z,25143591,0x650f165e7325a49c6bade60b552a121af67b872de9bbe7277dd48ccab8451fc4,20,fee_distributor_to_agent,0x23ed611be0e1a820978875c0122f92260804cddf,0x3e40d73eb977dc6a537af587d48316fee66e9c8c,True,39686620366830074201,39.68662036683008,0x5f4eC3Df9cbd43714FE2740f5E3616155c5b8419,129127208515966890616,2114.48,1779362843,3288,0x86392dC19c0b719886221c78AB11eb8Cf5c52812,36893488147419104010,1.0001076,1779309395,56736,83925.59445565243,
2026-05-22,2026-05-22T12:21:59.000000Z,25150766,0x0b23f9e1756e2ac7c282bcc3ef6b25af227067ce568a502c5c140767790edff4,20,fee_distributor_to_agent,0x23ed611be0e1a820978875c0122f92260804cddf,0x3e40d73eb977dc6a537af587d48316fee66e9c8c,True,38672834239002248178,38.67283423900225,0x5f4eC3Df9cbd43714FE2740f5E3616155c5b8419,129127208515966890645,2127.00311571,1779451307,1212,0x86392dC19c0b719886221c78AB11eb8Cf5c52812,36893488147419104011,0.9997476197439299,1779395807,56712,82236.47881667198,
2026-05-23,2026-05-23T12:21:59.000000Z,25157944,0x309d9e3e5a515d4607cab4a7f8055c64f633c82df843b284d181463f7ef2ffcf,20,fee_distributor_to_agent,0x23ed611be0e1a820978875c0122f92260804cddf,0x3e40d73eb977dc6a537af587d48316fee66e9c8c,True,38825880670201903665,38.825880670201904,0x5f4eC3Df9cbd43714FE2740f5E3616155c5b8419,129127208515966890679,2028.71890828,1779537695,1224,0x86392dC19c0b719886221c78AB11eb8Cf5c52812,36893488147419104012,0.9999256852309522,1779482219,56700,78760.94470984125,
2026-05-24,2026-05-24T12:23:11.000000Z,25165126,0x56e7b2a9abce9ba7209d5d40042a3f86f7962b8b1a6dd42a2738d3f0d68ba69c,20,fee_distributor_to_agent,0x23ed611be0e1a820978875c0122f92260804cddf,0x3e40d73eb977dc6a537af587d48316fee66e9c8c,True,38939809302759274073,38.93980930275928,0x5f4eC3Df9cbd43714FE2740f5E3616155c5b8419,129127208515966890712,2122.4773522,1779624107,1284,0x86392dC19c0b719886221c78AB11eb8Cf5c52812,36893488147419104014,0.9991980864097172,1779568823,56568,82582.5860973564,
2026-05-25,2026-05-25T12:21:35.000000Z,25172287,0x4e4ffe0e893f1ee120b4abd0236bbb7dedf159b66a7f19e177a47131ff490530,20,fee_distributor_to_agent,0x23ed611be0e1a820978875c0122f92260804cddf,0x3e40d73eb977dc6a537af587d48316fee66e9c8c,True,38921057544143357284,38.92105754414336,0x5f4eC3Df9cbd43714FE2740f5E3616155c5b8419,129127208515966890743,2110.85770781,1779710531,1164,0x86392dC19c0b719886221c78AB11eb8Cf5c52812,36893488147419104015,1.0000119237566487,1779655259,56436,82157.79393103247,
2026-05-26,2026-05-26T12:21:35.000000Z,25179458,0x7d5dbf7a4bec2acb0d66707b5fc27619a335aca46a31f9d556c5352836b5c2fa,20,fee_distributor_to_agent,0x23ed611be0e1a820978875c0122f92260804cddf,0x3e40d73eb977dc6a537af587d48316fee66e9c8c,True,39079380371650738949,39.07938037165074,0x5f4eC3Df9cbd43714FE2740f5E3616155c5b8419,129127208515966890774,2109.44669232,1779797447,648,0x86392dC19c0b719886221c78AB11eb8Cf5c52812,36893488147419104016,1.0002156966827105,1779741743,56352,82453.65080651642,
2026-05-27,2026-05-27T12:22:11.000000Z,25186639,0x3e28804bfc860e69d27f3f2b3eb568999f6b21342743df9e90f7cc765ea03e1e,469,fee_distributor_to_agent,0x23ed611be0e1a820978875c0122f92260804cddf,0x3e40d73eb977dc6a537af587d48316fee66e9c8c,True,39493368931016457721,39.493368931016455,0x5f4eC3Df9cbd43714FE2740f5E3616155c5b8419,129127208515966890806,2075.3,1779883427,1104,0x86392dC19c0b719886221c78AB11eb8Cf5c52812,36893488147419104017,0.9998403842058081,1779828179,56352,81947.50633810581,
2026-05-28,2026-05-28T12:21:59.000000Z,25193813,0xc1421e16f345c71b2b5eff74fadafe10cf6bdd76c95e030568ee9a0db9bc0462,24,fee_distributor_to_agent,0x23ed611be0e1a820978875c0122f92260804cddf,0x3e40d73eb977dc6a537af587d48316fee66e9c8c,True,40659155316898492335,40.65915531689849,0x5f4eC3Df9cbd43714FE2740f5E3616155c5b8419,129127208515966890844,1984.66007322,1779967967,2952,0x86392dC19c0b719886221c78AB11eb8Cf5c52812,36893488147419104018,0.99962657,1779914603,56316,80664.46838301141,
2026-05-29,2026-05-29T12:22:11.000000Z,25200989,0x6080aea5d340c54e815aabf6655ec21cc955a85b8787ce2f8474b019cfcc6a67,20,fee_distributor_to_agent,0x23ed611be0e1a820978875c0122f92260804cddf,0x3e40d73eb977dc6a537af587d48316fee66e9c8c,True,39624920744715910597,39.62492074471591,0x5f4eC3Df9cbd43714FE2740f5E3616155c5b8419,129127208515966890874,2004.19906856,1780056119,1212,0x86392dC19c0b719886221c78AB11eb8Cf5c52812,36893488147419104019,0.99968191,1780001039,56292,79390.96773996184,
2026-05-30,2026-05-30T12:22:23.000000Z,25208159,0xd482f95519800eef62924fd207dbcb3c3e6cd5d8c6f0fb27cfce865f40621ffb,25,fee_distributor_to_agent,0x23ed611be0e1a820978875c0122f92260804cddf,0x3e40d73eb977dc6a537af587d48316fee66e9c8c,True,39438153213301731863,39.43815321330174,0x5f4eC3Df9cbd43714FE2740f5E3616155c5b8419,129127208515966890906,2014.75535,1780142471,1272,0x86392dC19c0b719886221c78AB11eb8Cf5c52812,36893488147419104020,1.0000801319791275,1780087475,56268,79464.59732586172,
2026-05-31,2026-05-31T12:21:59.000000Z,25215319,0x1ed392199277408aba3ec6dd4478eb5326bd9313a439135e69ede4653aeef579,20,fee_distributor_to_agent,0x23ed611be0e1a820978875c0122f92260804cddf,0x3e40d73eb977dc6a537af587d48316fee66e9c8c,True,39081959749831083459,39.08195974983108,0x5f4eC3Df9cbd43714FE2740f5E3616155c5b8419,129127208515966890930,2019.9799337,1780228931,1188,0x86392dC19c0b719886221c78AB11eb8Cf5c52812,36893488147419104021,0.9999378953689084,1780173887,56232,78939.87162823514,
2026-06-01,2026-06-01T12:22:11.000000Z,25222492,0xfcb85f691bc06898de2459a239c09b76971356122388020bfb8fb113c9438d50,20,fee_distributor_to_agent,0x23ed611be0e1a820978875c0122f92260804cddf,0x3e40d73eb977dc6a537af587d48316fee66e9c8c,True,39449302582748191685,39.449302582748196,0x5f4eC3Df9cbd43714FE2740f5E3616155c5b8419,129127208515966890960,1976.91807292,1780315295,1236,0x86392dC19c0b719886221c78AB11eb8Cf5c52812,36893488147419104022,1.0000417258531973,1780260311,56220,77991.29335740101,
2026-06-02,2026-06-02T12:23:11.000000Z,25229671,0xae72d16b08a1418417a47a8b89bd9cde5f60bc38883181fd96544d9205c12bf9,20,fee_distributor_to_agent,0x23ed611be0e1a820978875c0122f92260804cddf,0x3e40d73eb977dc6a537af587d48316fee66e9c8c,True,39844972953285174036,39.84497295328517,0x5f4eC3Df9cbd43714FE2740f5E3616155c5b8419,129127208515966890994,1976.47996977,1780402331,660,0x86392dC19c0b719886221c78AB11eb8Cf5c52812,36893488147419104023,0.9998731883790467,1780346735,56256,78742.80416912209,
2026-06-03,2026-06-03T12:20:59.000000Z,25236828,0xa89cee46edf07470f7431b433ab572506bb28b20ca42921de471b9382a1a4e74,20,fee_distributor_to_agent,0x23ed611be0e1a820978875c0122f92260804cddf,0x3e40d73eb977dc6a537af587d48316fee66e9c8c,True,41492377206911825617,41.492377206911826,0x5f4eC3Df9cbd43714FE2740f5E3616155c5b8419,129127208515966891056,1875.3135,1780488647,612,0x86392dC19c0b719886221c78AB11eb8Cf5c52812,36893488147419104024,0.9998183303255241,1780433159,56100,77797.07918509204,
2026-06-04,2026-06-04T12:21:35.000000Z,25243991,0xbebcbe7515495294ba54820712b3d0dfa34942d3bd7746ac6b879e54f721cf77,20,fee_distributor_to_agent,0x23ed611be0e1a820978875c0122f92260804cddf,0x3e40d73eb977dc6a537af587d48316fee66e9c8c,True,42310132569532055179,42.31013256953206,0x5f4eC3Df9cbd43714FE2740f5E3616155c5b8419,129127208515966891136,1748.0865,1780573763,1932,0x86392dC19c0b719886221c78AB11eb8Cf5c52812,36893488147419104025,0.99988526,1780519583,56112,73953.28518434073,
2026-06-05,2026-06-05T12:22:23.000000Z,25251145,0xd0cdfab7164aaa25eb253d19f6aa438b043dd9143f6f30a38ec8e63750356775,20,fee_distributor_to_agent,0x23ed611be0e1a820978875c0122f92260804cddf,0x3e40d73eb977dc6a537af587d48316fee66e9c8c,True,44837934047253043622,44.83793404725304,0x5f4eC3Df9cbd43714FE2740f5E3616155c5b8419,129127208515966891218,1666.88452,1780661267,876,0x86392dC19c0b719886221c78AB11eb8Cf5c52812,36893488147419104026,0.9997115587091152,1780605995,56148,74718.10016866359,
2026-06-06,2026-06-06T12:21:59.000000Z,25258314,0x579d4576130060013710953bc971a1455cb0590d570a8a6f2e03f2fa978ef10a,25,fee_distributor_to_agent,0x23ed611be0e1a820978875c0122f92260804cddf,0x3e40d73eb977dc6a537af587d48316fee66e9c8c,True,51494463130657089445,51.49446313065709,0x5f4eC3Df9cbd43714FE2740f5E3616155c5b8419,129127208515966891357,1563.36227541,1780745363,3156,0x86392dC19c0b719886221c78AB11eb8Cf5c52812,36893488147419104027,0.9992682874985541,1780692479,56040,80445.59490111876,
2026-06-07,2026-06-07T12:21:59.000000Z,25265486,0x7b3bbfe25f4af246372c8411281b4f44387c9ca8f8930915f747560cba7a1d68,64,fee_distributor_to_agent,0x23ed611be0e1a820978875c0122f92260804cddf,0x3e40d73eb977dc6a537af587d48316fee66e9c8c,True,39308577889317129228,39.30857788931713,0x5f4eC3Df9cbd43714FE2740f5E3616155c5b8419,129127208515966891403,1609.28390723,1780834775,144,0x86392dC19c0b719886221c78AB11eb8Cf5c52812,36893488147419104028,0.9997753295908618,1780778903,56016,63244.449463943914,
2026-06-08,2026-06-08T12:22:11.000000Z,25272663,0x2f4a60c15e8822dbdc82e5044c12683299efbba7e6ea47aaa6df7a685ead6d98,942,fee_distributor_to_agent,0x23ed611be0e1a820978875c0122f92260804cddf,0x3e40d73eb977dc6a537af587d48316fee66e9c8c,True,42820601206937138379,42.82060120693714,0x5f4eC3Df9cbd43714FE2740f5E3616155c5b8419,129127208515966891451,1670.08,1780920335,996,0x86392dC19c0b719886221c78AB11eb8Cf5c52812,36893488147419104029,0.9998737981687664,1780865339,55992,71504.80448741949,
2026-06-09,2026-06-09T12:22:11.000000Z,25279838,0xa4e823682514e548e24295c45c50a9e3b41f8abd03f75f039f644f52f4786556,20,fee_distributor_to_agent,0x23ed611be0e1a820978875c0122f92260804cddf,0x3e40d73eb977dc6a537af587d48316fee66e9c8c,True,42591954900773767489,42.591954900773764,0x5f4eC3Df9cbd43714FE2740f5E3616155c5b8419,129127208515966891491,1681.33323,1781006651,1080,0x86392dC19c0b719886221c78AB11eb8Cf5c52812,36893488147419104030,0.9998865724826174,1780951763,55968,71603.14641686104,
2026-06-10,2026-06-10T12:21:59.000000Z,25287017,0xe07ee6ac288140f9e8096b8a300c73accf195d4acdaf3be27a886e8efaa31265,27,fee_distributor_to_agent,0x23ed611be0e1a820978875c0122f92260804cddf,0x3e40d73eb977dc6a537af587d48316fee66e9c8c,True,39695260622817464034,39.69526062281746,0x5f4eC3Df9cbd43714FE2740f5E3616155c5b8419,129127208515966891538,1621.49042948,1781092091,2028,0x86392dC19c0b719886221c78AB11eb8Cf5c52812,36893488147419104031,0.9998004151379621,1781038235,55884,64352.63881913005,
2026-06-11,2026-06-11T12:23:11.000000Z,25294190,0xa74cd481576193b8b733c603a407bd69a2fe627cbd2c96f69db5f4ba45854ecb,778,fee_distributor_to_agent,0x23ed611be0e1a820978875c0122f92260804cddf,0x3e40d73eb977dc6a537af587d48316fee66e9c8c,True,39861542013477113800,39.86154201347711,0x5f4eC3Df9cbd43714FE2740f5E3616155c5b8419,129127208515966891580,1655.49631613,1781180471,120,0x86392dC19c0b719886221c78AB11eb8Cf5c52812,36893488147419104032,0.9998983090483153,1781124659,55932,65983.92530799967,
2026-06-12,2026-06-12T12:21:47.000000Z,25301354,0xc80e3465b171c7391e1d0fd594fd357af221949ea695e6b4d41f12cbf0a9c395,20,fee_distributor_to_agent,0x23ed611be0e1a820978875c0122f92260804cddf,0x3e40d73eb977dc6a537af587d48316fee66e9c8c,True,39420687916061927649,39.42068791606192,0x5f4eC3Df9cbd43714FE2740f5E3616155c5b8419,129127208515966891622,1675.97650651,1781263559,3348,0x86392dC19c0b719886221c78AB11eb8Cf5c52812,36893488147419104033,0.9990570360159157,1781205563,61344,66005.84693483807,
2026-06-13,2026-06-13T12:22:11.000000Z,25308527,0x5f16e60a0177409057c28ce42467aed06cf0a29ce3d83e5ff65d9e9b4aac5ed0,20,fee_distributor_to_agent,0x23ed611be0e1a820978875c0122f92260804cddf,0x3e40d73eb977dc6a537af587d48316fee66e9c8c,True,38994925813590451990,38.99492581359045,0x5f4eC3Df9cbd43714FE2740f5E3616155c5b8419,129127208515966891653,1676.6554,1781352359,972,0x86392dC19c0b719886221c78AB11eb8Cf5c52812,36893488147419104034,0.9996511910451101,1781291999,61332,65358.24744121094,
2026-06-14,2026-06-14T12:22:11.000000Z,25315694,0xd726cd886adc06bf9fc66cd8d9a37a7d97df2a7c21d9519febd32ee432596889,20,fee_distributor_to_agent,0x23ed611be0e1a820978875c0122f92260804cddf,0x3e40d73eb977dc6a537af587d48316fee66e9c8c,True,38383809174064524032,38.383809174064524,0x5f4eC3Df9cbd43714FE2740f5E3616155c5b8419,129127208515966891678,1673.02,1781438543,1188,0x86392dC19c0b719886221c78AB11eb8Cf5c52812,36893488147419104035,0.9997325863902653,1781378411,61320,64199.70795659324,
2026-06-15,2026-06-15T12:20:59.000000Z,25322865,0xb28ec3cff081be2ca99abeb3cf0bfadae831508141ce95e07c2953bcfcb7f41f,25,fee_distributor_to_agent,0x23ed611be0e1a820978875c0122f92260804cddf,0x3e40d73eb977dc6a537af587d48316fee66e9c8c,True,39171369419353225293,39.171369419353226,0x5f4eC3Df9cbd43714FE2740f5E3616155c5b8419,129127208515966891716,1761.8209,1781522807,3252,0x86392dC19c0b719886221c78AB11eb8Cf5c52812,36893488147419104036,0.9998518208136042,1781464847,61212,69002.71104373383,
2026-06-16,2026-06-16T12:22:11.000000Z,25330050,0xb0e4f1dfa5f53227ee9c9a3736a5953375201ca468f0ced790e1bfd591678113,25,fee_distributor_to_agent,0x23ed611be0e1a820978875c0122f92260804cddf,0x3e40d73eb977dc6a537af587d48316fee66e9c8c,True,40060393704641339162,40.06039370464134,0x5f4eC3Df9cbd43714FE2740f5E3616155c5b8419,129127208515966891761,1816.8694636,1781612195,336,0x86392dC19c0b719886221c78AB11eb8Cf5c52812,36893488147419104037,0.9995807974646803,1781551271,61260,72753.99457230023,
2026-06-17,2026-06-17T12:21:59.000000Z,25337234,0x3484e2377f3b174c000125d2b222f0a3d44cfc5f5932d93d1f8e8826316e3a47,20,fee_distributor_to_agent,0x23ed611be0e1a820978875c0122f92260804cddf,0x3e40d73eb977dc6a537af587d48316fee66e9c8c,True,39952750834861471072,39.952750834861476,0x5f4eC3Df9cbd43714FE2740f5E3616155c5b8419,129127208515966891809,1752.9069,1781698907,12,0x86392dC19c0b719886221c78AB11eb8Cf5c52812,36893488147419104038,0.9997358054486704,1781637695,61224,70014.95015581843,
2026-06-18,2026-06-18T12:23:11.000000Z,25344424,0x261b411ca5294f7a0d758d73e0132810969001c73eb25d1e12396b2e26d575b3,29,fee_distributor_to_agent,0x23ed611be0e1a820978875c0122f92260804cddf,0x3e40d73eb977dc6a537af587d48316fee66e9c8c,True,39961479869702764977,39.961479869702764,0x5f4eC3Df9cbd43714FE2740f5E3616155c5b8419,129127208515966891860,1747.28992,1781785307,84,0x86392dC19c0b719886221c78AB11eb8Cf5c52812,36893488147419104039,0.9998994850296676,1781724119,61272,69817.27257807976,
2026-06-19,2026-06-19T12:21:59.000000Z,25351594,0x166cdeeb1b51a19cb47fc33eacc56ab797318386979f9b19fb2dc0965e2a6a1f,26,fee_distributor_to_agent,0x23ed611be0e1a820978875c0122f92260804cddf,0x3e40d73eb977dc6a537af587d48316fee66e9c8c,True,40015546745255179493,40.01554674525518,0x5f4eC3Df9cbd43714FE2740f5E3616155c5b8419,129127208515966891901,1690.66683798,1781870003,1716,0x86392dC19c0b719886221c78AB11eb8Cf5c52812,36893488147419104040,0.9999121197593369,1781810555,61164,67647.01252762089,
2026-06-20,2026-06-20T12:23:11.000000Z,25358774,0x623ab47cc3915319333ffca12e7aa5f6b81e133696a5e62f6ab38cb003be0f97,27,fee_distributor_to_agent,0x23ed611be0e1a820978875c0122f92260804cddf,0x3e40d73eb977dc6a537af587d48316fee66e9c8c,True,38581279372939000361,38.581279372939,0x5f4eC3Df9cbd43714FE2740f5E3616155c5b8419,129127208515966891932,1726.20546003,1781957003,1188,0x86392dC19c0b719886221c78AB11eb8Cf5c52812,36893488147419104041,0.999964285896199,1781896991,61200,66596.83657722868,
2026-06-21,2026-06-21T12:21:11.000000Z,25365930,0x3eea2a28f5929eb612466edaf217d1335f01a7f0e38c92e00a9e9973c27227d6,27,fee_distributor_to_agent,0x23ed611be0e1a820978875c0122f92260804cddf,0x3e40d73eb977dc6a537af587d48316fee66e9c8c,True,38396593169631829800,38.39659316963183,0x5f4eC3Df9cbd43714FE2740f5E3616155c5b8419,129127208515966891961,1717.76806192,1782044363,108,0x86392dC19c0b719886221c78AB11eb8Cf5c52812,36893488147419104042,0.9999647418509632,1781983403,61068,65954.11593128719,
2026-06-22,2026-06-22T12:22:23.000000Z,25373112,0x439d9b7f26261cea4f965db2639ba9f4ee836a3f9935f17715edc58a1cc8603e,69,fee_distributor_to_agent,0x23ed611be0e1a820978875c0122f92260804cddf,0x3e40d73eb977dc6a537af587d48316fee66e9c8c,True,39142141062339343703,39.14214106233935,0x5f4eC3Df9cbd43714FE2740f5E3616155c5b8419,129127208515966891995,1766.10734056,1782128843,2100,0x86392dC19c0b719886221c78AB11eb8Cf5c52812,36893488147419104043,0.9998399834525751,1782069815,61128,69118.16083589703,
2026-06-23,2026-06-23T12:22:11.000000Z,25380282,0x012893afa17246ce730fa5e99985aa0726a164e0cad752f0cbf2cd003fc470fe,20,fee_distributor_to_agent,0x23ed611be0e1a820978875c0122f92260804cddf,0x3e40d73eb977dc6a537af587d48316fee66e9c8c,True,40038482920168832842,40.03848292016883,0x5f4eC3Df9cbd43714FE2740f5E3616155c5b8419,129127208515966892029,1660.51417,1782213815,3516,0x86392dC19c0b719886221c78AB11eb8Cf5c52812,36893488147419104044,1.0000380173037422,1782156287,61044,66486.99579446632,
2026-06-24,2026-06-24T12:19:47.000000Z,25387431,0xca9533e0b4eee071496562a61c4da798ab3a208608ca135176a2d9bac4dbe0d0,20,fee_distributor_to_agent,0x23ed611be0e1a820978875c0122f92260804cddf,0x3e40d73eb977dc6a537af587d48316fee66e9c8c,True,38681078639696132586,38.68107863969613,0x5f4eC3Df9cbd43714FE2740f5E3616155c5b8419,129127208515966892065,1674.42474837,1782302471,1116,0x86392dC19c0b719886221c78AB11eb8Cf5c52812,36893488147419104045,0.9999207437377153,1782242711,60876,64763.42205434134,
2026-06-25,2026-06-25T12:22:11.000000Z,25394610,0xb46b26b473f29cdf5cef4bcf8116a1e7330b4c7a28c69c9a3fa19216c3230a1b,20,fee_distributor_to_agent,0x23ed611be0e1a820978875c0122f92260804cddf,0x3e40d73eb977dc6a537af587d48316fee66e9c8c,True,40344113323327547596,40.34411332332755,0x5f4eC3Df9cbd43714FE2740f5E3616155c5b8419,129127208515966892123,1629.39201458,1782389243,888,0x86392dC19c0b719886221c78AB11eb8Cf5c52812,36893488147419104046,0.99952169,1782329135,60996,65704.9337182956,
2026-06-26,2026-06-26T12:21:59.000000Z,25401774,0x61ca9d3183f2e2b04307746c8e8eaf7fb0f8aed82d20a2b2444fb2a3f927371d,25,fee_distributor_to_agent,0x23ed611be0e1a820978875c0122f92260804cddf,0x3e40d73eb977dc6a537af587d48316fee66e9c8c,True,44842620553461453355,44.84262055346146,0x5f4eC3Df9cbd43714FE2740f5E3616155c5b8419,129127208515966892204,1547.01068662,1782476351,168,0x86392dC19c0b719886221c78AB11eb8Cf5c52812,36893488147419104047,0.99981133253115,1782415559,60960,69358.92497010875,
2026-06-27,2026-06-27T12:21:59.000000Z,25408946,0x64293479c3c223785913ba7d95bdd9add7b3c5958aa8804928b5a674d6262e67,20,fee_distributor_to_agent,0x23ed611be0e1a820978875c0122f92260804cddf,0x3e40d73eb977dc6a537af587d48316fee66e9c8c,True,39541634537768637679,39.541634537768644,0x5f4eC3Df9cbd43714FE2740f5E3616155c5b8419,129127208515966892249,1581.2163,1782561743,1176,0x86392dC19c0b719886221c78AB11eb8Cf5c52812,36893488147419104048,0.9997815161892631,1782501983,60936,62510.21660484069,
2026-06-28,2026-06-28T12:21:59.000000Z,25416126,0x38545d8c7076a8515d2e78ef1305b6462673d8c5dc0a26056dd8a7d5f7e7773e,20,fee_distributor_to_agent,0x23ed611be0e1a820978875c0122f92260804cddf,0x3e40d73eb977dc6a537af587d48316fee66e9c8c,True,38133835511588576503,38.13383551158858,0x5f4eC3Df9cbd43714FE2740f5E3616155c5b8419,129127208515966892276,1579.6,1782648191,1128,0x86392dC19c0b719886221c78AB11eb8Cf5c52812,36893488147419104049,0.9996112151652167,1782588407,60912,60212.78765048443,
2026-06-29,2026-06-29T12:23:47.000000Z,25423300,0xcaf2595705f52a9d9111a0bbbe318dbeea4e6010eb792f72974b7e40031e2443,20,fee_distributor_to_agent,0x23ed611be0e1a820978875c0122f92260804cddf,0x3e40d73eb977dc6a537af587d48316fee66e9c8c,True,38591567265632872429,38.59156726563287,0x5f4eC3Df9cbd43714FE2740f5E3616155c5b8419,129127208515966892321,1592.908,1782735179,648,0x86392dC19c0b719886221c78AB11eb8Cf5c52812,36893488147419104050,0.99971255,1782674843,60984,61455.14586893942,
2026-06-30,2026-06-30T12:21:23.000000Z,25430461,0x105c631991a15fc05fdfee3c66a510d05a4a7a1653affa20da3105d81e811352,248,fee_distributor_to_agent,0x23ed611be0e1a820978875c0122f92260804cddf,0x3e40d73eb977dc6a537af587d48316fee66e9c8c,True,39653611358151656194,39.65361135815166,0x5f4eC3Df9cbd43714FE2740f5E3616155c5b8419,129127208515966892362,1568.50968,1782822059,24,0x86392dC19c0b719886221c78AB11eb8Cf5c52812,36893488147419104051,0.9997155542069994,1782761267,60816,62179.381566392425,
2026-07-01,2026-07-01T12:22:47.000000Z,25437638,0xa112a422f6a9ba9e5d248eea68cf03e60b2a866522aeb6b568aae813da2a185c,20,fee_distributor_to_agent,0x23ed611be0e1a820978875c0122f92260804cddf,0x3e40d73eb977dc6a537af587d48316fee66e9c8c,True,39166521235179929654,39.16652123517993,0x5f4eC3Df9cbd43714FE2740f5E3616155c5b8419,129127208515966892399,1568.424,1782907355,1212,0x86392dC19c0b719886221c78AB11eb8Cf5c52812,36893488147419104052,0.99979234,1782847763,60804,61416.955407792324,
2026-07-02,2026-07-02T12:21:35.000000Z,25444795,0x5632e96c6acca45e7f081fb09e3d8fb1ee25ef8da58129503fbd1446cec04c98,20,fee_distributor_to_agent,0x23ed611be0e1a820978875c0122f92260804cddf,0x3e40d73eb977dc6a537af587d48316fee66e9c8c,True,39950286445625283440,39.95028644562529,0x5f4eC3Df9cbd43714FE2740f5E3616155c5b8419,129127208515966892439,1653.8318407,1782994475,420,0x86392dC19c0b719886221c78AB11eb8Cf5c52812,36893488147419104053,0.9997636445239241,1782934175,60720,66055.43951301964,
2026-07-03,2026-07-03T12:21:59.000000Z,25451954,0x1900aba9d1191eb8279a8145f85c046ceb8de5159dcd41ec55f61a5ca4bdb25a,26,fee_distributor_to_agent,0x23ed611be0e1a820978875c0122f92260804cddf,0x3e40d73eb977dc6a537af587d48316fee66e9c8c,True,39316228517094670248,39.31622851709467,0x5f4eC3Df9cbd43714FE2740f5E3616155c5b8419,129127208515966892486,1731.14898221,1783081151,168,0x86392dC19c0b719886221c78AB11eb8Cf5c52812,36893488147419104054,0.9998002805562173,1783020599,60720,68048.655627195,
2026-07-04,2026-07-04T12:22:11.000000Z,25459129,0x5b53b1ec16a07ac3000e97f4880ee27365379f06ec2dc397e0807e4809e22b57,20,fee_distributor_to_agent,0x23ed611be0e1a820978875c0122f92260804cddf,0x3e40d73eb977dc6a537af587d48316fee66e9c8c,True,38810507018600755582,38.81050701860076,0x5f4eC3Df9cbd43714FE2740f5E3616155c5b8419,129127208515966892517,1758.06316236,1783166507,1224,0x86392dC19c0b719886221c78AB11eb8Cf5c52812,36893488147419104055,0.9994349697703707,1783107035,60696,68192.76994198206,
2026-07-05,2026-07-05T12:21:59.000000Z,25466291,0x334a8ac320370254028a91ac8cdbec397a15fbd3aa5cc67e5e689875d57e8322,28,fee_distributor_to_agent,0x23ed611be0e1a820978875c0122f92260804cddf,0x3e40d73eb977dc6a537af587d48316fee66e9c8c,True,38448929810245915036,38.44892981024592,0x5f4eC3Df9cbd43714FE2740f5E3616155c5b8419,129127208515966892547,1759.7442,1783251683,2436,0x86392dC19c0b719886221c78AB11eb8Cf5c52812,36893488147419104056,0.9999582829120308,1783193471,60648,67657.45863988329,
2026-07-06,2026-07-06T12:21:59.000000Z,25473462,0x252bdaf799412d8a5bcb5f7263a5100aceb42fbf48b08707e17276a0472aa474,101,fee_distributor_to_agent,0x23ed611be0e1a820978875c0122f92260804cddf,0x3e40d73eb977dc6a537af587d48316fee66e9c8c,True,38140857256423130958,38.14085725642313,0x5f4eC3Df9cbd43714FE2740f5E3616155c5b8419,129127208515966892582,1744.13120921,1783339931,588,0x86392dC19c0b719886221c78AB11eb8Cf5c52812,36893488147419104057,0.9998537447298916,1783279943,60576,66512.93019741969,
2026-07-07,2026-07-07T12:23:35.000000Z,25480647,0x53de84e00a61bc7dc50e5d4952f85b98a27d490bcc726be14ba59b7dcf137b86,102,fee_distributor_to_agent,0x23ed611be0e1a820978875c0122f92260804cddf,0x3e40d73eb977dc6a537af587d48316fee66e9c8c,True,39050043329981134701,39.050043329981136,0x5f4eC3Df9cbd43714FE2740f5E3616155c5b8419,129127208515966892620,1787.75629217,1783426091,924,0x86392dC19c0b719886221c78AB11eb8Cf5c52812,36893488147419104058,0.9999158039545403,1783366355,60660,69806.0827816705,
2026-07-08,2026-07-08T12:23:11.000000Z,25487824,0x8bff8075a28fedfc1c72f635f73a716bb7ebcc79c5186912b2fcfa6e0da5b5fa,27,fee_distributor_to_agent,0x23ed611be0e1a820978875c0122f92260804cddf,0x3e40d73eb977dc6a537af587d48316fee66e9c8c,True,39120875172789728577,39.12087517278973,0x5f4eC3Df9cbd43714FE2740f5E3616155c5b8419,129127208515966892663,1745.01051562,1783511051,2340,0x86392dC19c0b719886221c78AB11eb8Cf5c52812,36893488147419104059,0.9997883757784412,1783452767,60624,68251.89174601971,
2026-07-09,2026-07-09T12:21:59.000000Z,25494992,0x0b6696d7dd085d885e820ad5607a2ab78cb91adc5ae3075f7a7db0a8a4885723,25,fee_distributor_to_agent,0x23ed611be0e1a820978875c0122f92260804cddf,0x3e40d73eb977dc6a537af587d48316fee66e9c8c,True,38511937173518268278,38.51193717351827,0x5f4eC3Df9cbd43714FE2740f5E3616155c5b8419,129127208515966892696,1742.8309,1783598027,1692,0x86392dC19c0b719886221c78AB11eb8Cf5c52812,36893488147419104060,0.9993236581565755,1783539191,60528,67074.39819957763,
2026-07-10,2026-07-10T12:23:35.000000Z,25502165,0x716ebfd03d7b7259617654b71a1f574d60569bc82c22967f554e69618f258357,26,fee_distributor_to_agent,0x23ed611be0e1a820978875c0122f92260804cddf,0x3e40d73eb977dc6a537af587d48316fee66e9c8c,True,38075839223766838248,38.075839223766835,0x5f4eC3Df9cbd43714FE2740f5E3616155c5b8419,129127208515966892726,1804.2103,1783685651,564,0x86392dC19c0b719886221c78AB11eb8Cf5c52812,36893488147419104061,0.9998824803643385,1783625603,60612,68688.74808325282,
2026-07-11,2026-07-11T12:22:11.000000Z,25509339,0xf325ecd0db0cd2b80542fad90ab8135b68efe2a02111f3e22a1f86e791355d15,20,fee_distributor_to_agent,0x23ed611be0e1a820978875c0122f92260804cddf,0x3e40d73eb977dc6a537af587d48316fee66e9c8c,True,38109339374456110789,38.10933937445611,0x5f4eC3Df9cbd43714FE2740f5E3616155c5b8419,129127208515966892754,1799.1394,1783771391,1140,0x86392dC19c0b719886221c78AB11eb8Cf5c52812,36893488147419104062,0.999376852758005,1783712039,60492,68521.28850034575,
2026-07-12,2026-07-12T12:21:35.000000Z,25516508,0xfa64889061b7c4b5906feeb2f0c80292608e442ab197b072f4b8d5db5ac1f30d,20,fee_distributor_to_agent,0x23ed611be0e1a820978875c0122f92260804cddf,0x3e40d73eb977dc6a537af587d48316fee66e9c8c,True,37842029411984967592,37.84202941198497,0x5f4eC3Df9cbd43714FE2740f5E3616155c5b8419,129127208515966892783,1806.36,1783858439,456,0x86392dC19c0b719886221c78AB11eb8Cf5c52812,36893488147419104063,0.99985627,1783798475,60420,68346.50339357398,
2026-07-13,2026-07-13T12:21:59.000000Z,25523676,0x2748ac7a6258d540994025813080ecf816596ff21974bc0aa9241947200d49ee,24,fee_distributor_to_agent,0x23ed611be0e1a820978875c0122f92260804cddf,0x3e40d73eb977dc6a537af587d48316fee66e9c8c,True,38174159012081896762,38.174159012081894,0x5f4eC3Df9cbd43714FE2740f5E3616155c5b8419,129127208515966892820,1780.4938,1783944191,1128,0x86392dC19c0b719886221c78AB11eb8Cf5c52812,36893488147419104064,1.0000045,1783884899,60420,67969.15930106642,
2026-07-14,2026-07-14T12:21:11.000000Z,25530848,0x0b90787f03f18235fb0bafe4d031fd9eb348568e1b08978024ce090e8d6accd7,25,fee_distributor_to_agent,0x23ed611be0e1a820978875c0122f92260804cddf,0x3e40d73eb977dc6a537af587d48316fee66e9c8c,True,38557046307543050388,38.55704630754305,0x5f4eC3Df9cbd43714FE2740f5E3616155c5b8419,129127208515966892850,1796.8411,1784029667,2004,0x86392dC19c0b719886221c78AB11eb8Cf5c52812,36893488147419104065,0.9998670542907544,1783971323,60348,69271.67490353662,
2026-07-15,2026-07-15T12:21:59.000000Z,25538024,0xdb8a6b1f42b20c4e2da73473c05e191e894f2e59020a30d09a87e702d2390b8e,20,fee_distributor_to_agent,0x23ed611be0e1a820978875c0122f92260804cddf,0x3e40d73eb977dc6a537af587d48316fee66e9c8c,True,38178405644291491232,38.17840564429149,0x5f4eC3Df9cbd43714FE2740f5E3616155c5b8419,129127208515966892888,1882.13,1784116991,1128,0x86392dC19c0b719886221c78AB11eb8Cf5c52812,36893488147419104066,0.9999908082768808,1784057807,60312,71856.06212819181,
2026-07-16,2026-07-16T12:21:59.000000Z,25545196,0x50e543c4a163953fc3c9e309029c393d51dccdd9690aa6467d2b76be5293eb7d,27,fee_distributor_to_agent,0x23ed611be0e1a820978875c0122f92260804cddf,0x3e40d73eb977dc6a537af587d48316fee66e9c8c,True,38144757725018164032,38.14475772501816,0x5f4eC3Df9cbd43714FE2740f5E3616155c5b8419,129127208515966892924,1881.79628012,1784202779,1740,0x86392dC19c0b719886221c78AB11eb8Cf5c52812,36893488147419104067,1.0001394972778368,1784144243,60276,71790.67640013454,
2026-07-17,2026-07-17T12:22:35.000000Z,25552379,0xd0405f3d1de0c5f070eb4bc4b5e58c3790f239c7fafe123bf9073803143468f4,20,fee_distributor_to_agent,0x23ed611be0e1a820978875c0122f92260804cddf,0x3e40d73eb977dc6a537af587d48316fee66e9c8c,True,38175719796051092770,38.17571979605109,0x5f4eC3Df9cbd43714FE2740f5E3616155c5b8419,129127208515966892955,1836.57626924,1784289755,1200,0x86392dC19c0b719886221c78AB11eb8Cf5c52812,36893488147419104068,0.9997994943753943,1784230655,60300,70098.56306370904,
2026-07-18,2026-07-18T12:24:59.000000Z,25559571,0x88887dbd6f97408f152ec44f3bedb85311984fd5c1fc6ecc3f7a14e083702452,20,fee_distributor_to_agent,0x23ed611be0e1a820978875c0122f92260804cddf,0x3e40d73eb977dc6a537af587d48316fee66e9c8c,True,38297549269933223473,38.29754926993322,0x5f4eC3Df9cbd43714FE2740f5E3616155c5b8419,129127208515966892985,1845.41087975,1784376167,1332,0x86392dC19c0b719886221c78AB11eb8Cf5c52812,36893488147419104070,0.9997356975905137,1784348999,28500,70656.03459327256,
2026-07-19,2026-07-19T12:23:35.000000Z,25566732,0x86c83fac9826aa3f038d66291165c5994bbe5757cb5c131923809eb7c0803ed6,102,fee_distributor_to_agent,0x23ed611be0e1a820978875c0122f92260804cddf,0x3e40d73eb977dc6a537af587d48316fee66e9c8c,True,37319879470996048671,37.31987947099604,0x5f4eC3Df9cbd43714FE2740f5E3616155c5b8419,129127208515966893012,1864.12279172,1784462999,816,0x86392dC19c0b719886221c78AB11eb8Cf5c52812,36893488147419104071,0.9999653831326987,1784435411,28404,69566.42965089696,
2026-07-20,2026-07-20T12:22:23.000000Z,25573897,0x2d3e613c27de0742b866fbcde3d1335c1a1aaa509aea9cf33db82b6e128e832d,20,fee_distributor_to_agent,0x23ed611be0e1a820978875c0122f92260804cddf,0x3e40d73eb977dc6a537af587d48316fee66e9c8c,True,38298305747138394408,38.29830574713839,0x5f4eC3Df9cbd43714FE2740f5E3616155c5b8419,129127208515966893048,1881.95778401,1784549003,1140,0x86392dC19c0b719886221c78AB11eb8Cf5c52812,36893488147419104072,0.9993655587159993,1784521835,28308,72030.06675554097,
2026-07-21,2026-07-21T12:21:59.000000Z,25581066,0xb810812875e76f2661703c915da1eff17713f998bd83db4c6b747e72e94a4d26,20,fee_distributor_to_agent,0x23ed611be0e1a820978875c0122f92260804cddf,0x3e40d73eb977dc6a537af587d48316fee66e9c8c,True,38213923950181454634,38.21392395018146,0x5f4eC3Df9cbd43714FE2740f5E3616155c5b8419,129127208515966893080,1935.53097152,1784634719,1800,0x86392dC19c0b719886221c78AB11eb8Cf5c52812,36893488147419104073,0.999950546007835,1784608271,28248,73960.5755222696,
2026-07-22,2026-07-22T12:21:11.000000Z,25588234,0x829857ce2e40b6804ddad6d1cd685ccbc7c7ef56d05ba9dea41f8677799b034e,27,fee_distributor_to_agent,0x23ed611be0e1a820978875c0122f92260804cddf,0x3e40d73eb977dc6a537af587d48316fee66e9c8c,True,38588799930461333285,38.588799930461334,0x5f4eC3Df9cbd43714FE2740f5E3616155c5b8419,129127208515966893107,1928.6,1784719511,3360,0x86392dC19c0b719886221c78AB11eb8Cf5c52812,36893488147419104074,0.9998050277253561,1784694695,28176,74407.8492491627,
2026-07-23,2026-07-23T12:21:11.000000Z,25595395,0xd84b77cbd3187d7a0bad381a37750cb9a833225c21d80284f9a4bb36fe3be7f9,27,fee_distributor_to_agent,0x23ed611be0e1a820978875c0122f92260804cddf,0x3e40d73eb977dc6a537af587d48316fee66e9c8c,True,38087310551158418525,38.08731055115842,0x5f4eC3Df9cbd43714FE2740f5E3616155c5b8419,129127208515966893140,1925.05266616,1784807099,2172,0x86392dC19c0b719886221c78AB11eb8Cf5c52812,36893488147419104075,1.0000126,1784781131,28140,73321.00255636332,
2026-07-24,2026-07-24T12:21:59.000000Z,25602567,0xdbe7e0b4637326034ec52744514d8e4db0ab2980c279a9705498bcbc22e3fa0a,20,fee_distributor_to_agent,0x23ed611be0e1a820978875c0122f92260804cddf,0x3e40d73eb977dc6a537af587d48316fee66e9c8c,True,38469670967250510383,38.46967096725051,0x5f4eC3Df9cbd43714FE2740f5E3616155c5b8419,129127208515966893172,1881.63,1784894531,1188,0x86392dC19c0b719886221c78AB11eb8Cf5c52812,36893488147419104076,0.9999847544950576,1784867543,28176,72384.58342575893,
2026-07-25,2026-07-25T16:03:23.000000Z,25610856,0xc1e3824e06ab9e5ac148ebad8dc3a2ad7d866fd203a264b04d8ee8d235385d38,25,fee_distributor_to_agent,0x23ed611be0e1a820978875c0122f92260804cddf,0x3e40d73eb977dc6a537af587d48316fee66e9c8c,True,36047769906601043240,36.04776990660104,0x5f4eC3Df9cbd43714FE2740f5E3616155c5b8419,129127208515966893202,1867.68934244,1784994491,912,0x86392dC19c0b719886221c78AB11eb8Cf5c52812,36893488147419104077,1.0007052,1784953967,41436,67373.51399364493,
2026-07-26,2026-07-26T13:54:23.000000Z,25617394,0xd3e2895d5715a2dbc32a1913d396728dd25039149d836bd597832e8bafbee4e6,112,fee_distributor_to_agent,0x23ed611be0e1a820978875c0122f92260804cddf,0x3e40d73eb977dc6a537af587d48316fee66e9c8c,True,40418131046641664748,40.41813104664166,0x5f4eC3Df9cbd43714FE2740f5E3616155c5b8419,129127208515966893224,1885.31415415,1785070895,3168,0x86392dC19c0b719886221c78AB11eb8Cf5c52812,36893488147419104078,1.0000143732170528,1785040379,33684,76201.96979823255,
2026-07-27,2026-07-27T14:49:59.000000Z,25624849,0xdbb3310cfff5941b73c1290cb21ff8e935e41de6727be40d7c6df5a370efe966,84,fee_distributor_to_agent,0x23ed611be0e1a820978875c0122f92260804cddf,0x3e40d73eb977dc6a537af587d48316fee66e9c8c,True,38918605851221831217,38.91860585122183,0x5f4eC3Df9cbd43714FE2740f5E3616155c5b8419,129127208515966893260,1921.77093402,1785163067,732,0x86392dC19c0b719886221c78AB11eb8Cf5c52812,36893488147419104079,1.0000622760963287,1785126791,37008,74797.30331145572,
2026-07-28,2026-07-28T17:14:47.000000Z,25632743,0x700b2e80a039e465750612ef8b3b0d5138d6363c9a670f6c2e09f71cd6414e45,75,fee_distributor_to_agent,0x23ed611be0e1a820978875c0122f92260804cddf,0x3e40d73eb977dc6a537af587d48316fee66e9c8c,True,38586250657471141871,38.58625065747115,0x5f4eC3Df9cbd43714FE2740f5E3616155c5b8419,129127208515966893301,1917.74429278,1785257231,1656,0x86392dC19c0b719886221c78AB11eb8Cf5c52812,36893488147419104080,0.9999508375261906,1785213203,45684,73994.92402577863,
2026-07-29,2026-07-29T12:23:11.000000Z,25638465,0x197875fe9b3626374c37496d49a6d29f4781a998da00952a115303b13618b00f,22,fee_distributor_to_agent,0x23ed611be0e1a820978875c0122f92260804cddf,0x3e40d73eb977dc6a537af587d48316fee66e9c8c,True,38768834695757384334,38.768834695757384,0x5f4eC3Df9cbd43714FE2740f5E3616155c5b8419,129127208515966893328,1903.23976365,1785327467,324,0x86392dC19c0b719886221c78AB11eb8Cf5c52812,36893488147419104081,0.99991904,1785299627,28164,73780.41403738427,
2026-07-30,2026-07-30T12:21:59.000000Z,25645641,0xeb86bf02f96c6a1b0a49794a752001800c5f7dc97943b0002d43416ad9658ec3,22,fee_distributor_to_agent,0x23ed611be0e1a820978875c0122f92260804cddf,0x3e40d73eb977dc6a537af587d48316fee66e9c8c,True,40386448798112678978,40.38644879811268,0x5f4eC3Df9cbd43714FE2740f5E3616155c5b8419,129127208515966893363,1917.31777795,1785410867,3252,0x86392dC19c0b719886221c78AB11eb8Cf5c52812,36893488147419104082,0.9998294543635496,1785386039,28080,77420.45029669779,
2026-07-31,2026-07-31T12:21:35.000000Z,25652808,0x247741863fb993237e59dfb33df171dcbece18e7a4f7ea89e769c7ca3dd138a6,29,fee_distributor_to_agent,0x23ed611be0e1a820978875c0122f92260804cddf,0x3e40d73eb977dc6a537af587d48316fee66e9c8c,True,39589230233051659815,39.58923023305166,0x5f4eC3Df9cbd43714FE2740f5E3616155c5b8419,129127208515966893390,1881.17753482,1785499355,1140,0x86392dC19c0b719886221c78AB11eb8Cf5c52812,36893488147419104083,0.99980313,1785472439,28056,74459.70876590625,
2026-08-01,2026-08-01T12:21:23.000000Z,25659989,0x6039fcc5457a703cba6ed5a8d0613beabbdd0f903c03c4c592c386d8f334023f,29,fee_distributor_to_agent,0x23ed611be0e1a820978875c0122f92260804cddf,0x3e40d73eb977dc6a537af587d48316fee66e9c8c,True,39343519031828806195,39.343519031828805,0x5f4eC3Df9cbd43714FE2740f5E3616155c5b8419,129127208515966893419,1865.66292321,1785585707,1176,0x86392dC19c0b719886221c78AB11eb8Cf5c52812,36893488147419104084,0.999994660835592,1785558851,28032,73401.35282230706,
2026-08-02,2026-08-02T12:21:59.000000Z,25667166,0x4d9b79257b53f1bdeab909ef7b22d06cbc8d376bd156cf3b5484264c2e368388,22,fee_distributor_to_agent,0x23ed611be0e1a820978875c0122f92260804cddf,0x3e40d73eb977dc6a537af587d48316fee66e9c8c,True,38579503708555724884,38.57950370855572,0x5f4eC3Df9cbd43714FE2740f5E3616155c5b8419,129127208515966893449,1856.54481881,1785671039,2280,0x86392dC19c0b719886221c78AB11eb8Cf5c52812,36893488147419104085,0.9998916865361481,1785645263,28056,71616.81981627026,
2026-08-03,2026-08-03T12:23:23.000000Z,25674343,0xf70c1e94200ea603def0877293af2e4c7d30f5cb6eaf694ef89987ea8ce4c5b0,22,fee_distributor_to_agent,0x23ed611be0e1a820978875c0122f92260804cddf,0x3e40d73eb977dc6a537af587d48316fee66e9c8c,True,38390498472014083628,38.39049847201409,0x5f4eC3Df9cbd43714FE2740f5E3616155c5b8419,129127208515966893476,1840.03,1785757871,1932,0x86392dC19c0b719886221c78AB11eb8Cf5c52812,36893488147419104086,0.9996921178512672,1785731687,28116,70617.92021041231,
2026-08-04,2026-08-04T12:22:35.000000Z,25681521,0x7d0b51ee20398eb60faaeec0f7ed2b3a65571435bf9ce617ebcc798cf69d87a4,53,fee_distributor_to_agent,0x23ed611be0e1a820978875c0122f92260804cddf,0x3e40d73eb977dc6a537af587d48316fee66e9c8c,True,39020897781167557161,39.020897781167555,0x5f4eC3Df9cbd43714FE2740f5E3616155c5b8419,129127208515966893507,1871.31209368,1785843971,2184,0x86392dC19c0b719886221c78AB11eb8Cf5c52812,36893488147419104087,0.9997985364801437,1785818111,28044,73005.56700193844,
2026-08-05,2026-08-05T12:22:23.000000Z,25688696,0x906ebabaa07864921b965a26c8bad4006511fd8885c69b4ab707d0660e5e8ddc,29,fee_distributor_to_agent,0x23ed611be0e1a820978875c0122f92260804cddf,0x3e40d73eb977dc6a537af587d48316fee66e9c8c,True,39103808471138738046,39.10380847113874,0x5f4eC3Df9cbd43714FE2740f5E3616155c5b8419,129127208515966893537,1876.949,1785932435,108,0x86392dC19c0b719886221c78AB11eb8Cf5c52812,36893488147419104088,0.9996169998620256,1785904535,28008,73367.7435838077,
2026-08-06,2026-08-06T12:23:47.000000Z,25695886,0x7badfc304e0a72fc3a0f48626704540c343d7397aeab8a853e9b94cee8eef88f,22,fee_distributor_to_agent,0x23ed611be0e1a820978875c0122f92260804cddf,0x3e40d73eb977dc6a537af587d48316fee66e9c8c,True,39173310280435065663,39.17331028043507,0x5f4eC3Df9cbd43714FE2740f5E3616155c5b8419,129127208515966893568,1906.36,1786016855,2172,0x86392dC19c0b719886221c78AB11eb8Cf5c52812,36893488147419104089,0.9996417073333085,1785990959,28068,74651.67505174117,
2026-08-07,2026-08-07T12:21:47.000000Z,25703056,0x17afefa6f792d1722c00da7b675af0847bc0e7f706cf8e62bd77cb34788f0b72,22,fee_distributor_to_agent,0x23ed611be0e1a820978875c0122f92260804cddf,0x3e40d73eb977dc6a537af587d48316fee66e9c8c,True,38869024094720746332,38.86902409472074,0x5f4eC3Df9cbd43714FE2740f5E3616155c5b8419,129127208515966893595,1927.42025553,1786104515,792,0x86392dC19c0b719886221c78AB11eb8Cf5c52812,36893488147419104090,0.99990246,1786077395,27912,74909.63695409622,
2026-08-08,2026-08-08T12:21:59.000000Z,25710210,0x8099c8cb8800491780fb1f44adc6978d918b63dad6eadde1cf9e1386d63e064a,22,fee_distributor_to_agent,0x23ed611be0e1a820978875c0122f92260804cddf,0x3e40d73eb977dc6a537af587d48316fee66e9c8c,True,38076699150328824344,38.07669915032882,0x5f4eC3Df9cbd43714FE2740f5E3616155c5b8419,129127208515966893619,1919.48650675,1786190507,1212,0x86392dC19c0b719886221c78AB11eb8Cf5c52812,36893488147419104091,0.9998829250008027,1786163819,27900,73079.15349701761,
2026-08-09,2026-08-09T12:21:47.000000Z,25717389,0xe702e86e6cf3d4a6a4770949ea5a047a060d0628f4b87784bd58ee6546fae9e6,22,fee_distributor_to_agent,0x23ed611be0e1a820978875c0122f92260804cddf,0x3e40d73eb977dc6a537af587d48316fee66e9c8c,True,39301996539255588661,39.30199653925559,0x5f4eC3Df9cbd43714FE2740f5E3616155c5b8419,129127208515966893643,1916.53969478,1786276943,1164,0x86392dC19c0b719886221c78AB11eb8Cf5c52812,36893488147419104092,1.0001335772931572,1786250243,27864,75333.89800577295,
2026-08-10,2026-08-10T12:21:23.000000Z,25724560,0x0d7504898cdbba532e09f0aff2856f81a40375a3260988607e188d8f1dcc7213,22,fee_distributor_to_agent,0x23ed611be0e1a820978875c0122f92260804cddf,0x3e40d73eb977dc6a537af587d48316fee66e9c8c,True,38757493063250737149,38.75749306325074,0x5f4eC3Df9cbd43714FE2740f5E3616155c5b8419,129127208515966893671,1917.56524565,1786362899,1584,0x86392dC19c0b719886221c78AB11eb8Cf5c52812,36893488147419104093,0.9998366111287885,1786336655,27828,74307.87864215553,
2026-08-11,2026-08-11T12:21:59.000000Z,25731724,0x167a8014c9844f081959010decf191ddebc7de0ea634994201007a0cfa585a32,22,fee_distributor_to_agent,0x23ed611be0e1a820978875c0122f92260804cddf,0x3e40d73eb977dc6a537af587d48316fee66e9c8c,True,38982183204379088281,38.98218320437909,0x5f4eC3Df9cbd43714FE2740f5E3616155c5b8419,129127208515966893697,1893.56661495,1786449755,1164,0x86392dC19c0b719886221c78AB11eb8Cf5c52812,36893488147419104094,1.0001857512899377,1786423067,27852,73829.07199214293,
2026-08-12,2026-08-12T12:23:23.000000Z,25738892,0x9b6cbcbced2937cf8a2ee3ba71e41082e73deeb52db1c8d62e028d9140c15e03,22,fee_distributor_to_agent,0x23ed611be0e1a820978875c0122f92260804cddf,0x3e40d73eb977dc6a537af587d48316fee66e9c8c,True,38845638776857046792,38.845638776857044,0x5f4eC3Df9cbd43714FE2740f5E3616155c5b8419,129127208515966893726,1914.42155289,1786536239,1164,0x86392dC19c0b719886221c78AB11eb8Cf5c52812,36893488147419104095,0.9999541126251528,1786509503,27900,74363.51560708822,
2026-08-13,2026-08-13T12:22:23.000000Z,25746068,0x0d34ccb6a9b0f8eef29fd10ba48704e777267c831c6ecf15fe0d63cb96c91e61,22,fee_distributor_to_agent,0x23ed611be0e1a820978875c0122f92260804cddf,0x3e40d73eb977dc6a537af587d48316fee66e9c8c,True,39298975623752752739,39.29897562375275,0x5f4eC3Df9cbd43714FE2740f5E3616155c5b8419,129127208515966893753,1877.23,1786622519,1224,0x86392dC19c0b719886221c78AB11eb8Cf5c52812,36893488147419104096,0.9995816996132662,1786595915,27828,73742.35664538972,
2026-08-14,2026-08-14T12:21:59.000000Z,25753242,0xd44bad1abf850f5ebb1db97c442cc571f96afafde2489b8148813654dc212f2f,22,fee_distributor_to_agent,0x23ed611be0e1a820978875c0122f92260804cddf,0x3e40d73eb977dc6a537af587d48316fee66e9c8c,True,39137917424667671922,39.13791742466767,0x5f4eC3Df9cbd43714FE2740f5E3616155c5b8419,129127208515966893779,1875.18509853,1786708907,1212,0x86392dC19c0b719886221c78AB11eb8Cf5c52812,36893488147419104097,0.999874751718123,1786682339,27780,73381.64746567627,
2026-08-15,2026-08-15T12:23:59.000000Z,25760424,0xf808dcd757a06f84ff684f510840635c78b75ff5e912238ebff48ab83c00f7d0,22,fee_distributor_to_agent,0x23ed611be0e1a820978875c0122f92260804cddf,0x3e40d73eb977dc6a537af587d48316fee66e9c8c,True,38937757691488523567,38.93775769148853,0x5f4eC3Df9cbd43714FE2740f5E3616155c5b8419,129127208515966893804,1877.1248858,1786795343,1296,0x86392dC19c0b719886221c78AB11eb8Cf5c52812,36893488147419104098,0.999904649934626,1786768763,27876,73084.06472507714,
2026-08-16,2026-08-16T12:21:11.000000Z,25767585,0xd1f2195afaebe60202782b71aca1692a70d0da014fe5bc91180647d36db1f194,83,fee_distributor_to_agent,0x23ed611be0e1a820978875c0122f92260804cddf,0x3e40d73eb977dc6a537af587d48316fee66e9c8c,True,38492078579734063633,38.49207857973406,0x5f4eC3Df9cbd43714FE2740f5E3616155c5b8419,129127208515966893828,1878.53593216,1786881743,1128,0x86392dC19c0b719886221c78AB11eb8Cf5c52812,36893488147419104099,0.9999278609336864,1786855175,27696,72303.5364296495,
2026-08-17,2026-08-17T12:21:23.000000Z,25774768,0xfb8eee99628d096eb12b302658ca1756a6504b52ac427b721741091f2cffeff4,22,fee_distributor_to_agent,0x23ed611be0e1a820978875c0122f92260804cddf,0x3e40d73eb977dc6a537af587d48316fee66e9c8c,True,39032054939990926641,39.03205493999093,0x5f4eC3Df9cbd43714FE2740f5E3616155c5b8419,129127208515966893856,1904.01965441,1786966619,2664,0x86392dC19c0b719886221c78AB11eb8Cf5c52812,36893488147419104100,0.9995534103233655,1786941599,27684,74284.61019559165,
2026-08-18,2026-08-18T12:21:11.000000Z,25781938,0xb3d0d96cc7355530c14eb342bc239bbfa38cb1e9af9da267f13e442ccf93f47d,22,fee_distributor_to_agent,0x23ed611be0e1a820978875c0122f92260804cddf,0x3e40d73eb977dc6a537af587d48316fee66e9c8c,True,39208277798041301021,39.20827779804131,0x5f4eC3Df9cbd43714FE2740f5E3616155c5b8419,129127208515966893881,1900.72010812,1787054555,1116,0x86392dC19c0b719886221c78AB11eb8Cf5c52812,36893488147419104101,0.9987701400392158,1787028023,27648,74432.30797849022,
2026-08-19,2026-08-19T12:21:11.000000Z,25789119,0x2f806fe0351c3c1fd6720b4d911b560041a37dae6ba36c481715969eb68b4c7e,22,fee_distributor_to_agent,0x23ed611be0e1a820978875c0122f92260804cddf,0x3e40d73eb977dc6a537af587d48316fee66e9c8c,True,39357065684711706605,39.3570656847117,0x5f4eC3Df9cbd43714FE2740f5E3616155c5b8419,129127208515966893908,1921.03531511,1787139647,2424,0x86392dC19c0b719886221c78AB11eb8Cf5c52812,36893488147419104102,0.999883767686178,1787114459,27612,75597.52518272634,
2026-08-20,2026-08-20T12:21:59.000000Z,25796297,0x004275a4f1a2c0f0dfa931d46e8591ae35eb1a42a0d34d9cb116304e8bbfe809,22,fee_distributor_to_agent,0x23ed611be0e1a820978875c0122f92260804cddf,0x3e40d73eb977dc6a537af587d48316fee66e9c8c,True,42921659424468795512,42.92165942446879,0x5f4eC3Df9cbd43714FE2740f5E3616155c5b8419,129127208515966893988,2269.67054685,1787227799,720,0x86392dC19c0b719886221c78AB11eb8Cf5c52812,36893488147419104103,0.99997585,1787200883,27636,97415.67357231038,
2026-08-21,2026-08-21T12:23:23.000000Z,25803485,0x9cba6988d16e04578207cb1458de17edc71e78778d5066f0640c3567808ef53e,47,fee_distributor_to_agent,0x23ed611be0e1a820978875c0122f92260804cddf,0x3e40d73eb977dc6a537af587d48316fee66e9c8c,True,40558211438557096018,40.558211438557095,0x5f4eC3Df9cbd43714FE2740f5E3616155c5b8419,129127208515966894058,2368.1814,1787312003,3000,0x86392dC19c0b719886221c78AB11eb8Cf5c52812,36893488147419104104,0.9997638715356719,1787287295,27708,96026.52199550268,
2026-08-22,2026-08-22T12:23:11.000000Z,25810661,0x50c4ee805902fd3bf9fa0dbd4aa0f0c818e35a758cfc86ab4d8b3e29869efe68,22,fee_distributor_to_agent,0x23ed611be0e1a820978875c0122f92260804cddf,0x3e40d73eb977dc6a537af587d48316fee66e9c8c,True,43041755253075401669,43.0417552530754,0x5f4eC3Df9cbd43714FE2740f5E3616155c5b8419,129127208515966894127,2425.56,1787399219,2172,0x86392dC19c0b719886221c78AB11eb8Cf5c52812,36893488147419104105,0.9997127924281243,1787373719,27672,104370.37529778788,
2026-08-23,2026-08-23T12:22:23.000000Z,25817827,0x1428ba508f24b0707c33b5f125975813170bb4b21397c7c786982e4e440fefa8,22,fee_distributor_to_agent,0x23ed611be0e1a820978875c0122f92260804cddf,0x3e40d73eb977dc6a537af587d48316fee66e9c8c,True,40003595083009219566,40.00359508300922,0x5f4eC3Df9cbd43714FE2740f5E3616155c5b8419,129127208515966894162,2424.41183567,1787487731,12,0x86392dC19c0b719886221c78AB11eb8Cf5c52812,36893488147419104106,0.9997562423286093,1787460131,27612,96961.54850467303,
2026-08-24,2026-08-24T12:23:59.000000Z,25825014,0x788224f4bd60bd6041466d7e88bd5ec35f2da142e33a65bea87edd61534c3990,133,fee_distributor_to_agent,0x23ed611be0e1a820978875c0122f92260804cddf,0x3e40d73eb977dc6a537af587d48316fee66e9c8c,True,41250237241907701519,41.2502372419077,0x5f4eC3Df9cbd43714FE2740f5E3616155c5b8419,129127208515966894211,2489.4994056,1787572079,2160,0x86392dC19c0b719886221c78AB11eb8Cf5c52812,36893488147419104107,0.999562603458615,1787546567,27672,102647.52377602705,
2026-08-25,2026-08-25T12:22:11.000000Z,25832183,0x2d9f3d2b8d7665e6d193a7b77360c7920d116615f14978ba52a9c2cbc80ad34e,22,fee_distributor_to_agent,0x23ed611be0e1a820978875c0122f92260804cddf,0x3e40d73eb977dc6a537af587d48316fee66e9c8c,True,41048390507793491572,41.04839050779349,0x5f4eC3Df9cbd43714FE2740f5E3616155c5b8419,129127208515966894261,2467.41803544,1787659667,864,0x86392dC19c0b719886221c78AB11eb8Cf5c52812,36893488147419104108,0.9998218793818826,1787632979,27552,101265.49837813045,
2026-08-26,2026-08-26T12:21:35.000000Z,25839354,0x9b82947f5f843b796cd912a364a7a7530a137c7954763a6ab5a2f460de59c307,22,fee_distributor_to_agent,0x23ed611be0e1a820978875c0122f92260804cddf,0x3e40d73eb977dc6a537af587d48316fee66e9c8c,True,39990974843784016762,39.99097484378402,0x5f4eC3Df9cbd43714FE2740f5E3616155c5b8419,129127208515966894295,2460.14733166,1787744951,1944,0x86392dC19c0b719886221c78AB11eb8Cf5c52812,36893488147419104109,0.9998472208714729,1787719403,27492,98368.65907798994,
2026-08-27,2026-08-27T12:21:23.000000Z,25846524,0x47f5c85583d64a43f9780c9acf05204631efa0bf73a2897febf1bd583a1a8969,22,fee_distributor_to_agent,0x23ed611be0e1a820978875c0122f92260804cddf,0x3e40d73eb977dc6a537af587d48316fee66e9c8c,True,39868986682088448155,39.86898668208845,0x5f4eC3Df9cbd43714FE2740f5E3616155c5b8419,129127208515966894330,2502.62,1787830139,3144,0x86392dC19c0b719886221c78AB11eb8Cf5c52812,36893488147419104110,0.9994315907724299,1787805827,27456,99720.20932634047,
2026-08-28,2026-08-28T12:21:35.000000Z,25853706,0xe868e4acddf3e275cb2d630b3a871f65247d71fc4c998fe175599f94d8bb6496,22,fee_distributor_to_agent,0x23ed611be0e1a820978875c0122f92260804cddf,0x3e40d73eb977dc6a537af587d48316fee66e9c8c,True,40349663946249879038,40.349663946249876,0x5f4eC3Df9cbd43714FE2740f5E3616155c5b8419,129127208515966894365,2504.38,1787918207,1488,0x86392dC19c0b719886221c78AB11eb8Cf5c52812,36893488147419104111,0.9992745105480267,1787892239,27456,100977.58003789064,
2026-08-29,2026-08-29T12:22:59.000000Z,25860884,0x9b54b71d93f7a9205a599d93903060ab32e95847ae8bd2cfbb1ec98195c1365f,22,fee_distributor_to_agent,0x23ed611be0e1a820978875c0122f92260804cddf,0x3e40d73eb977dc6a537af587d48316fee66e9c8c,True,40076627410688585969,40.07662741068859,0x5f4eC3Df9cbd43714FE2740f5E3616155c5b8419,129127208515966894405,2435.76327525,1788004943,1236,0x86392dC19c0b719886221c78AB11eb8Cf5c52812,36893488147419104112,0.9997290061882353,1787978639,27540,97590.72359187802,
2026-08-30,2026-08-30T12:21:59.000000Z,25868055,0x64348d916e9260d2204ea6e1ef3d786570003c864e5cbff8d3d6c3a199502a9b,22,fee_distributor_to_agent,0x23ed611be0e1a820978875c0122f92260804cddf,0x3e40d73eb977dc6a537af587d48316fee66e9c8c,True,40055381686681430478,40.05538168668143,0x5f4eC3Df9cbd43714FE2740f5E3616155c5b8419,129127208515966894430,2460.7212,1788091319,1200,0x86392dC19c0b719886221c78AB11eb8Cf5c52812,36893488147419104113,0.9997289301659757,1788065063,27456,98538.40885792195,
2026-08-31,2026-08-31T12:22:35.000000Z,25875233,0x1bad343834044681f393485bcf131863801ff082da4fe24a2095629a7332d517,22,fee_distributor_to_agent,0x23ed611be0e1a820978875c0122f92260804cddf,0x3e40d73eb977dc6a537af587d48316fee66e9c8c,True,41251146232824266992,41.25114623282427,0x5f4eC3Df9cbd43714FE2740f5E3616155c5b8419,129127208515966894471,2459.5145,1788178835,120,0x86392dC19c0b719886221c78AB11eb8Cf5c52812,36893488147419104114,0.99985068548427,1788151487,27468,101442.64318012718,
2026-09-01,2026-09-01T12:21:59.000000Z,25882400,0xf9a0c48463e92a01347aadfefbf9349ec72858550a8fa162e894f61e9e99a499,72,fee_distributor_to_agent,0x23ed611be0e1a820978875c0122f92260804cddf,0x3e40d73eb977dc6a537af587d48316fee66e9c8c,True,40343130412782766407,40.34313041278276,0x5f4eC3Df9cbd43714FE2740f5E3616155c5b8419,129127208515966894500,2457.72092281,1788262475,2844,0x86392dC19c0b719886221c78AB11eb8Cf5c52812,36893488147419104115,0.9999522915367169,1788237923,27396,99147.42531016863,
2026-09-02,2026-09-02T12:22:47.000000Z,25889579,0xf59f8e356dcd7b75b4881df685a1ac6043d6abbd01836fdfa1203c9a6925d493,22,fee_distributor_to_agent,0x23ed611be0e1a820978875c0122f92260804cddf,0x3e40d73eb977dc6a537af587d48316fee66e9c8c,True,39785233064885323381,39.78523306488532,0x5f4eC3Df9cbd43714FE2740f5E3616155c5b8419,129127208515966894538,2385.8621122,1788351539,228,0x86392dC19c0b719886221c78AB11eb8Cf5c52812,36893488147419104116,0.9994163690998182,1788324335,27432,94866.6807354455,
2026-09-03,2026-09-03T12:21:23.000000Z,25896744,0x6dc394d45ebdba4689fc3bd92180944842546d76b7c26f11a348df23b51f8bbd,22,fee_distributor_to_agent,0x23ed611be0e1a820978875c0122f92260804cddf,0x3e40d73eb977dc6a537af587d48316fee66e9c8c,True,39966052278864045525,39.96605227886404,0x5f4eC3Df9cbd43714FE2740f5E3616155c5b8419,129127208515966894573,2401.71,1788434711,3372,0x86392dC19c0b719886221c78AB11eb8Cf5c52812,36893488147419104117,0.9997707155211507,1788410759,27324,95964.85911979809,
2026-09-04,2026-09-04T12:21:11.000000Z,25903920,0x5dc5e3d3e80bc43e791244f3bbe919893d8a830b85b7995cfbfca2e34e32d15c,22,fee_distributor_to_agent,0x23ed611be0e1a820978875c0122f92260804cddf,0x3e40d73eb977dc6a537af587d48316fee66e9c8c,True,40975964394882893719,40.975964394882894,0x5f4eC3Df9cbd43714FE2740f5E3616155c5b8419,129127208515966894609,2525.24,1788520955,3516,0x86392dC19c0b719886221c78AB11eb8Cf5c52812,36893488147419104118,0.9997331880085835,1788497171,27300,103446.53618602565,
2026-09-05,2026-09-05T12:21:11.000000Z,25911092,0x90581ef4bdc697c7feb9fb38de9e268f59bd312f2386d4e03b09558865232f5a,152,fee_distributor_to_agent,0x23ed611be0e1a820978875c0122f92260804cddf,0x3e40d73eb977dc6a537af587d48316fee66e9c8c,True,40584884613059203102,40.58488461305921,0x5f4eC3Df9cbd43714FE2740f5E3616155c5b8419,129127208515966894644,2455.6657,1788609803,1068,0x86392dC19c0b719886221c78AB11eb8Cf5c52812,36893488147419104119,0.999716114195968,1788583595,27276,99634.61619767016,
2026-09-06,2026-09-06T12:22:11.000000Z,25918274,0x314f6a49de7906164617d8ecd026f17c72d8a88933097ef6d895beb11be04de4,60,fee_distributor_to_agent,0x23ed611be0e1a820978875c0122f92260804cddf,0x3e40d73eb977dc6a537af587d48316fee66e9c8c,True,40694771784543629906,40.69477178454363,0x5f4eC3Df9cbd43714FE2740f5E3616155c5b8419,129127208515966894670,2501.73911263,1788696119,1212,0x86392dC19c0b719886221c78AB11eb8Cf5c52812,36893488147419104120,0.9995964172903262,1788670019,27312,101766.61442460366,
2026-09-07,2026-09-07T12:21:59.000000Z,25925446,0xffb5f6f2450aebcc6a3bd4e5ad9f8ef183de4c9252ba9c63afa1d8e1ba643f40,73,fee_distributor_to_agent,0x23ed611be0e1a820978875c0122f92260804cddf,0x3e40d73eb977dc6a537af587d48316fee66e9c8c,True,40919078663995149483,40.919078663995144,0x5f4eC3Df9cbd43714FE2740f5E3616155c5b8419,129127208515966894700,2490.2929,1788782543,1176,0x86392dC19c0b719886221c78AB11eb8Cf5c52812,36893488147419104121,0.99974297,1788756443,27276,101874.29958826848,
2026-09-08,2026-09-08T12:21:59.000000Z,25932615,0x8f4264c88d0e3a2bc37fab3624c33bdefcfc254a1b399535824133125766941b,22,fee_distributor_to_agent,0x23ed611be0e1a820978875c0122f92260804cddf,0x3e40d73eb977dc6a537af587d48316fee66e9c8c,True,40779879689608322197,40.77987968960832,0x5f4eC3Df9cbd43714FE2740f5E3616155c5b8419,129127208515966894728,2471.40490425,1788869483,636,0x86392dC19c0b719886221c78AB11eb8Cf5c52812,36893488147419104122,0.99975633,1788842855,27264,100759.03672111226,
2026-09-09,2026-09-09T12:22:11.000000Z,25939783,0x624d13e561c349b02269589240bb4fa177853e4f46504af1f07bb24c783a2dd6,82,fee_distributor_to_agent,0x23ed611be0e1a820978875c0122f92260804cddf,0x3e40d73eb977dc6a537af587d48316fee66e9c8c,True,42514222760822237561,42.514222760822236,0x5f4eC3Df9cbd43714FE2740f5E3616155c5b8419,129127208515966894759,2498.24712289,1788954575,1956,0x86392dC19c0b719886221c78AB11eb8Cf5c52812,36893488147419104123,0.99963942,1788929279,27252,106172.73711923869,
2026-09-10,2026-09-10T12:22:11.000000Z,25946958,0x7324734007af2d8296d0f748da7dfa7b03394b7e105a8a7e96095795c0ffe8b0,22,fee_distributor_to_agent,0x23ed611be0e1a820978875c0122f92260804cddf,0x3e40d73eb977dc6a537af587d48316fee66e9c8c,True,40979766930162555694,40.979766930162555,0x5f4eC3Df9cbd43714FE2740f5E3616155c5b8419,129127208515966894788,2461.50497065,1789041731,1200,0x86392dC19c0b719886221c78AB11eb8Cf5c52812,36893488147419104124,0.9997951032510999,1789015691,27240,100851.23167030932,
2026-09-11,2026-09-11T12:23:35.000000Z,25954139,0x3533cfbabb9d56020fcb4183d2f8d77447e088db93c5b18575e236e6b2a2c6ea,80,fee_distributor_to_agent,0x23ed611be0e1a820978875c0122f92260804cddf,0x3e40d73eb977dc6a537af587d48316fee66e9c8c,True,40665836687463431781,40.66583668746343,0x5f4eC3Df9cbd43714FE2740f5E3616155c5b8419,129127208515966894817,2454.08328708,1789126355,3060,0x86392dC19c0b719886221c78AB11eb8Cf5c52812,36893488147419104125,0.99997430268679,1789102115,27300,99794.78564606389,
2026-09-12,2026-09-12T12:23:23.000000Z,25961308,0xbd2818863d6a39e2e1cfd23f02f79e1dca68667b54aaa48a5a2bc10e62bfefb0,22,fee_distributor_to_agent,0x23ed611be0e1a820978875c0122f92260804cddf,0x3e40d73eb977dc6a537af587d48316fee66e9c8c,True,42229063347467798804,42.22906334746779,0x5f4eC3Df9cbd43714FE2740f5E3616155c5b8419,129127208515966894868,2534.66706996,1789214567,1236,0x86392dC19c0b719886221c78AB11eb8Cf5c52812,36893488147419104126,0.99983943,1789188527,27276,107019.4293926082,
2026-09-13,2026-09-13T12:22:47.000000Z,25968486,0xe3bded34439faf06c150881789098d5175332121d59a22cbecd153e2f30af523,52,fee_distributor_to_agent,0x23ed611be0e1a820978875c0122f92260804cddf,0x3e40d73eb977dc6a537af587d48316fee66e9c8c,True,40570710019396117610,40.57071001939612,0x5f4eC3Df9cbd43714FE2740f5E3616155c5b8419,129127208515966894893,2473.5957143,1789299215,2952,0x86392dC19c0b719886221c78AB11eb8Cf5c52812,36893488147419104127,0.999819874043634,1789274939,27228,100337.45779347047,
2026-09-14,2026-09-14T12:22:11.000000Z,25975667,0xd4bd9823e22cedab9e168fe83f89bc99282122f6a5f0d3f4e5fa842f5eae05d0,102,fee_distributor_to_agent,0x23ed611be0e1a820978875c0122f92260804cddf,0x3e40d73eb977dc6a537af587d48316fee66e9c8c,True,40631294709532167611,40.63129470953216,0x5f4eC3Df9cbd43714FE2740f5E3616155c5b8419,129127208515966894924,2511.0442,1789387895,636,0x86392dC19c0b719886221c78AB11eb8Cf5c52812,36893488147419104128,0.99983715,1789361351,27180,102010.36182567017,
2026-09-15,2026-09-15T12:23:23.000000Z,25982839,0x6d70c792754d33ebde957c97f6a94f3bccd4e97755828619d8484bf81e210b31,24,fee_distributor_to_agent,0x23ed611be0e1a820978875c0122f92260804cddf,0x3e40d73eb977dc6a537af587d48316fee66e9c8c,True,42030968889367320292,42.03096888936732,0x5f4eC3Df9cbd43714FE2740f5E3616155c5b8419,129127208515966894965,2476.62011312,1789473707,1296,0x86392dC19c0b719886221c78AB11eb8Cf5c52812,36893488147419104129,0.999717336525921,1789447763,27240,104065.31914365948,
2026-09-16,2026-09-16T12:21:35.000000Z,25990003,0xca2196414314af52f9969da0312e555eb8d180ff7dd252113109482dde44667b,196,fee_distributor_to_agent,0x23ed611be0e1a820978875c0122f92260804cddf,0x3e40d73eb977dc6a537af587d48316fee66e9c8c,True,41266490555272658103,41.26649055527266,0x5f4eC3Df9cbd43714FE2740f5E3616155c5b8419,129127208515966895009,2414.31461915,1789558667,2628,0x86392dC19c0b719886221c78AB11eb8Cf5c52812,36893488147419104130,1.000061075278627,1789534187,27108,99636.37637641886,
2026-09-17,2026-09-17T12:22:11.000000Z,25997181,0x90d373a9e3e7c7fa11dff9a017158b123411c5adc3f33e335b232f1eefa6fcb4,162,fee_distributor_to_agent,0x23ed611be0e1a820978875c0122f92260804cddf,0x3e40d73eb977dc6a537af587d48316fee66e9c8c,True,41264419104406481049,41.26441910440648,0x5f4eC3Df9cbd43714FE2740f5E3616155c5b8419,129127208515966895055,2455.8,1789647347,384,0x86392dC19c0b719886221c78AB11eb8Cf5c52812,36893488147419104131,0.9995538872519684,1789620623,27108,101291.95263748134,
2026-09-18,2026-09-18T12:22:35.000000Z,26004357,0x8be6db89342caf40629fdcd1e587ac0bcc7acbc2f9ddd07e540998689179a934,139,fee_distributor_to_agent,0x23ed611be0e1a820978875c0122f92260804cddf,0x3e40d73eb977dc6a537af587d48316fee66e9c8c,True,41384241301107971862,41.38424130110798,0x5f4eC3Df9cbd43714FE2740f5E3616155c5b8419,129127208515966895088,2503.5,1789733231,924,0x86392dC19c0b719886221c78AB11eb8Cf5c52812,36893488147419104132,0.9992057189052024,1789707035,27120,103523.15624858208,
2026-09-19,2026-09-19T12:22:11.000000Z,26011532,0xb037511e2fcdd284c0de3bbe0f6a482451072f4c7d9c00bd74b787d72ae38522,34,fee_distributor_to_agent,0x23ed611be0e1a820978875c0122f92260804cddf,0x3e40d73eb977dc6a537af587d48316fee66e9c8c,True,41396658586202685647,41.39665858620268,0x5f4eC3Df9cbd43714FE2740f5E3616155c5b8419,129127208515966895122,2637.14319897,1789817687,2844,0x86392dC19c0b719886221c78AB11eb8Cf5c52812,36893488147419104133,0.9997881626431695,1789793459,27072,109145.79059593614,
2026-09-20,2026-09-20T12:22:35.000000Z,26018695,0x22a89efd5000c2beb6a018fb11ec58b70638184dbf5762fb6cd67f3fe94de508,24,fee_distributor_to_agent,0x23ed611be0e1a820978875c0122f92260804cddf,0x3e40d73eb977dc6a537af587d48316fee66e9c8c,True,41044140604462930979,41.04414060446293,0x5f4eC3Df9cbd43714FE2740f5E3616155c5b8419,129127208515966895152,2575.8856,1789905719,1236,0x86392dC19c0b719886221c78AB11eb8Cf5c52812,36893488147419104134,0.9997985267408903,1789879871,27084,105703.70998492668,
2026-09-21,2026-09-21T12:23:35.000000Z,26025862,0x7a4e433e60d11efcc32277554911d7c68c51a0539c1c59b3752377d9e26accce,38,fee_distributor_to_agent,0x23ed611be0e1a820978875c0122f92260804cddf,0x3e40d73eb977dc6a537af587d48316fee66e9c8c,True,40811939473275285680,40.81193947327529,0x5f4eC3Df9cbd43714FE2740f5E3616155c5b8419,129127208515966895196,2723.1664,1789990127,3288,0x86392dC19c0b719886221c78AB11eb8Cf5c52812,36893488147419104135,0.9998272829130197,1789966283,27132,111118.50691226333,
2026-09-22,2026-09-22T12:22:23.000000Z,26032998,0x3c91f03dbf11863e632f49ab15667d341fa8d70fcba8475618dfedc8978fc09e,31,fee_distributor_to_agent,0x23ed611be0e1a820978875c0122f92260804cddf,0x3e40d73eb977dc6a537af587d48316fee66e9c8c,True,40699178012728434187,40.69917801272843,0x5f4eC3Df9cbd43714FE2740f5E3616155c5b8419,129127208515966895241,2743.23239225,1790078747,996,0x86392dC19c0b719886221c78AB11eb8Cf5c52812,36893488147419104136,1.0000549640511982,1790052707,27036,111653.44005056926,
2026-09-23,2026-09-23T12:22:11.000000Z,26040148,0x573bc04ffa9f9051b1984581ae4c278cbbba8278a3f2147f42984784aa944bdb,24,fee_distributor_to_agent,0x23ed611be0e1a820978875c0122f92260804cddf,0x3e40d73eb977dc6a537af587d48316fee66e9c8c,True,41827090871906653809,41.827090871906655,0x5f4eC3Df9cbd43714FE2740f5E3616155c5b8419,129127208515966895275,2725.85977745,1790164355,1776,0x86392dC19c0b719886221c78AB11eb8Cf5c52812,36893488147419104137,0.9998843614643604,1790139119,27012,114001.6001127422,
2026-09-24,2026-09-24T12:23:47.000000Z,26047293,0x4732fc5cb4a1f4abe1cb35b86a5933358d6c54cd488687a8a96b5045eb3eec95,24,fee_distributor_to_agent,0x23ed611be0e1a820978875c0122f92260804cddf,0x3e40d73eb977dc6a537af587d48316fee66e9c8c,True,41428789027769254721,41.428789027769255,0x5f4eC3Df9cbd43714FE2740f5E3616155c5b8419,129127208515966895315,2643.94,1790251283,1344,0x86392dC19c0b719886221c78AB11eb8Cf5c52812,36893488147419104138,0.99966592,1790225531,27096,109498.63893161931,
2026-09-25,2026-09-25T12:21:59.000000Z,26054435,0x63ce4779b54d5ea876fbb8e0941e36c85f4dc019fd2c2083a3c037d9230f6f5a,377,fee_distributor_to_agent,0x23ed611be0e1a820978875c0122f92260804cddf,0x3e40d73eb977dc6a537af587d48316fee66e9c8c,True,42208599269882421874,42.20859926988242,0x5f4eC3Df9cbd43714FE2740f5E3616155c5b8419,129127208515966895352,2687.3133695,1790338703,216,0x86392dC19c0b719886221c78AB11eb8Cf5c52812,36893488147419104139,0.9998655418042128,1790311955,26964,113412.48183747464,
2026-09-26,2026-09-26T12:22:11.000000Z,26061596,0x31ca915988575510421615f9e2da1936121aa0760200e9d8ccaacf4be5c4d054,89,fee_distributor_to_agent,0x23ed611be0e1a820978875c0122f92260804cddf,0x3e40d73eb977dc6a537af587d48316fee66e9c8c,True,40514281185112816772,40.514281185112814,0x5f4eC3Df9cbd43714FE2740f5E3616155c5b8419,129127208515966895384,2689.1174,1790424131,1200,0x86392dC19c0b719886221c78AB11eb8Cf5c52812,36893488147419104140,0.999247191732402,1790398367,26964,108865.64178533775,
2026-09-27,2026-09-27T12:22:35.000000Z,26068765,0xe129cee3c4667bdedc2bcc5251165e149acf4607d0010c76234b3de9a73604a2,24,fee_distributor_to_agent,0x23ed611be0e1a820978875c0122f92260804cddf,0x3e40d73eb977dc6a537af587d48316fee66e9c8c,True,40262194610373441265,40.26219461037344,0x5f4eC3Df9cbd43714FE2740f5E3616155c5b8419,129127208515966895409,2709.3129,1790510483,1272,0x86392dC19c0b719886221c78AB11eb8Cf5c52812,36893488147419104141,0.99986117,1790484779,26976,109067.73926351499,
2026-09-28,2026-09-28T12:22:59.000000Z,26075927,0x9213425c8495526b05db33ec61e83ffe5d0b6ad16e1f196699b5f6031815bcbe,127,fee_distributor_to_agent,0x23ed611be0e1a820978875c0122f92260804cddf,0x3e40d73eb977dc6a537af587d48316fee66e9c8c,True,42965758312201458405,42.96575831220146,0x5f4eC3Df9cbd43714FE2740f5E3616155c5b8419,129127208515966895440,2679.84,1790597207,972,0x86392dC19c0b719886221c78AB11eb8Cf5c52812,36893488147419104142,0.9998080427045147,1790571191,26988,115119.25553173674,
